filename,gold_class,pred_top1,pred_top5,correct
1000_test.jpg,GI,GI,"GI,JA-TEDONG,GA-TEDONG,JI,LI",1
1001_test.jpg,BISAH,BISAH,"BISAH,ADEG-ADEG,CECEK,TALENG,4",1
1002_test.jpg,CECEK,CECEK,"CECEK,TALENG,BISAH,ULU,GANTUNGAN-NA",1
1003_test.jpg,GA,GA,"GA,GU,GANTUNGAN-GA,NA-RAMBAT,JA",1
1004_test.jpg,NANIA,NANIA,"NANIA,IA,NIA,SUKU,PAMADA",1
1005_test.jpg,TU,TU,"TU,TRA,TIA,U,WU",1
1006_test.jpg,MA,MA,"MA,NANIA,8,PA,SA",1
1007_test.jpg,ULU,ULU,"ULU,PEPET,GANTUNGAN-MA,GANTUNGAN-GA,SUKU-KEMBUNG",1
1008_test.jpg,NA-RAMBAT,NA-RAMBAT,"NA-RAMBAT,NA-RAMBAT-TEDONG,GANTUNGAN-NYA,9,GANTUNGAN-BA",1
1009_test.jpg,ADEG-ADEG,ADEG-ADEG,"ADEG-ADEG,SUKU,SURANG,NANIA,TALENG",1
100_test.jpg,BA,BA,"BA,NA-RAMBAT,GANTUNGAN-BA,KA,NGA",1
1010_test.jpg,PEPET,PEPET,"PEPET,ULU,GANTUNGAN-MA,GANTUNGAN-KA,GANTUNGAN-GA",1
1011_test.jpg,TEDONG,TEDONG,"TEDONG,ADEG-ADEG,GU,GA,RA",1
1012_test.jpg,WA,WA,"WA,0,PA,GUWUNG-MACELEK,SUKU-KEMBUNG",1
1013_test.jpg,WA,WA,"WA,WA-TEDONG,LA-TEDONG,GANTUNGAN-TA,CA",1
1014_test.jpg,SUKU,SUKU,"SUKU,GANTUNGAN-NA,NANIA,PU,SUKU-KEMBUNG",1
1015_test.jpg,A,A,"A,U,TA,NA-RAMBAT,GA",1
1016_test.jpg,TU,TU,"TU,TRA,MU,BU,U",1
1017_test.jpg,SA-SAGA,SA-SAGA,"SA-SAGA,GA,KA,LA,JA",1
1018_test.jpg,KA,KA,"KA,KU,GANTUNGAN-KA,SA,BA",1
1019_test.jpg,LI,LI,"LI,PI,7,GI,SI",1
101_test.jpg,NA,NA,"NA,BA-KEMBANG,DA,GANTUNGAN-KA,GI",1
1020_test.jpg,GA,GA,"GA,GANTUNGAN-GA,SA-SAGA,GU,LA",1
1021_test.jpg,GANTUNGAN-TA-LATIK,GANTUNGAN-TA-LATIK,"GANTUNGAN-TA-LATIK,GANTUNGAN-TA,GANTUNGAN-MA,GANTUNGAN-JA,MA",1
1022_test.jpg,TALENG,TALENG,"TALENG,U,RU,JU,TU",1
1023_test.jpg,WI,WI,"WI,DI,JI,WUA,NGI",1
1024_test.jpg,KA,KA,"KA,NA-RAMBAT,KU,TA,KA-TEDONG",1
1025_test.jpg,BISAH,BISAH,"BISAH,4,GANTUNGAN-NA,CECEK,RI",1
1026_test.jpg,KA,KA,"KA,KA-TEDONG,GANTUNGAN-KA,KU,NA-RAMBAT",1
1027_test.jpg,TALENG,TALENG,"TALENG,BISAH,GANTUNGAN-NA,ADEG-ADEG,JU",1
1028_test.jpg,NA,NA,"NA,GANTUNGAN-KA,NA-TEDONG,KA,MA",1
1029_test.jpg,LA,LA,"LA,GANTUNGAN-LA,7,GA-TEDONG,GUWUNG-MACELEK",1
102_test.jpg,NGA,NYA,"NYA,GANTUNGAN-NYA,NA-RAMBAT,GANTUNGAN-NGA,BA",0
1030_test.jpg,JA,JA,"JA,DA,GANTUNGAN-KA,6,JA-TEDONG",1
1031_test.jpg,MU,MU,"MU,PU,WU,LU,SU",1
1032_test.jpg,MI,MI,"MI,SI,NU,WI,PI",1
1033_test.jpg,YA,YA,"YA,9,YA-TEDONG,LA,A",1
1034_test.jpg,TEDONG,TEDONG,"TEDONG,GANTUNGAN-GA,ULU,GA,SUKU-ILUT",1
1035_test.jpg,BA,BA,"BA,KA,A,NGA,1",1
1036_test.jpg,SUKU,SUKU,"SUKU,SUKU-KEMBUNG,TEDONG,PU,NANIA",1
1037_test.jpg,TEDONG,TEDONG,"TEDONG,0,ULU-SARI,4,SUKU-ILUT",1
1038_test.jpg,RA,RA,"RA,RU,RA-TEDONG,NGA,MA",1
1039_test.jpg,GA,GA,"GA,1,GI,GANTUNGAN-GA,GA-TEDONG",1
103_test.jpg,SA,SA,"SA,GANTUNGAN-LA,LA,CA,GANTUNGAN-TA",1
1040_test.jpg,KA,GANTUNGAN-KA,"GANTUNGAN-KA,KA,ULU-RICEM,KA-TEDONG,SA-SAGA",0
1041_test.jpg,WA,WA,"WA,GANTUNGAN-TA,WI,TA-TAWA,0",1
1042_test.jpg,TEDONG,TEDONG,"TEDONG,ULU,ULU-SARI,GU,ADEG-ADEG",1
1043_test.jpg,NGI,NGI,"NGI,BI,JI,NI,TI",1
1044_test.jpg,GI,GI,"GI,JI,RI,DU,LA-LENGA",1
1045_test.jpg,A,A,"A,U,GANTUNGAN-A,NGA,YA",1
1046_test.jpg,U,U,"U,LU,YU,SU,TU",1
1047_test.jpg,NA,NA,"NA,BA-KEMBANG,DA,MA,GANTUNGAN-KA",1
1048_test.jpg,NA,NA,"NA,CA,GANTUNGAN-KA,DA,KA",1
1049_test.jpg,MA,MA,"MA,NANIA,GEMPELAN-SA-SAPA,MA-TEDONG,GEMPELAN-PA",1
104_test.jpg,TU,TU,"TU,RU,U,TRA,WU",1
1050_test.jpg,RA,RA,"RA,WA,GANTUNGAN-TA,RA-TEDONG,GEMPELAN-PA",1
1051_test.jpg,TEDONG,TEDONG,"TEDONG,GU,SUKU,ADEG-ADEG,GNA",1
1052_test.jpg,A,A,"A,U,GANTUNGAN-A,LA,GANTUNGAN-GA",1
1053_test.jpg,TALENG,TALENG,"TALENG,CECEK,SUKU,TEDONG,ADEG-ADEG",1
1054_test.jpg,NGA,NGA,"NGA,GANTUNGAN-NGA,A,GANTUNGAN-BA,NA-RAMBAT",1
1055_test.jpg,KU,KU,"KU,KRA,NIA,KNA,NU",1
1056_test.jpg,TEDONG,TEDONG,"TEDONG,RA,ULU-RICEM,ULU-SARI,GANTUNGAN-KA",1
1057_test.jpg,NING,NING,"NING,KNA,KI,JNA,NI",1
1058_test.jpg,SURANG,SURANG,"SURANG,TALENG,ADEG-ADEG,BISAH,SUKU",1
1059_test.jpg,TA,TA,"TA,TU,KA,BA,GANTUNGAN-TA",1
105_test.jpg,SURANG,SURANG,"SURANG,CECEK,GANTUNGAN-TA-LATIK,GANTUNGAN-JA,GANTUNGAN-NA",1
1060_test.jpg,SA,SA,"SA,LA,SU,7,CA",1
1061_test.jpg,JA,JA,"JA,RA,6,SA-SAGA,JU",1
1062_test.jpg,JA,JA,"JA,JU,BISAH,KU,RA",1
1063_test.jpg,3,3,"3,I-KARA,JA-TEDONG,2,A-KARA",1
1064_test.jpg,NGA,NGA,"NGA,A,GANTUNGAN-NGA,6,I-KARA",1
1065_test.jpg,LA,LA,"LA,SA,7,GANTUNGAN-LA,NIA",1
1066_test.jpg,SURANG,SURANG,"SURANG,TALENG,GANTUNGAN-TA-LATIK,GANTUNGAN-MA,GANTUNGAN-NA",1
1067_test.jpg,RA,RA,"RA,WA,RA-TEDONG,ADEG-ADEG,NGA",1
1068_test.jpg,YA,YA,"YA,9,SA,LA,A",1
1069_test.jpg,JA,JA,"JA,JU,RA,DU,6",1
106_test.jpg,A-KARA,A-KARA,"A-KARA,CA,SA,DA-MADU,MA",1
1070_test.jpg,LU,LU,"LU,YU,U,BU,SU",1
1071_test.jpg,MA,MA,"MA,SA-SAPA,PA,A-KARA,MA-TEDONG",1
1072_test.jpg,SURANG,SURANG,"SURANG,CECEK,GANTUNGAN-JA,GUWUNG,PEPET",1
1073_test.jpg,ADEG-ADEG,ADEG-ADEG,"ADEG-ADEG,RA,TALENG,2,RU",1
1074_test.jpg,SUKU,SUKU,"SUKU,ADEG-ADEG,NANIA,RU,SI",1
1075_test.jpg,LA,LA,"LA,GANTUNGAN-LA,GANTUNGAN-GA,GA-TEDONG,7",1
1076_test.jpg,ULU,ULU,"ULU,GANTUNGAN-MA,GANTUNGAN-GA,0,PEPET",1
1077_test.jpg,MA,MA,"MA,SA-SAPA,MA-TEDONG,PA,PI",1
1078_test.jpg,NI,NI,"NI,DI,SI,NING,KI",1
1079_test.jpg,NYA,GANTUNGAN-NYA,"GANTUNGAN-NYA,NA-RAMBAT-TEDONG,NYA,YA-TEDONG,BA",0
107_test.jpg,TA,TA,"TA,TU,KA,NA-RAMBAT,BA",1
1080_test.jpg,TEDONG,TEDONG,"TEDONG,ULU,CECEK,GANTUNGAN-GA,GU",1
1081_test.jpg,ADEG-ADEG,ADEG-ADEG,"ADEG-ADEG,SUKU,NANIA,RU,GNA",1
1082_test.jpg,BRA,BRA,"BRA,GRA,TRA,KRA,GUWUNG-MACELEK",1
1083_test.jpg,LA,LA,"LA,GANTUNGAN-LA,GANTUNGAN-GA,GA-TEDONG,7",1
1084_test.jpg,DA,DA,"DA,BA-KEMBANG,NA,DA-MADU,6",1
1085_test.jpg,BISAH,BISAH,"BISAH,4,CECEK,GANTUNGAN-NA,TALENG",1
1086_test.jpg,ADEG-ADEG,ADEG-ADEG,"ADEG-ADEG,5,NU,RI,GNA",1
1087_test.jpg,GANTUNGAN-DA,GANTUNGAN-A,"GANTUNGAN-A,GANTUNGAN-GA,GANTUNGAN-DA,6,A",0
1088_test.jpg,MA-TEDONG,MA-TEDONG,"MA-TEDONG,MA,A-KARA,DA,GANTUNGAN-TA-TAWA",1
1089_test.jpg,WA,WA,"WA,SUKU-KEMBUNG,WA-TEDONG,WI,GRA",1
108_test.jpg,6,GANTUNGAN-A,"GANTUNGAN-A,6,GANTUNGAN-DA,GANTUNGAN-TA,A",0
1090_test.jpg,TU,TU,"TU,WU,KU,U,2",1
1091_test.jpg,BISAH,BISAH,"BISAH,TALENG,4,JU,ADEG-ADEG",1
1092_test.jpg,LA,GANTUNGAN-LA,"GANTUNGAN-LA,GANTUNGAN-DA,LA,7,SA",0
1093_test.jpg,BISAH,BISAH,"BISAH,JU,TALENG,MU,4",1
1094_test.jpg,TU,TU,"TU,WU,U,TIA,KU",1
1095_test.jpg,WI,WI,"WI,MI,RI,NGI,WUA",1
1096_test.jpg,KA,KA,"KA,KU,NA-RAMBAT,LA,KA-TEDONG",1
1097_test.jpg,ULU,RA-TEDONG,"RA-TEDONG,ADEG-ADEG,RA,WU,TA-TEDONG",0
1098_test.jpg,SUKU,TALENG,"TALENG,SUKU,WU,2,RU",0
1099_test.jpg,KA,KA,"KA,KA-TEDONG,NA-RAMBAT,GANTUNGAN-BA,BA",1
109_test.jpg,TALENG,TALENG,"TALENG,SUKU,GU,ADEG-ADEG,RU",1
10_test.jpg,TA,TA,"TA,TU,GANTUNGAN-TA,TA-TEDONG,TI",1
1100_test.jpg,NANIA,NANIA,"NANIA,IA,SUKU,SU,NIA",1
1101_test.jpg,A,GA,"GA,A,SA-SAGA,BA,GANTUNGAN-GA",0
1102_test.jpg,A,A,"A,NA-RAMBAT,U,LA,BA",1
1103_test.jpg,CECEK,CECEK,"CECEK,BISAH,ULU,TALENG,TEDONG",1
1104_test.jpg,LA,LA,"LA,GANTUNGAN-LA,GA-TEDONG,7,GA",1
1105_test.jpg,CECEK,CECEK,"CECEK,BISAH,ULU,TEDONG,ADEG-ADEG",1
1106_test.jpg,CECEK,CECEK,"CECEK,SURANG,ULU,GANTUNGAN-NA,TALENG",1
1107_test.jpg,PA,PA,"PA,WA,GEMPELAN-PA,MA,MA-TEDONG",1
1108_test.jpg,KU,KU,"KU,GU,NA-RAMBAT,U,TU",1
1109_test.jpg,LA,LA,"LA,GANTUNGAN-LA,7,LU,YA",1
110_test.jpg,GUWUNG,GUWUNG,"GUWUNG,GUWUNG-MACELEK,SUKU-KEMBUNG,GANTUNGAN-LA,NANIA",1
1110_test.jpg,PEPET,GANTUNGAN-GA,"GANTUNGAN-GA,TEDONG,ULU,PEPET,GANTUNGAN-A",0
1111_test.jpg,TA,GANTUNGAN-BA,"GANTUNGAN-BA,GANTUNGAN-LA,NANIA,GUWUNG-MACELEK,ULU-CANDRA",0
1112_test.jpg,PEPET,PEPET,"PEPET,GANTUNGAN-GA,GANTUNGAN-MA,GANTUNGAN-DA,GA",1
1113_test.jpg,SURANG,SURANG,"SURANG,GUWUNG,GANTUNGAN-TA-LATIK,GANTUNGAN-JA,GANTUNGAN-DA",1
1114_test.jpg,DA,DA,"DA,DA-MADU,NA,TA-TAWA,BA-KEMBANG",1
1115_test.jpg,LA,LA,"LA,GANTUNGAN-LA,7,SA,GA-TEDONG",1
1116_test.jpg,MA,NANIA,"NANIA,PA,MA,SUKU-KEMBUNG,8",0
1117_test.jpg,KU,KU,"KU,KA,KRA,KNA,NIA",1
1118_test.jpg,BA,BA,"BA,NA-RAMBAT,BU,1,GANTUNGAN-BA",1
1119_test.jpg,CECEK,CECEK,"CECEK,ULU,TEDONG,4,TALENG",1
111_test.jpg,LA,LA,"LA,7,GANTUNGAN-GA,GA-TEDONG,GANTUNGAN-LA",1
1120_test.jpg,DA,6,"6,DA,WA,WI,TA-TAWA",0
1121_test.jpg,SUKU,SUKU,"SUKU,I,NANIA,GEMPELAN-PA,SUKU-KEMBUNG",1
1122_test.jpg,SA,SA,"SA,CA,GANTUNGAN-LA,7,LA",1
1123_test.jpg,TEDONG,TEDONG,"TEDONG,ULU,ADEG-ADEG,GU,CECEK",1
1124_test.jpg,DA-TEDONG,DA-TEDONG,"DA-TEDONG,NA-TEDONG,NA-RAMBAT,YA-TEDONG,KA-TEDONG",1
1125_test.jpg,DA,DA,"DA,NA,DA-MADU,BA-KEMBANG,JA",1
1126_test.jpg,ADEG-ADEG,ADEG-ADEG,"ADEG-ADEG,RA,5,RA-TEDONG,RI",1
1127_test.jpg,TA,TA,"TA,BA,TU,KA,TA-TEDONG",1
1128_test.jpg,SA,SA,"SA,CA,LA,7,KA",1
1129_test.jpg,JA,JA,"JA,BISAH,4,KU,LU",1
112_test.jpg,WA-TEDONG,WA-TEDONG,"WA-TEDONG,LA-TEDONG,TA-TEDONG,MA-TEDONG,A-TEDONG",1
1130_test.jpg,KA,KA,"KA,SA-SAGA,GA,NA-RAMBAT,KA-TEDONG",1
1131_test.jpg,LA,LA,"LA,GANTUNGAN-LA,GA,7,GANTUNGAN-GA",1
1132_test.jpg,BA,BA,"BA,GANTUNGAN-NGA,NYA,RA-TEDONG,GANTUNGAN-BA",1
1133_test.jpg,CECEK,CECEK,"CECEK,BISAH,ADEG-ADEG,TALENG,ULU",1
1134_test.jpg,LA,LA,"LA,SA,7,GANTUNGAN-LA,YA",1
1135_test.jpg,SUKU-KEMBUNG,GUWUNG,"GUWUNG,SUKU-KEMBUNG,PA,WA,0",0
1136_test.jpg,KA,KA,"KA,KA-TEDONG,GANTUNGAN-BA,KI,GANTUNGAN-KA",1
1137_test.jpg,GUWUNG,GUWUNG,"GUWUNG,SURANG,GUWUNG-MACELEK,GANTUNGAN-MA,GANTUNGAN-LA",1
1138_test.jpg,KU,KU,"KU,KRA,NIA,KNA,NU",1
1139_test.jpg,BISAH,BISAH,"BISAH,4,CECEK,TALENG,JU",1
113_test.jpg,PEPET,PEPET,"PEPET,ULU-SARI,GANTUNGAN-MA,ULU,SA-SAGA",1
1140_test.jpg,KU,KU,"KU,NU,NIA,KRA,SU",1
1141_test.jpg,JA,JA,"JA,4,ULU,6,BISAH",1
1142_test.jpg,SA,NANIA,"NANIA,GUWUNG,PA,GANTUNGAN-LA,GUWUNG-MACELEK",0
1143_test.jpg,GANTUNGAN-LA,GANTUNGAN-LA,"GANTUNGAN-LA,7,LA,GUWUNG-MACELEK,GANTUNGAN-BA",1
1144_test.jpg,KRA,KRA,"KRA,TRA,BRA,GRA,NIA",1
1145_test.jpg,MA,MA,"MA,NANIA,GEMPELAN-SA-SAPA,SA-SAPA,NIA",1
1146_test.jpg,WA,GANTUNGAN-TA,"GANTUNGAN-TA,RA,WA,TALENG,WU",0
1147_test.jpg,CECEK,CECEK,"CECEK,ULU,SURANG,TALENG,GANTUNGAN-NA",1
1148_test.jpg,RA,RA,"RA,GANTUNGAN-A,WA,MA,RA-TEDONG",1
1149_test.jpg,1,1,"1,NYA,LA,LI,9",1
114_test.jpg,SA,SA,"SA,CA,7,PA,GANTUNGAN-LA",1
1150_test.jpg,WA,WA,"WA,PA,0,GANTUNGAN-TA,GEMPELAN-PA",1
1151_test.jpg,PA,PA,"PA,SA,GEMPELAN-PA,8,LA",1
1152_test.jpg,PEPET,PEPET,"PEPET,GANTUNGAN-MA,SUKU-KEMBUNG,ULU,GANTUNGAN-TA-TAWA",1
1153_test.jpg,DA,NA,"NA,DA,BA-KEMBANG,DA-MADU,I-KARA",0
1154_test.jpg,GEMPELAN-SA-SAPA,A-KARA,"A-KARA,NA,GEMPELAN-SA-SAPA,9,SA",0
1155_test.jpg,NGA,NGA,"NGA,A,GANTUNGAN-NGA,7,GANTUNGAN-BA",1
1156_test.jpg,PEPET,PEPET,"PEPET,GANTUNGAN-MA,ULU,6,DA",1
1157_test.jpg,BA,BA,"BA,NYA,GANTUNGAN-BA,1,GANTUNGAN-NGA",1
1158_test.jpg,A,A,"A,U,WA-TEDONG,LA,GANTUNGAN-CA",1
1159_test.jpg,SURANG,SURANG,"SURANG,GANTUNGAN-NA,GANTUNGAN-TA-LATIK,GANTUNGAN-MA,CECEK",1
115_test.jpg,A,A,"A,DA,U,NGA,I",1
1160_test.jpg,DA,DA,"DA,BA-KEMBANG,DA-MADU,NA,DA-TEDONG",1
1161_test.jpg,NA,NA,"NA,GANTUNGAN-KA,DA,GANTUNGAN-NA,JA",1
1162_test.jpg,CECEK,CECEK,"CECEK,TALENG,BISAH,ULU,SUKU",1
1163_test.jpg,YA,YA,"YA,9,DA-MADU,DA,NGA",1
1164_test.jpg,WA,WA,"WA,PA,WI,TA-TAWA,A",1
1165_test.jpg,2,2,"2,NGU,BU,LA-LENGA,I-KARA",1
1166_test.jpg,GEMPELAN-PA,0,"0,GEMPELAN-PA,PA,GUWUNG,SUKU-ILUT",0
1167_test.jpg,PEPET,PEPET,"PEPET,GANTUNGAN-MA,6,GANTUNGAN-DA,ULU",1
1168_test.jpg,LA,LA,"LA,GANTUNGAN-LA,GANTUNGAN-GA,GA-TEDONG,PA",1
1169_test.jpg,GANTUNGAN-KA,GANTUNGAN-KA,"GANTUNGAN-KA,GANTUNGAN-TA,KA,KA-TEDONG,NA",1
116_test.jpg,TEDONG,TEDONG,"TEDONG,GU,SUKU-ILUT,SUKU,ADEG-ADEG",1
1170_test.jpg,MA,MA,"MA,SA-SAPA,PA,MA-TEDONG,SA",1
1171_test.jpg,SUKU-KEMBUNG,SUKU-KEMBUNG,"SUKU-KEMBUNG,GUWUNG,BRA,GRA,ULU",1
1172_test.jpg,GANTUNGAN-NGA,1,"1,NGA,2,A,I-KARA",0
1173_test.jpg,BA,BA,"BA,NGA,GANTUNGAN-BA,GANTUNGAN-NGA,1",1
1174_test.jpg,I,I,"I,KNA,TI,SA,BI",1
1175_test.jpg,PA,PA,"PA,8,GEMPELAN-SA-SAPA,GEMPELAN-PA,GANTUNGAN-TA-LATIK",1
1176_test.jpg,TALENG,TALENG,"TALENG,ADEG-ADEG,BISAH,2,NGU",1
1177_test.jpg,PEPET,PEPET,"PEPET,GANTUNGAN-MA,SUKU-KEMBUNG,GANTUNGAN-GA,GANTUNGAN-DA",1
1178_test.jpg,BISAH,BISAH,"BISAH,CECEK,TALENG,4,ULU",1
1179_test.jpg,GA,GA,"GA,GANTUNGAN-GA,LA,TA,BA",1
117_test.jpg,MA,MA,"MA,WA,PI,WI,PA",1
1180_test.jpg,RA,RA,"RA,GANTUNGAN-TA,GANTUNGAN-KA,RA-TEDONG,WA",1
1181_test.jpg,GANTUNGAN-DA,GANTUNGAN-DA,"GANTUNGAN-DA,GANTUNGAN-JA,E-KARA,GANTUNGAN-A,6",1
1182_test.jpg,A,A,"A,U,NA-RAMBAT,TA,GA",1
1183_test.jpg,SA,SA,"SA,9,A-KARA,YA,DA-MADU",1
1184_test.jpg,WI,WI,"WI,DI,MA-TEDONG,PI,NGI",1
1185_test.jpg,PA,PA,"PA,8,MA,GEMPELAN-SA-SAPA,SA",1
1186_test.jpg,SUKU,SUKU,"SUKU,NANIA,PU,MU,SU",1
1187_test.jpg,SURANG,SURANG,"SURANG,GANTUNGAN-MA,GUWUNG,GANTUNGAN-TA-LATIK,PEPET",1
1188_test.jpg,TALENG,TALENG,"TALENG,ADEG-ADEG,BISAH,SUKU,GU",1
1189_test.jpg,TU,TU,"TU,TIA,WU,TRA,MU",1
118_test.jpg,TU,TU,"TU,WU,TIA,2,KU",1
1190_test.jpg,SA,SA,"SA,A-KARA,SI,9,7",1
1191_test.jpg,JA,JU,"JU,DU,YU,BRA,NU",0
1192_test.jpg,ULU,CECEK,"CECEK,ULU,RA,GANTUNGAN-TA,GANTUNGAN-NA",0
1193_test.jpg,TA,TA,"TA,TA-TEDONG,BA,TU,TI",1
1194_test.jpg,TA,TA,"TA,TU,A,BA,TI",1
1195_test.jpg,DA,DA,"DA,6,BA-KEMBANG,TA-TAWA,GANTUNGAN-A",1
1196_test.jpg,NGA,NGA,"NGA,A,KA-TEDONG,GANTUNGAN-NGA,DA-TEDONG",1
1197_test.jpg,RA,RA,"RA,RA-TEDONG,GANTUNGAN-A,MA,MA-TEDONG",1
1198_test.jpg,WA,WA,"WA,WI,0,5,GANTUNGAN-JA",1
1199_test.jpg,BISAH,BISAH,"BISAH,JA,NU,4,JU",1
119_test.jpg,BA,BA,"BA,NA-RAMBAT,A,1,GANTUNGAN-BA",1
11_test.jpg,NING,NING,"NING,KI,SI,NI,A-KARA",1
1200_test.jpg,NGA,NGA,"NGA,A,TA-TAWA,GANTUNGAN-NGA,SA-SAPA",1
1201_test.jpg,PEPET,PEPET,"PEPET,GANTUNGAN-DA,GANTUNGAN-GA,ULU,GANTUNGAN-KA",1
1202_test.jpg,MA,MA,"MA,SA-SAPA,MA-TEDONG,A-KARA,PA",1
1203_test.jpg,TALENG,TALENG,"TALENG,ADEG-ADEG,BISAH,GU,NANIA",1
1204_test.jpg,GUWUNG,GUWUNG,"GUWUNG,GUWUNG-MACELEK,GANTUNGAN-LA,GANTUNGAN-MA,NANIA",1
1205_test.jpg,BISAH,BISAH,"BISAH,CECEK,SUKU-ILUT,4,TEDONG",1
1206_test.jpg,A,A,"A,U,LA,GA,TA",1
1207_test.jpg,TALENG,TALENG,"TALENG,DU,CECEK,SUKU,WU",1
1208_test.jpg,BA,1,"1,TI,LA,BA,GANTUNGAN-BA",0
1209_test.jpg,WA,WA,"WA,PA,MA,GANTUNGAN-TA,WI",1
120_test.jpg,TA,TA,"TA,TU,BA,WA,TRA",1
1210_test.jpg,JA-TEDONG,JA-TEDONG,"JA-TEDONG,DA-TEDONG,WA-TEDONG,RA-TEDONG,GUWUNG-MACELEK",1
1211_test.jpg,PA,PA,"PA,8,GEMPELAN-PA,SA,SA-SAPA",1
1212_test.jpg,TEDONG,TEDONG,"TEDONG,ULU,GU,0,SUKU-ILUT",1
1213_test.jpg,TEDONG,TEDONG,"TEDONG,ULU,0,GANTUNGAN-GA,GU",1
1214_test.jpg,DA,DA,"DA,PEPET,E-KARA,NA,JA",1
1215_test.jpg,PEPET,PEPET,"PEPET,6,ULU,GANTUNGAN-MA,GANTUNGAN-JA",1
1216_test.jpg,U,U,"U,YU,NGU,DU,LU",1
1217_test.jpg,3,3,"3,NANIA,2,GUWUNG-MACELEK,GANTUNGAN-DA",1
1218_test.jpg,GUWUNG-MACELEK,ULU-CANDRA,"ULU-CANDRA,GUWUNG-MACELEK,GANTUNGAN-TA-LATIK,8,SA-SAPA",0
1219_test.jpg,TUA,TUA,"TUA,NANIA,TRA,WUA,TIA",1
121_test.jpg,PA,PA,"PA,LA,SA,8,GUWUNG-MACELEK",1
1220_test.jpg,MA,MA,"MA,SA,PA,GEMPELAN-SA-SAPA,GANTUNGAN-TA",1
1221_test.jpg,LA,LA,"LA,GANTUNGAN-LA,7,LU,GANTUNGAN-BA",1
1222_test.jpg,BI,I,"I,SUKU,JI,SI,RI",0
1223_test.jpg,NANIA,NANIA,"NANIA,IA,NIA,TIA,TUA",1
1224_test.jpg,LA,LA,"LA,GANTUNGAN-LA,7,GANTUNGAN-GA,SA",1
1225_test.jpg,KA,KA,"KA,SA,KU,NA-TEDONG,KI",1
1226_test.jpg,TALENG,TALENG,"TALENG,BISAH,ADEG-ADEG,2,RA",1
1227_test.jpg,BISAH,BISAH,"BISAH,TALENG,4,CECEK,JU",1
1228_test.jpg,WI,WI,"WI,PI,DI,8,WRE",1
1229_test.jpg,RA,RA,"RA,RA-TEDONG,RU,MA,MA-TEDONG",1
122_test.jpg,PEPET,PEPET,"PEPET,GANTUNGAN-BA,6,GANTUNGAN-DA,GANTUNGAN-GA",1
1230_test.jpg,ADEG-ADEG,GANTUNGAN-NA,"GANTUNGAN-NA,KNA,5,2,ADEG-ADEG",0
1231_test.jpg,TA,TA,"TA,TU,BA,A,KA",1
1232_test.jpg,BISAH,BISAH,"BISAH,CECEK,4,GANTUNGAN-NA,NU",1
1233_test.jpg,ULU,ULU,"ULU,GANTUNGAN-MA,0,ULU-SARI,SUKU-KEMBUNG",1
1234_test.jpg,MA,MA,"MA,SA-SAPA,PA,GEMPELAN-SA-SAPA,A-KARA",1
1235_test.jpg,SUKU,SUKU,"SUKU,CECEK,NANIA,PU,MU",1
1236_test.jpg,WA,WA,"WA,0,PA,GANTUNGAN-TA,WI",1
1237_test.jpg,LA,LA,"LA,GANTUNGAN-LA,GA-TEDONG,GANTUNGAN-GA,7",1
1238_test.jpg,LA,LA,"LA,GANTUNGAN-LA,7,GA-TEDONG,SA",1
1239_test.jpg,PA,PA,"PA,WA,GEMPELAN-PA,SA,8",1
123_test.jpg,LA,LA,"LA,GA,GANTUNGAN-LA,A,GUWUNG-MACELEK",1
1240_test.jpg,NANIA,NANIA,"NANIA,NIA,IA,PAMADA,PI",1
1241_test.jpg,NANIA,NANIA,"NANIA,IA,NIA,PU,TUA",1
1242_test.jpg,WA,WA,"WA,PA,A,TA-TAWA,GANTUNGAN-TA",1
1243_test.jpg,KU,KNA,"KNA,SU,NIA,NU,SI",0
1244_test.jpg,TALENG,TALENG,"TALENG,GU,BISAH,RA,CECEK",1
1245_test.jpg,TU,TU,"TU,KU,TIA,BU,WU",1
1246_test.jpg,BISAH,BISAH,"BISAH,ADEG-ADEG,TALENG,SURANG,4",1
1247_test.jpg,DA,DA-MADU,"DA-MADU,DA,BA-KEMBANG,9,DA-TEDONG",0
1248_test.jpg,RA,RA,"RA,RU,NGA,GU,RA-TEDONG",1
1249_test.jpg,DA,DA,"DA,BA-KEMBANG,I-KARA,GANTUNGAN-A,6",1
124_test.jpg,PEPET,PEPET,"PEPET,GANTUNGAN-GA,GANTUNGAN-MA,GA,ULU",1
1250_test.jpg,WA,WA,"WA,GANTUNGAN-TA,WI,CA,GRA",1
1251_test.jpg,SA-SAGA,SA-SAGA,"SA-SAGA,KU,JA,KNA,GU",1
1252_test.jpg,MU,MA,"MA,SA-SAPA,MU,8,GANTUNGAN-MA",0
1253_test.jpg,NGA,NGA,"NGA,YA-TEDONG,A,DA-MADU,WA-TEDONG",1
1254_test.jpg,KA,KA,"KA,NA-RAMBAT,KA-TEDONG,TA,GANTUNGAN-KA",1
1255_test.jpg,JA,JA,"JA,PEPET,GANTUNGAN-MA,GANTUNGAN-GA,6",1
1256_test.jpg,A,A,"A,U,LA,TA,JA",1
1257_test.jpg,LA,LA,"LA,7,PA,GUWUNG-MACELEK,GANTUNGAN-LA",1
1258_test.jpg,YA,NGA,"NGA,YA,9,7,LA",0
1259_test.jpg,SUKU-ILUT,SUKU-ILUT,"SUKU-ILUT,4,BISAH,TEDONG,GUWUNG-MACELEK",1
125_test.jpg,BA,BA,"BA,GANTUNGAN-BA,NA-RAMBAT,1,BU",1
1260_test.jpg,JA,JA,"JA,RA,BISAH,JU,GANTUNGAN-KA",1
1261_test.jpg,ADEG-ADEG,ADEG-ADEG,"ADEG-ADEG,TALENG,GNA,RI,NANIA",1
1262_test.jpg,SUKU,SUKU,"SUKU,MU,GANTUNGAN-NA,ADEG-ADEG,5",1
1263_test.jpg,BA,BU,"BU,BA,1,NA-RAMBAT,U",0
1264_test.jpg,BA,BA,"BA,GANTUNGAN-BA,1,NA-RAMBAT,GANTUNGAN-NGA",1
1265_test.jpg,MA,MA,"MA,SA-SAPA,MA-TEDONG,A-KARA,GEMPELAN-SA-SAPA",1
1266_test.jpg,KA,KA,"KA,KU,NA-RAMBAT,A,BA",1
1267_test.jpg,PA,WA,"WA,PA,0,GANTUNGAN-TA,MA",0
1268_test.jpg,A,A,"A,U,LA,SA-SAGA,GA",1
1269_test.jpg,PEPET,PEPET,"PEPET,GANTUNGAN-MA,GANTUNGAN-GA,ULU,SUKU-KEMBUNG",1
126_test.jpg,GA,GA,"GA,NA-RAMBAT,TA,KA,BA",1
1270_test.jpg,SA,SA,"SA,CA,LA,YA,GANTUNGAN-LA",1
1271_test.jpg,KA,KA,"KA,NA-RAMBAT,KU,TA,KA-TEDONG",1
1272_test.jpg,TA-TEDONG,TA-TEDONG,"TA-TEDONG,A-TEDONG,WA-TEDONG,TA,TI",1
1273_test.jpg,MA,MA,"MA,SA-SAPA,A-KARA,GEMPELAN-SA-SAPA,PI",1
1274_test.jpg,ADEG-ADEG,ADEG-ADEG,"ADEG-ADEG,5,GNA,RI,I-KARA",1
1275_test.jpg,ULU,GANTUNGAN-GA,"GANTUNGAN-GA,TEDONG,PEPET,GA,ULU-SARI",0
1276_test.jpg,KI,KI,"KI,KA,NI,KA-TEDONG,1",1
1277_test.jpg,TEDONG,CECEK,"CECEK,TEDONG,ULU,BISAH,TALENG",0
1278_test.jpg,YA,YA,"YA,GANTUNGAN-CA,SA,A,9",1
1279_test.jpg,GI,GI,"GI,JI,KI,LA-LENGA,TI",1
127_test.jpg,TALENG,TALENG,"TALENG,U,NGU,2,RU",1
1280_test.jpg,NANIA,NANIA,"NANIA,PAMADA,TIA,IA,NIA",1
1281_test.jpg,YA,YA,"YA,LA,GANTUNGAN-TA-LATIK,9,A",1
1282_test.jpg,TA,TA,"TA,TU,NA-RAMBAT,A,BA",1
1283_test.jpg,LA,LA,"LA,GANTUNGAN-GA,GANTUNGAN-LA,GA-TEDONG,GA",1
1284_test.jpg,SA,SA,"SA,CA,LA,GANTUNGAN-LA,7",1
1285_test.jpg,3,3,"3,U-KARA,I-KARA,GANTUNGAN-DA,6",1
1286_test.jpg,TA,TA,"TA,TU,BA,A,NA-RAMBAT",1
1287_test.jpg,ADEG-ADEG,ADEG-ADEG,"ADEG-ADEG,SURANG,TALENG,BISAH,SUKU",1
1288_test.jpg,SUKU,WU,"WU,RU,5,MU,CU",0
1289_test.jpg,SURANG,SURANG,"SURANG,GANTUNGAN-NA,GANTUNGAN-MA,GUWUNG,TALENG",1
128_test.jpg,NA,NA,"NA,GANTUNGAN-KA,DA,KA,MA",1
1290_test.jpg,NA,NA,"NA,BA-KEMBANG,DA,JA,GANTUNGAN-KA",1
1291_test.jpg,SA,SA,"SA,CA,GANTUNGAN-TA,LA,PA",1
1292_test.jpg,DA,GANTUNGAN-DA,"GANTUNGAN-DA,I,BA-KEMBANG,DI,GANTUNGAN-CA",0
1293_test.jpg,KA,KA,"KA,SA-SAGA,GANTUNGAN-KA,NA,KA-TEDONG",1
1294_test.jpg,GA,GA,"GA,GANTUNGAN-GA,GU,SA-SAGA,JA",1
1295_test.jpg,SUKU,SUKU,"SUKU,ADEG-ADEG,MU,PU,GANTUNGAN-NA",1
1296_test.jpg,SURANG,SURANG,"SURANG,GANTUNGAN-MA,GUWUNG,GANTUNGAN-TA-LATIK,TALENG",1
1297_test.jpg,BA,BA,"BA,NGA,GANTUNGAN-BA,1,A",1
1298_test.jpg,CECEK,CECEK,"CECEK,BISAH,ADEG-ADEG,TALENG,TEDONG",1
1299_test.jpg,TU,TU,"TU,TRA,TIA,BU,RU",1
129_test.jpg,ULU,ULU,"ULU,GANTUNGAN-MA,0,GANTUNGAN-GA,ULU-SARI",1
12_test.jpg,NGA,NGA,"NGA,GANTUNGAN-NGA,A,GANTUNGAN-A,1",1
1300_test.jpg,RA,RA,"RA,GANTUNGAN-A,ULU,TALENG,GANTUNGAN-DA",1
1301_test.jpg,MU,MU,"MU,PU,WU,SU,WUA",1
1302_test.jpg,SA,SA,"SA,CA,LA,7,NA",1
1303_test.jpg,BU,BU,"BU,GU,LU,NGU,U",1
1304_test.jpg,YA,YA,"YA,9,YA-TEDONG,GANTUNGAN-CA,A",1
1305_test.jpg,PEPET,BISAH,"BISAH,JA,E-KARA,PEPET,DA",0
1306_test.jpg,KA,KA,"KA,SA-SAGA,A,BA,KU",1
1307_test.jpg,JA,JA,"JA,JU,DU,NU,E-KARA",1
1308_test.jpg,ADEG-ADEG,ADEG-ADEG,"ADEG-ADEG,RA,5,WU,RU",1
1309_test.jpg,TU,TU,"TU,KU,BU,TRA,U",1
130_test.jpg,JI,JI,"JI,GI,NGI,JA-TEDONG,LA-LENGA",1
1310_test.jpg,SA,SA,"SA,YA,GANTUNGAN-CA,GANTUNGAN-A,GANTUNGAN-DA",1
1311_test.jpg,CECEK,CECEK,"CECEK,BISAH,TALENG,GANTUNGAN-NA,4",1
1312_test.jpg,NA,NA,"NA,GANTUNGAN-KA,KA,DA,CA",1
1313_test.jpg,JA,JA,"JA,JU,RA,BISAH,6",1
1314_test.jpg,NA,NA,"NA,CA,GANTUNGAN-KA,BA-KEMBANG,SA",1
1315_test.jpg,MA,MA,"MA,WA,SA-SAPA,PA,4",1
1316_test.jpg,BISAH,BISAH,"BISAH,TALENG,ADEG-ADEG,4,SUKU",1
1317_test.jpg,PEPET,PEPET,"PEPET,GANTUNGAN-KA,SUKU-KEMBUNG,SUKU,GANTUNGAN-TA",1
1318_test.jpg,YA,YA,"YA,9,SA,GANTUNGAN-CA,ULU-CANDRA",1
1319_test.jpg,LA,LA,"LA,SA,GANTUNGAN-LA,GA,BA",1
131_test.jpg,GANTUNGAN-DA,GANTUNGAN-DA,"GANTUNGAN-DA,U-KARA,GANTUNGAN-LA,E-KARA,GUWUNG",1
1320_test.jpg,ULU,ULU,"ULU,GANTUNGAN-MA,ULU-SARI,0,PEPET",1
1321_test.jpg,CECEK,CECEK,"CECEK,TALENG,SUKU,PU,TEDONG",1
1322_test.jpg,SUKU,SUKU,"SUKU,GANTUNGAN-NA,PU,NANIA,4",1
1323_test.jpg,NANIA,NANIA,"NANIA,IA,SUKU,NIA,TUA",1
1324_test.jpg,BA,KU,"KU,NGA,CU,1,NIA",0
1325_test.jpg,TA,TA,"TA,KA,NA-RAMBAT,BA,A",1
1326_test.jpg,ADEG-ADEG,ADEG-ADEG,"ADEG-ADEG,SUKU,GNA,NANIA,RI",1
1327_test.jpg,MA,MA,"MA,PA,MA-TEDONG,SA,8",1
1328_test.jpg,YA,YA,"YA,ULU-CANDRA,YA-TEDONG,9,GANTUNGAN-TA-LATIK",1
1329_test.jpg,YA,YA,"YA,GANTUNGAN-TA-LATIK,ULU-CANDRA,9,YA-TEDONG",1
132_test.jpg,DI,DI,"DI,NI,SI,NGI,U-KARA",1
1330_test.jpg,MA-TEDONG,MA-TEDONG,"MA-TEDONG,MA,NANIA,RA,RA-TEDONG",1
1331_test.jpg,CECEK,CECEK,"CECEK,BISAH,GANTUNGAN-DA,TALENG,ULU",1
1332_test.jpg,WA,WA,"WA,TA-TAWA,GANTUNGAN-TA,WI,PA",1
1333_test.jpg,WA,WA,"WA,DA,GANTUNGAN-TA,GANTUNGAN-JA,GANTUNGAN-KA",1
1334_test.jpg,CECEK,CECEK,"CECEK,BISAH,ADEG-ADEG,TALENG,RA",1
1335_test.jpg,RA,RA,"RA,CECEK,ULU,GANTUNGAN-TA,TALENG",1
1336_test.jpg,GANTUNGAN-JA,WA,"WA,GANTUNGAN-TA,GANTUNGAN-JA,GANTUNGAN-CA,WA-TEDONG",0
1337_test.jpg,LA,LA-TEDONG,"LA-TEDONG,7,WA,NGA,RA",0
1338_test.jpg,ADEG-ADEG,ADEG-ADEG,"ADEG-ADEG,RU,SUKU,NANIA,RA",1
1339_test.jpg,ADEG-ADEG,BISAH,"BISAH,ADEG-ADEG,TALENG,JU,4",0
133_test.jpg,NA-RAMBAT,NA-RAMBAT,"NA-RAMBAT,A,KA,KU,U",1
1340_test.jpg,TA,TA,"TA,WA,BA,A,KA",1
1341_test.jpg,GANTUNGAN-DA,GANTUNGAN-DA,"GANTUNGAN-DA,GANTUNGAN-A,GANTUNGAN-JA,E-KARA,NA-RAMBAT",1
1342_test.jpg,PEPET,PEPET,"PEPET,GANTUNGAN-MA,DA,GANTUNGAN-TA-LATIK,GANTUNGAN-JA",1
1343_test.jpg,U-KARA,U-KARA,"U-KARA,E-KARA,DA,JI,TA-TAWA",1
1344_test.jpg,BA,BA,"BA,NYA,GANTUNGAN-NGA,NA-RAMBAT,1",1
1345_test.jpg,WA,WA,"WA,0,GANTUNGAN-TA,PA,WI",1
1346_test.jpg,NYA,NYA,"NYA,GANTUNGAN-NYA,NA-RAMBAT-TEDONG,KA-TEDONG,GA-TEDONG",1
1347_test.jpg,NANIA,NANIA,"NANIA,NIA,IA,PU,SUKU",1
1348_test.jpg,LA,LA,"LA,GANTUNGAN-LA,YA,A,8",1
1349_test.jpg,TEDONG,TEDONG,"TEDONG,4,0,CECEK,ULU",1
134_test.jpg,BA,BA,"BA,NA-RAMBAT,GANTUNGAN-BA,A,1",1
1350_test.jpg,ADEG-ADEG,ADEG-ADEG,"ADEG-ADEG,TALENG,RA,SUKU,BISAH",1
1351_test.jpg,NA,NA,"NA,GANTUNGAN-KA,KA,A-KARA,KA-TEDONG",1
1352_test.jpg,DA,DA,"DA,BA-KEMBANG,NA,MA-TEDONG,WA-TEDONG",1
1353_test.jpg,YA,YA,"YA,SA,9,NGA,LA",1
1354_test.jpg,TALENG,TALENG,"TALENG,BISAH,ADEG-ADEG,SURANG,NANIA",1
1355_test.jpg,WA,WA,"WA,TA-TAWA,5,I-KARA,DA",1
1356_test.jpg,TI,TI,"TI,DI,WI,NGI,BI",1
1357_test.jpg,TALENG,TALENG,"TALENG,U,GANTUNGAN-A,GANTUNGAN-DA,I-KARA",1
1358_test.jpg,A,A,"A,U,LA,YA,GANTUNGAN-A",1
1359_test.jpg,ADEG-ADEG,ADEG-ADEG,"ADEG-ADEG,5,RI,NU,GNA",1
135_test.jpg,RA,RA,"RA,GANTUNGAN-TA,WA,GANTUNGAN-A,GANTUNGAN-KA",1
1360_test.jpg,ADEG-ADEG,ADEG-ADEG,"ADEG-ADEG,SURANG,SUKU,NANIA,BISAH",1
1361_test.jpg,PA,PA,"PA,GANTUNGAN-A,A,WA,GEMPELAN-PA",1
1362_test.jpg,CECEK,CECEK,"CECEK,BISAH,TALENG,ULU,GANTUNGAN-NA",1
1363_test.jpg,SA,SA,"SA,LA,MA,GANTUNGAN-LA,KA",1
1364_test.jpg,MA,MA,"MA,LA,GUWUNG-MACELEK,SA-SAPA,GANTUNGAN-TA-TAWA",1
1365_test.jpg,JA,JA,"JA,RA,SA-SAGA,GANTUNGAN-NA,JA-TEDONG",1
1366_test.jpg,DI,DI,"DI,NI,9,DA-TEDONG,SI",1
1367_test.jpg,SA,SA,"SA,CA,A-KARA,GEMPELAN-SA-SAPA,NA",1
1368_test.jpg,KU,KU,"KU,KRA,NIA,KNA,KA",1
1369_test.jpg,YA-TEDONG,YA-TEDONG,"YA-TEDONG,YA,A,A-TEDONG,GANTUNGAN-A",1
136_test.jpg,TEDONG,RA,"RA,RA-TEDONG,TEDONG,2,NA",0
1370_test.jpg,JA,JU,"JU,JA,GU,GRA,BU",0
1371_test.jpg,SURANG,SURANG,"SURANG,GANTUNGAN-TA-LATIK,GUWUNG,GANTUNGAN-JA,GANTUNGAN-MA",1
1372_test.jpg,YA,YA,"YA,ULU-CANDRA,GANTUNGAN-TA-LATIK,9,SA",1
1373_test.jpg,KA,KA,"KA,KA-TEDONG,KU,NA-RAMBAT,SA-SAGA",1
1374_test.jpg,A,A,"A,NA-RAMBAT,TA,BA,U",1
1375_test.jpg,NANIA,NANIA,"NANIA,RU,SUKU,IA,GU",1
1376_test.jpg,TALENG,TALENG,"TALENG,U,NGU,TU,GANTUNGAN-A",1
1377_test.jpg,LA,LA,"LA,GANTUNGAN-GA,GANTUNGAN-LA,GA,GA-TEDONG",1
1378_test.jpg,MA,MA,"MA,PA,SA-SAPA,MA-TEDONG,PI",1
1379_test.jpg,SUKU-ILUT,CECEK,"CECEK,TEDONG,SUKU-ILUT,4,0",0
137_test.jpg,A,A,"A,U,TA,NA-RAMBAT,WA-TEDONG",1
1380_test.jpg,BA,NGA,"NGA,BA,GANTUNGAN-BA,GANTUNGAN-NGA,DA-TEDONG",0
1381_test.jpg,SA-SAGA,SA-SAGA,"SA-SAGA,GA,KA,LA,JA",1
1382_test.jpg,I,I,"I,LI,TI,BI,A",1
1383_test.jpg,LA,LA,"LA,GANTUNGAN-LA,7,SA,GA-TEDONG",1
1384_test.jpg,TRA,TRA,"TRA,NANIA,TUA,TIA,BRA",1
1385_test.jpg,TALENG,TALENG,"TALENG,NGU,TU,BISAH,WU",1
1386_test.jpg,CECEK,CECEK,"CECEK,ADEG-ADEG,TALENG,BISAH,SUKU",1
1387_test.jpg,TALENG,TALENG,"TALENG,RA,WU,NGU,BISAH",1
1388_test.jpg,7,NGA,"NGA,7,1,KU,A",0
1389_test.jpg,SA,SA,"SA,CA,LA,7,GANTUNGAN-TA",1
138_test.jpg,ULU,ULU,"ULU,GANTUNGAN-MA,PEPET,0,ULU-SARI",1
1390_test.jpg,DI,JA,"JA,DA,SA-SAPA,JA-TEDONG,A-KARA",0
1391_test.jpg,LA,LA,"LA,GANTUNGAN-BA,TA,GANTUNGAN-KA,KA",1
1392_test.jpg,BISAH,BISAH,"BISAH,JU,TALENG,MU,JA",1
1393_test.jpg,GEMPELAN-PA,GEMPELAN-PA,"GEMPELAN-PA,PA,8,ULU,PI",1
1394_test.jpg,TA,TA,"TA,GANTUNGAN-TA,TU,A,TA-TEDONG",1
1395_test.jpg,PA,PA,"PA,GUWUNG,GANTUNGAN-TA-LATIK,WA,8",1
1396_test.jpg,KA,KA,"KA,KA-TEDONG,KU,NA-RAMBAT,A",1
1397_test.jpg,TA,A,"A,TA,GANTUNGAN-LA,BA,NA-RAMBAT",0
1398_test.jpg,NIA,NIA,"NIA,NANIA,PAMADA,GUWUNG-MACELEK,KRA",1
1399_test.jpg,SUKU,SUKU,"SUKU,PU,SUKU-KEMBUNG,U,NANIA",1
139_test.jpg,BISAH,BISAH,"BISAH,CECEK,TALENG,ADEG-ADEG,4",1
13_test.jpg,ADEG-ADEG,ADEG-ADEG,"ADEG-ADEG,5,RA,BISAH,GNA",1
1400_test.jpg,SA,SA,"SA,CA,A-KARA,KA,NA",1
1401_test.jpg,TU,TU,"TU,U,WU,TRA,KU",1
1402_test.jpg,TA,TA,"TA,BA,TU,A,KA",1
1403_test.jpg,KA,KA,"KA,GANTUNGAN-KA,KA-TEDONG,KU,NA-RAMBAT",1
1404_test.jpg,YA,YA,"YA,9,LA,A,GANTUNGAN-CA",1
1405_test.jpg,ADEG-ADEG,ADEG-ADEG,"ADEG-ADEG,I,RI,NU,MI",1
1406_test.jpg,NANIA,NANIA,"NANIA,IA,NIA,TUA,PAMADA",1
1407_test.jpg,GA,GA,"GA,LA,PEPET,SA-SAGA,TA",1
1408_test.jpg,ULU,ULU,"ULU,CECEK,TEDONG,TALENG,GU",1
1409_test.jpg,KA,KA,"KA,KA-TEDONG,GANTUNGAN-KA,NA-RAMBAT,KU",1
140_test.jpg,TALENG,BISAH,"BISAH,TALENG,ADEG-ADEG,SUKU,CECEK",0
1410_test.jpg,GANTUNGAN-MA,GANTUNGAN-MA,"GANTUNGAN-MA,PEPET,ULU,SUKU-KEMBUNG,GRA",1
1411_test.jpg,RI,RI,"RI,WI,NGI,JI,GI",1
1412_test.jpg,NGA,NGA,"NGA,GANTUNGAN-NGA,GA-TEDONG,TA-TEDONG,GANTUNGAN-GA",1
1413_test.jpg,TA,TA,"TA,TU,BA,TIA,A",1
1414_test.jpg,TU,TU,"TU,TRA,U,TIA,BU",1
1415_test.jpg,ULU,ULU,"ULU,PEPET,GANTUNGAN-GA,GANTUNGAN-MA,ULU-SARI",1
1416_test.jpg,DA,DA,"DA,BA-KEMBANG,DA-MADU,NA,TA-TAWA",1
1417_test.jpg,BA,BA,"BA,NA-RAMBAT,GANTUNGAN-BA,NYA,1",1
1418_test.jpg,WUA,WUA,"WUA,WRE,TUA,WU,WI",1
1419_test.jpg,RA,RA,"RA,WA,RA-TEDONG,MA,5",1
141_test.jpg,BISAH,BISAH,"BISAH,TALENG,4,CECEK,ADEG-ADEG",1
1420_test.jpg,ADEG-ADEG,ADEG-ADEG,"ADEG-ADEG,I,TI,MI,5",1
1421_test.jpg,NGA,NGA,"NGA,GANTUNGAN-NGA,A,WA-TEDONG,GANTUNGAN-BA",1
1422_test.jpg,RU,RU,"RU,WU,TU,NGU,NANIA",1
1423_test.jpg,NA,NA,"NA,GANTUNGAN-KA,DA,BA-KEMBANG,JNA",1
1424_test.jpg,TA,TA,"TA,A,BA,U,WA",1
1425_test.jpg,WA,WA,"WA,GANTUNGAN-TA,TA-TAWA,WI,CA",1
1426_test.jpg,BISAH,BISAH,"BISAH,TALENG,4,JU,ADEG-ADEG",1
1427_test.jpg,DA,DA,"DA,BA-KEMBANG,NA,TA-TAWA,ULU-SARI",1
1428_test.jpg,CECEK,CECEK,"CECEK,TEDONG,SUKU-ILUT,4,BISAH",1
1429_test.jpg,PEPET,PEPET,"PEPET,GANTUNGAN-GA,GA,RA-TEDONG,GANTUNGAN-MA",1
142_test.jpg,YA,YA,"YA,ULU-CANDRA,SA,9,LA",1
1430_test.jpg,SURANG,SURANG,"SURANG,GANTUNGAN-JA,GANTUNGAN-A,GANTUNGAN-DA,GANTUNGAN-TA-LATIK",1
1431_test.jpg,ULU,ULU,"ULU,GU,GANTUNGAN-NA,0,ULU-SARI",1
1432_test.jpg,TA,TA,"TA,TU,BA,A,NA-RAMBAT",1
1433_test.jpg,GEMPELAN-PA,WU,"WU,8,GANTUNGAN-NA,PU,GEMPELAN-PA",0
1434_test.jpg,DA,DA,"DA,BA-KEMBANG,TA-TAWA,DA-MADU,NA",1
1435_test.jpg,NGA,NGA,"NGA,NYA,RA,KA-TEDONG,GANTUNGAN-NGA",1
1436_test.jpg,YA,YA,"YA,GANTUNGAN-CA,GANTUNGAN-LA,9,GANTUNGAN-DA",1
1437_test.jpg,SUKU,SUKU,"SUKU,NANIA,U,IA,2",1
1438_test.jpg,PEPET,PEPET,"PEPET,GANTUNGAN-MA,GANTUNGAN-GA,ULU,GANTUNGAN-DA",1
1439_test.jpg,RA,RA,"RA,RA-TEDONG,WA,GANTUNGAN-TA,MA",1
143_test.jpg,DA-MADU,DA-MADU,"DA-MADU,TA-TAWA,DA,DA-TEDONG,A-KARA",1
1440_test.jpg,TALENG,TALENG,"TALENG,ADEG-ADEG,2,BISAH,NANIA",1
1441_test.jpg,LA-LENGA,KNA,"KNA,LA-LENGA,3,I-KARA,2",0
1442_test.jpg,WA,WA,"WA,GANTUNGAN-JA,WU,WI,5",1
1443_test.jpg,MA,MA,"MA,A-KARA,SA,GEMPELAN-SA-SAPA,SA-SAPA",1
1444_test.jpg,DA,DA,"DA,BA-KEMBANG,NA,TA-TAWA,GUWUNG-MACELEK",1
1445_test.jpg,TEDONG,TEDONG,"TEDONG,0,GANTUNGAN-NA,NANIA,SUKU-ILUT",1
1446_test.jpg,JA,JA,"JA,BISAH,JU,4,RA",1
1447_test.jpg,DA,DA,"DA,BA-KEMBANG,NA,ULU-RICEM,ULU-SARI",1
1448_test.jpg,SA,SA,"SA,MA,SI,NIA,GANTUNGAN-LA",1
1449_test.jpg,NGA,NGA,"NGA,I-KARA,A,TA-TAWA,DU",1
144_test.jpg,BISAH,BISAH,"BISAH,ADEG-ADEG,TALENG,JU,CECEK",1
1450_test.jpg,WA,0,"0,PA,WA,MA,TEDONG",0
1451_test.jpg,PA,PA,"PA,GUWUNG,8,GEMPELAN-PA,WA",1
1452_test.jpg,A,A,"A,LA,GANTUNGAN-LA,NA-RAMBAT,GA",1
1453_test.jpg,SUKU,SUKU,"SUKU,GEMPELAN-PA,SUKU-KEMBUNG,PU,GANTUNGAN-NA",1
1454_test.jpg,WUA,WUA,"WUA,WRE,TUA,WU,WI",1
1455_test.jpg,TALENG,TALENG,"TALENG,NGU,U,TU,WU",1
1456_test.jpg,YA,YA,"YA,ULU-CANDRA,GANTUNGAN-TA-LATIK,LA,SA",1
1457_test.jpg,JA,JA,"JA,JU,DU,I-KARA,RA",1
1458_test.jpg,YA,YA,"YA,9,YA-TEDONG,LA,ULU-CANDRA",1
1459_test.jpg,PA,PA,"PA,WA,GEMPELAN-PA,SUKU-KEMBUNG,ULU",1
145_test.jpg,NANIA,NANIA,"NANIA,IA,NIA,SUKU-KEMBUNG,SUKU",1
1460_test.jpg,DA,TA-TAWA,"TA-TAWA,DA,ULU-SARI,WA-TEDONG,GANTUNGAN-TA",0
1461_test.jpg,BISAH,TALENG,"TALENG,SURANG,BISAH,NANIA,GANTUNGAN-MA",0
1462_test.jpg,NANIA,NANIA,"NANIA,SUKU,2,IA,GANTUNGAN-NA",1
1463_test.jpg,JA,JA,"JA,JU,RA,BISAH,NU",1
1464_test.jpg,BA,BA,"BA,NA-RAMBAT,GANTUNGAN-BA,GANTUNGAN-NGA,1",1
1465_test.jpg,MA,MA,"MA,SA-SAPA,PA,MA-TEDONG,A-KARA",1
1466_test.jpg,BISAH,BISAH,"BISAH,4,JU,CECEK,TALENG",1
1467_test.jpg,TALENG,TALENG,"TALENG,BISAH,JU,GANTUNGAN-NA,GU",1
1468_test.jpg,KA,KA,"KA,KU,BA,KA-TEDONG,SA-SAGA",1
1469_test.jpg,CECEK,CECEK,"CECEK,TALENG,SURANG,ULU,GANTUNGAN-NA",1
146_test.jpg,NA-TEDONG,NA-TEDONG,"NA-TEDONG,DA-TEDONG,KA-TEDONG,KA,GANTUNGAN-NYA",1
1470_test.jpg,A-KARA,A-KARA,"A-KARA,9,SA,SA-SAPA,SI",1
1471_test.jpg,NA,NA,"NA,GANTUNGAN-KA,KA,CA,DA",1
1472_test.jpg,TEDONG,TEDONG,"TEDONG,SUKU-ILUT,4,0,SUKU",1
1473_test.jpg,SUKU,SUKU,"SUKU,GANTUNGAN-NA,2,PU,WU",1
1474_test.jpg,WA,WA,"WA,WI,GANTUNGAN-TA,TRA,GUWUNG-MACELEK",1
1475_test.jpg,BA,BA,"BA,GANTUNGAN-BA,NYA,NA-RAMBAT,GANTUNGAN-NGA",1
1476_test.jpg,DA,NA,"NA,CA,GANTUNGAN-KA,DA,GANTUNGAN-NA",0
1477_test.jpg,SA,SA,"SA,CA,7,A-KARA,NA",1
1478_test.jpg,BISAH,BISAH,"BISAH,ADEG-ADEG,TALENG,CECEK,RA",1
1479_test.jpg,GANTUNGAN-DA,GANTUNGAN-DA,"GANTUNGAN-DA,PEPET,E-KARA,GANTUNGAN-A,6",1
147_test.jpg,BISAH,BISAH,"BISAH,4,DU,JA,NU",1
1480_test.jpg,PA,PA,"PA,GEMPELAN-PA,MA,SA,8",1
1481_test.jpg,MA,MA,"MA,MA-TEDONG,PA,WA,NANIA",1
1482_test.jpg,RA,RA,"RA,RA-TEDONG,TALENG,MA,CECEK",1
1483_test.jpg,GA,GA,"GA,GANTUNGAN-GA,LA,SA-SAGA,PEPET",1
1484_test.jpg,PA,PA,"PA,SUKU-KEMBUNG,WA,PI,8",1
1485_test.jpg,WA,WA,"WA,PA,GANTUNGAN-TA,WI,CA",1
1486_test.jpg,TEDONG,TEDONG,"TEDONG,SUKU,GU,SUKU-ILUT,4",1
1487_test.jpg,ULU,ULU,"ULU,TEDONG,CECEK,0,ULU-SARI",1
1488_test.jpg,RA,RA,"RA,RU,MA,NGA,GEMPELAN-SA-SAPA",1
1489_test.jpg,CECEK,CECEK,"CECEK,SURANG,TALENG,BISAH,ULU",1
148_test.jpg,KU,KU,"KU,NIA,KNA,KRA,NU",1
1490_test.jpg,SA,LA,"LA,SA,GANTUNGAN-LA,7,9",0
1491_test.jpg,KA,KA,"KA,SA-SAGA,KU,LA,NA",1
1492_test.jpg,JA,JA,"JA,JU,BISAH,RA,JA-TEDONG",1
1493_test.jpg,A,A,"A,U,BA,TA,NA-RAMBAT",1
1494_test.jpg,TALENG,TALENG,"TALENG,BU,2,GU,U",1
1495_test.jpg,TA,TA,"TA,A,NA-RAMBAT,TU,BA",1
1496_test.jpg,SUKU,SUKU,"SUKU,GANTUNGAN-NA,PU,NANIA,SUKU-KEMBUNG",1
1497_test.jpg,KU,KU,"KU,KA,KRA,NA-RAMBAT,GU",1
1498_test.jpg,ULU,ULU,"ULU,ULU-SARI,PEPET,TEDONG,NA",1
1499_test.jpg,CECEK,CECEK,"CECEK,ULU,TALENG,GANTUNGAN-NA,GANTUNGAN-KA",1
149_test.jpg,SUKU-KEMBUNG,SUKU-KEMBUNG,"SUKU-KEMBUNG,GUWUNG,BRA,GRA,PI",1
14_test.jpg,A,A,"A,YA,U,GANTUNGAN-A,LA",1
1500_test.jpg,LA,LA,"LA,GANTUNGAN-LA,7,SA,GUWUNG-MACELEK",1
1501_test.jpg,TA-TEDONG,TA-TEDONG,"TA-TEDONG,A-TEDONG,NYA,GA-TEDONG,KA-TEDONG",1
1502_test.jpg,YA,YA,"YA,LA,GANTUNGAN-TA-LATIK,DA-MADU,NGA",1
1503_test.jpg,SA,SA,"SA,A-KARA,CA,MA,GEMPELAN-PA",1
1504_test.jpg,PA,GANTUNGAN-NA,"GANTUNGAN-NA,TEDONG,GEMPELAN-SA-SAPA,8,SI",0
1505_test.jpg,TA,KA,"KA,KA-TEDONG,KU,GANTUNGAN-KA,NA-RAMBAT",0
1506_test.jpg,GANTUNGAN-KA,GANTUNGAN-KA,"GANTUNGAN-KA,NA,GANTUNGAN-CA,RA,A",1
1507_test.jpg,NANIA,NANIA,"NANIA,IA,TIA,TUA,NIA",1
1508_test.jpg,SUKU,SUKU,"SUKU,MU,NANIA,TALENG,SU",1
1509_test.jpg,PEPET,PEPET,"PEPET,GANTUNGAN-MA,SUKU-KEMBUNG,ULU,ULU-SARI",1
150_test.jpg,KA,KA,"KA,NA-RAMBAT,GANTUNGAN-KA,KA-TEDONG,GANTUNGAN-BA",1
1510_test.jpg,RI,RI,"RI,ADEG-ADEG,NGI,WI,JI",1
1511_test.jpg,DI,DI,"DI,NI,NGI,BA-KEMBANG,JI",1
1512_test.jpg,GANTUNGAN-A,GANTUNGAN-A,"GANTUNGAN-A,A,GANTUNGAN-GA,GANTUNGAN-NGA,GANTUNGAN-DA",1
1513_test.jpg,JA,JA,"JA,4,6,LU,MU",1
1514_test.jpg,LA,LA,"LA,GANTUNGAN-LA,GA-TEDONG,7,GANTUNGAN-GA",1
1515_test.jpg,WA,WA,"WA,DA,TA-TAWA,0,PA",1
1516_test.jpg,TU,TU,"TU,TRA,TIA,RU,IA",1
1517_test.jpg,GA,GA,"GA,TA,GANTUNGAN-GA,NA-RAMBAT,LA",1
1518_test.jpg,MA,MA,"MA,SA-SAPA,PA,MA-TEDONG,GEMPELAN-SA-SAPA",1
1519_test.jpg,TU,TU,"TU,TRA,TIA,U,RU",1
151_test.jpg,PA,PA,"PA,SA-SAPA,GANTUNGAN-TA-LATIK,8,GEMPELAN-SA-SAPA",1
1520_test.jpg,ULU,ULU,"ULU,GANTUNGAN-GA,PEPET,GA,GANTUNGAN-MA",1
1521_test.jpg,TALENG,TALENG,"TALENG,U,NGU,GU,BISAH",1
1522_test.jpg,PEPET,PEPET,"PEPET,GANTUNGAN-GA,GANTUNGAN-DA,GANTUNGAN-MA,ULU-RICEM",1
1523_test.jpg,DA,DA,"DA,NA,DA-MADU,BA-KEMBANG,DA-TEDONG",1
1524_test.jpg,TALENG,TALENG,"TALENG,BISAH,CECEK,ADEG-ADEG,RA",1
1525_test.jpg,NA,KI,"KI,KA,NI,NA,SA",0
1526_test.jpg,SA,SA,"SA,LA,CA,KA,YA",1
1527_test.jpg,ULU,ULU,"ULU,TALENG,ULU-SARI,GANTUNGAN-GA,0",1
1528_test.jpg,SURANG,SURANG,"SURANG,GANTUNGAN-MA,GANTUNGAN-TA-LATIK,GANTUNGAN-TA,TALENG",1
1529_test.jpg,JA,JA,"JA,RA,GANTUNGAN-NA,A,DA",1
152_test.jpg,A,A,"A,GANTUNGAN-A,GANTUNGAN-GA,U,GANTUNGAN-NGA",1
1530_test.jpg,TU,TU,"TU,TRA,TIA,WU,U",1
1531_test.jpg,GEMPELAN-SA-SAPA,MA,"MA,SA-SAPA,GANTUNGAN-TA,ULU,GEMPELAN-PA",0
1532_test.jpg,NGA,NGA,"NGA,GANTUNGAN-NGA,RA-TEDONG,WA-TEDONG,NA-TEDONG",1
1533_test.jpg,5,5,"5,WI,WU,WA,TRA",1
1534_test.jpg,KU,KU,"KU,KRA,LU,KA,BU",1
1535_test.jpg,ULU-RICEM,ULU-SARI,"ULU-SARI,ULU-RICEM,NA,PEPET,SA-SAGA",0
1536_test.jpg,JA,JA,"JA,KU,4,JU,BU",1
1537_test.jpg,BISAH,BISAH,"BISAH,CECEK,4,TALENG,SUKU-ILUT",1
1538_test.jpg,NGA,NGA,"NGA,GANTUNGAN-NGA,A,YA,GANTUNGAN-A",1
1539_test.jpg,ULU,ULU,"ULU,GANTUNGAN-GA,TEDONG,ULU-SARI,PEPET",1
153_test.jpg,PA,PA,"PA,8,SA,MA,GEMPELAN-SA-SAPA",1
1540_test.jpg,ADEG-ADEG,ADEG-ADEG,"ADEG-ADEG,RA,5,RI,RA-TEDONG",1
1541_test.jpg,CECEK,CECEK,"CECEK,ULU,TALENG,SURANG,BISAH",1
1542_test.jpg,MA-TEDONG,MA-TEDONG,"MA-TEDONG,MA,GEMPELAN-SA-SAPA,A-KARA,ULU-CANDRA",1
1543_test.jpg,RA,RA,"RA,GANTUNGAN-TA,WA,RA-TEDONG,MA-TEDONG",1
1544_test.jpg,CA,CA,"CA,SA,A-KARA,NA,BA-KEMBANG",1
1545_test.jpg,MA,MA,"MA,SA-SAPA,MA-TEDONG,A-KARA,DA-MADU",1
1546_test.jpg,YA,YA,"YA,SA,9,GEMPELAN-SA-SAPA,GANTUNGAN-CA",1
1547_test.jpg,U-KARA,U-KARA,"U-KARA,E-KARA,GANTUNGAN-DA,3,GANTUNGAN-MA",1
1548_test.jpg,DA,DA,"DA,BA-KEMBANG,NA,DA-MADU,DA-TEDONG",1
1549_test.jpg,WA,WA,"WA,PA,WI,A,GANTUNGAN-TA",1
154_test.jpg,PEPET,PEPET,"PEPET,GANTUNGAN-MA,GANTUNGAN-GA,ULU,SA-SAGA",1
1550_test.jpg,ADEG-ADEG,ADEG-ADEG,"ADEG-ADEG,SUKU,BISAH,TALENG,RI",1
1551_test.jpg,GNA,WU,"WU,TU,I-KARA,GANTUNGAN-NA,IA",0
1552_test.jpg,RA-TEDONG,RA-TEDONG,"RA-TEDONG,NA-TEDONG,TA-TEDONG,WA-TEDONG,A-TEDONG",1
1553_test.jpg,KU,KU,"KU,KRA,1,LU,NIA",1
1554_test.jpg,SUKU-ILUT,SUKU-ILUT,"SUKU-ILUT,TEDONG,4,GUWUNG-MACELEK,BISAH",1
1555_test.jpg,TALENG,TALENG,"TALENG,CECEK,BISAH,ADEG-ADEG,GANTUNGAN-DA",1
1556_test.jpg,A-KARA,A-KARA,"A-KARA,SI,CA,SA,NING",1
1557_test.jpg,BA,BA,"BA,NA-RAMBAT,KA,GANTUNGAN-BA,A",1
1558_test.jpg,NGA,NGA,"NGA,RA-TEDONG,RA,WA-TEDONG,A",1
1559_test.jpg,BISAH,BISAH,"BISAH,4,RI,NU,ADEG-ADEG",1
155_test.jpg,PEPET,PEPET,"PEPET,GANTUNGAN-GA,ULU-RICEM,GANTUNGAN-KA,GA",1
1560_test.jpg,GANTUNGAN-GA,GANTUNGAN-GA,"GANTUNGAN-GA,PEPET,ULU,GA,GANTUNGAN-DA",1
1561_test.jpg,JA,JA,"JA,BISAH,RA,GANTUNGAN-NA,4",1
1562_test.jpg,GANTUNGAN-MA,GANTUNGAN-MA,"GANTUNGAN-MA,0,GRA,GANTUNGAN-TA-TAWA,GUWUNG-MACELEK",1
1563_test.jpg,PEPET,PEPET,"PEPET,GANTUNGAN-DA,GANTUNGAN-GA,GANTUNGAN-A,6",1
1564_test.jpg,GI,GI,"GI,JI,RI,WI,LA-LENGA",1
1565_test.jpg,SURANG,SURANG,"SURANG,GANTUNGAN-TA-LATIK,CECEK,GANTUNGAN-NA,GANTUNGAN-JA",1
1566_test.jpg,PEPET,PEPET,"PEPET,GANTUNGAN-MA,ULU,ULU-SARI,GANTUNGAN-GA",1
1567_test.jpg,BA,BA,"BA,KA,NA-RAMBAT,TA,GANTUNGAN-BA",1
1568_test.jpg,RI,RI,"RI,NGI,NU,WI,DU",1
1569_test.jpg,LU,LU,"LU,GU,U,LA,BU",1
156_test.jpg,BISAH,BISAH,"BISAH,4,TALENG,ADEG-ADEG,CECEK",1
1570_test.jpg,TRA,TRA,"TRA,KRA,GRA,TUA,WRE",1
1571_test.jpg,TALENG,TALENG,"TALENG,ADEG-ADEG,BISAH,CECEK,RA",1
1572_test.jpg,A,A,"A,TA,U,LA,BA",1
1573_test.jpg,ULU,ULU,"ULU,PEPET,GANTUNGAN-MA,SUKU-KEMBUNG,ULU-SARI",1
1574_test.jpg,BISAH,BISAH,"BISAH,4,NU,MU,CECEK",1
1575_test.jpg,YA,YA,"YA,ULU-CANDRA,9,LA,GANTUNGAN-TA-LATIK",1
1576_test.jpg,ULU,ULU,"ULU,TEDONG,PEPET,GANTUNGAN-GA,ULU-SARI",1
1577_test.jpg,ULU,ULU,"ULU,TEDONG,RA,PEPET,NA",1
1578_test.jpg,A,A,"A,U,NA-RAMBAT,GANTUNGAN-A,GANTUNGAN-GA",1
1579_test.jpg,ADEG-ADEG,ADEG-ADEG,"ADEG-ADEG,SUKU,GNA,TALENG,NANIA",1
157_test.jpg,SURANG,SURANG,"SURANG,GANTUNGAN-NA,GANTUNGAN-LA,GANTUNGAN-MA,BISAH",1
1580_test.jpg,SURANG,SURANG,"SURANG,CECEK,GANTUNGAN-JA,GANTUNGAN-TA-LATIK,GANTUNGAN-NA",1
1581_test.jpg,NGA,NGA,"NGA,A,GANTUNGAN-NGA,BA,GANTUNGAN-BA",1
1582_test.jpg,A,A,"A,TA,U,LA,GA",1
1583_test.jpg,DA,DA,"DA,BA-KEMBANG,NA,DA-MADU,DA-TEDONG",1
1584_test.jpg,LA,LA,"LA,GANTUNGAN-LA,A,7,GANTUNGAN-DA",1
1585_test.jpg,ULU,ULU,"ULU,CECEK,GANTUNGAN-TA,0,ULU-SARI",1
1586_test.jpg,BISAH,BISAH,"BISAH,TALENG,JU,4,ADEG-ADEG",1
1587_test.jpg,YA,YA,"YA,9,GANTUNGAN-CA,A,LA",1
1588_test.jpg,LA,LA,"LA,GANTUNGAN-LA,GA-TEDONG,7,GUWUNG-MACELEK",1
1589_test.jpg,4,4,"4,BISAH,GANTUNGAN-NA,JNA,SUKU",1
158_test.jpg,KRA,KRA,"KRA,BRA,WI,TRA,WRE",1
1590_test.jpg,JA,JA,"JA,RA,JU,SA-SAGA,JA-TEDONG",1
1591_test.jpg,DA,DA,"DA,WA-TEDONG,BA-KEMBANG,MA-TEDONG,NA",1
1592_test.jpg,NGA,NGA,"NGA,GANTUNGAN-NGA,BA,NYA,GANTUNGAN-BA",1
1593_test.jpg,WA,6,"6,WU,TALENG,WI,DU",0
1594_test.jpg,CECEK,CECEK,"CECEK,ULU,TEDONG,BISAH,4",1
1595_test.jpg,TRA,TRA,"TRA,TU,TIA,WRE,TUA",1
1596_test.jpg,CECEK,CECEK,"CECEK,TALENG,BISAH,SUKU,SURANG",1
1597_test.jpg,SA,SA,"SA,YA,CA,LA,9",1
1598_test.jpg,WA,PA,"PA,WA,MA,NIA,GUWUNG-MACELEK",0
1599_test.jpg,TEDONG,TEDONG,"TEDONG,SUKU,ADEG-ADEG,NANIA,GU",1
159_test.jpg,SUKU,NGU,"NGU,U,2,CU,YU",0
15_test.jpg,JA,JA,"JA,PEPET,SA-SAGA,GANTUNGAN-NA,GANTUNGAN-MA",1
1600_test.jpg,MA,MA,"MA,SA-SAPA,A-KARA,GEMPELAN-SA-SAPA,MA-TEDONG",1
1601_test.jpg,NANIA,NANIA,"NANIA,IA,NIA,PAMADA,SUKU",1
1602_test.jpg,RA,RA,"RA,WA,GANTUNGAN-KA,GANTUNGAN-TA,I-KARA",1
1603_test.jpg,1,BA,"BA,1,NYA,NA-RAMBAT,A",0
1604_test.jpg,ADEG-ADEG,ADEG-ADEG,"ADEG-ADEG,SUKU,SURANG,NANIA,TALENG",1
1605_test.jpg,SA,SA,"SA,CA,MA,NIA,A-KARA",1
1606_test.jpg,NGA,NA-RAMBAT,"NA-RAMBAT,GANTUNGAN-NGA,NA-RAMBAT-TEDONG,A,YA-TEDONG",0
1607_test.jpg,CECEK,CECEK,"CECEK,TEDONG,ULU,BISAH,TALENG",1
1608_test.jpg,NANIA,NANIA,"NANIA,MA,GEMPELAN-PA,PA,TEDONG",1
1609_test.jpg,TA,TA,"TA,TU,BA,A,KA",1
160_test.jpg,KA,KA,"KA,BA,NA-RAMBAT,TA,SA-SAGA",1
1610_test.jpg,BI,DI,"DI,NI,NGI,JI,KI",0
1611_test.jpg,LA,LA,"LA,GANTUNGAN-LA,7,A,GA-TEDONG",1
1612_test.jpg,GANTUNGAN-BA,GANTUNGAN-BA,"GANTUNGAN-BA,GANTUNGAN-NGA,NA-RAMBAT,A,GANTUNGAN-A",1
1613_test.jpg,PA,PA,"PA,WA,GEMPELAN-PA,MA-TEDONG,NANIA",1
1614_test.jpg,GA,GA,"GA,GANTUNGAN-GA,GU,SA-SAGA,JA",1
1615_test.jpg,TEDONG,TEDONG,"TEDONG,ULU-SARI,GU,ULU-RICEM,SA-SAGA",1
1616_test.jpg,SURANG,SURANG,"SURANG,GANTUNGAN-NA,GUWUNG,GANTUNGAN-TA-LATIK,GANTUNGAN-JA",1
1617_test.jpg,SURANG,SURANG,"SURANG,GANTUNGAN-DA,PEPET,SUKU,NANIA",1
1618_test.jpg,ADEG-ADEG,ADEG-ADEG,"ADEG-ADEG,RI,5,NU,GNA",1
1619_test.jpg,LA,LA,"LA,GANTUNGAN-LA,GUWUNG-MACELEK,7,GA-TEDONG",1
161_test.jpg,SUKU,SUKU,"SUKU,CECEK,4,GANTUNGAN-NA,0",1
1620_test.jpg,RA,RA,"RA,MA,GANTUNGAN-GA,RA-TEDONG,GANTUNGAN-A",1
1621_test.jpg,NYA,NYA,"NYA,GANTUNGAN-NYA,NA-RAMBAT-TEDONG,KA-TEDONG,GA-TEDONG",1
1622_test.jpg,GANTUNGAN-LA,GANTUNGAN-LA,"GANTUNGAN-LA,GANTUNGAN-DA,SURANG,GANTUNGAN-A,PEPET",1
1623_test.jpg,MA,MA,"MA,PA,SA-SAPA,4,8",1
1624_test.jpg,ULU,ULU,"ULU,CECEK,TEDONG,TALENG,ADEG-ADEG",1
1625_test.jpg,YA,YA,"YA,ULU-CANDRA,SA,A,LA",1
1626_test.jpg,TALENG,TALENG,"TALENG,ADEG-ADEG,BISAH,NGU,2",1
1627_test.jpg,NGA,NGA,"NGA,GANTUNGAN-NGA,BA,A,GA-TEDONG",1
1628_test.jpg,LA,LA,"LA,GANTUNGAN-LA,7,GA-TEDONG,GANTUNGAN-GA",1
1629_test.jpg,ADEG-ADEG,ADEG-ADEG,"ADEG-ADEG,NANIA,SURANG,SUKU,TALENG",1
162_test.jpg,TA,TA,"TA,TU,BA,TIA,TI",1
1630_test.jpg,DA,DA,"DA,DA-MADU,NA,BA-KEMBANG,ULU-RICEM",1
1631_test.jpg,GUWUNG-MACELEK,GUWUNG-MACELEK,"GUWUNG-MACELEK,ULU-CANDRA,8,9,A-KARA",1
1632_test.jpg,SUKU,SUKU,"SUKU,GANTUNGAN-NA,PU,SU,U",1
1633_test.jpg,ULU,ULU,"ULU,ULU-SARI,0,NA,TALENG",1
1634_test.jpg,U-KARA,U-KARA,"U-KARA,3,JI,MU,4",1
1635_test.jpg,CECEK,CECEK,"CECEK,SURANG,PEPET,BISAH,GANTUNGAN-NA",1
1636_test.jpg,SUKU,SUKU,"SUKU,MU,NANIA,RU,2",1
1637_test.jpg,SURANG,SURANG,"SURANG,GUWUNG,GANTUNGAN-LA,GANTUNGAN-JA,PEPET",1
1638_test.jpg,YA,YA,"YA,LA,GANTUNGAN-TA-LATIK,ULU-CANDRA,GUWUNG-MACELEK",1
1639_test.jpg,SA,SA,"SA,CA,LA,7,GANTUNGAN-LA",1
163_test.jpg,SA,SA,"SA,CA,LA,7,GANTUNGAN-LA",1
1640_test.jpg,SUKU,SUKU,"SUKU,GEMPELAN-PA,CECEK,SURANG,PU",1
1641_test.jpg,GA,GA,"GA,GANTUNGAN-GA,LA,SA-SAGA,PEPET",1
1642_test.jpg,GANTUNGAN-TA,GANTUNGAN-TA,"GANTUNGAN-TA,CA,GANTUNGAN-CA,WA,GANTUNGAN-A",1
1643_test.jpg,TEDONG,TEDONG,"TEDONG,SUKU-ILUT,SUKU,GU,4",1
1644_test.jpg,NA,NA,"NA,NU,KNA,NIA,CU",1
1645_test.jpg,KA,KA,"KA,NA,NA-RAMBAT,GANTUNGAN-KA,KA-TEDONG",1
1646_test.jpg,NI,NI,"NI,KI,DI,NA-TEDONG,SI",1
1647_test.jpg,DA,DA,"DA,NA,BA-KEMBANG,JA,I",1
1648_test.jpg,LA,LA,"LA,GANTUNGAN-GA,SA,GA-TEDONG,GANTUNGAN-LA",1
1649_test.jpg,KA,KA,"KA,NA-RAMBAT,KU,BA,GANTUNGAN-BA",1
164_test.jpg,TALENG,TALENG,"TALENG,NGU,RU,RA,BISAH",1
1650_test.jpg,ULU,ULU,"ULU,0,CECEK,TALENG,ULU-SARI",1
1651_test.jpg,PEPET,GANTUNGAN-DA,"GANTUNGAN-DA,GANTUNGAN-A,PEPET,GANTUNGAN-LA,A",0
1652_test.jpg,MI,1,"1,SI,TI,I,LI",0
1653_test.jpg,GANTUNGAN-TA,GANTUNGAN-TA,"GANTUNGAN-TA,GANTUNGAN-A,GANTUNGAN-JA,GANTUNGAN-DA,GANTUNGAN-CA",1
1654_test.jpg,NA,NA,"NA,DA,GANTUNGAN-KA,BA-KEMBANG,NYA",1
1655_test.jpg,DA,DA,"DA,BA-KEMBANG,YA,DA-MADU,NA",1
1656_test.jpg,KA,KA,"KA,KA-TEDONG,GANTUNGAN-KA,KU,NA-RAMBAT",1
1657_test.jpg,GANTUNGAN-A,GANTUNGAN-A,"GANTUNGAN-A,GANTUNGAN-DA,GANTUNGAN-GA,6,ULU",1
1658_test.jpg,TALENG,TALENG,"TALENG,BISAH,ADEG-ADEG,JU,2",1
1659_test.jpg,A,A,"A,TA,U,BA,NA-RAMBAT",1
165_test.jpg,CECEK,CECEK,"CECEK,ULU,TALENG,SURANG,BISAH",1
1660_test.jpg,ADEG-ADEG,ADEG-ADEG,"ADEG-ADEG,5,RA,WU,RU",1
1661_test.jpg,TA,TA,"TA,WA-TEDONG,TU,TA-TEDONG,TRA",1
1662_test.jpg,BISAH,BISAH,"BISAH,4,SUKU-ILUT,TALENG,JU",1
1663_test.jpg,WA,WA,"WA,CA,TA-TAWA,WI,WA-TEDONG",1
1664_test.jpg,DA,DA,"DA,TA-TAWA,WA-TEDONG,DA-MADU,GANTUNGAN-TA-LATIK",1
1665_test.jpg,WA,WA,"WA,PA,A,WI,TA-TAWA",1
1666_test.jpg,JA,JA,"JA,JU,BISAH,RA,LU",1
1667_test.jpg,TALENG,TALENG,"TALENG,2,U,BISAH,NGU",1
1668_test.jpg,TA,TA,"TA,GANTUNGAN-TA,A,TU,WA-TEDONG",1
1669_test.jpg,MA,MA,"MA,SA-SAPA,PA,MA-TEDONG,PI",1
166_test.jpg,GUWUNG-MACELEK,GUWUNG-MACELEK,"GUWUNG-MACELEK,GANTUNGAN-DA,8,A-KARA,ULU-CANDRA",1
1670_test.jpg,SA,SA,"SA,CA,A-KARA,NA,YA",1
1671_test.jpg,BISAH,BISAH,"BISAH,TALENG,JU,ADEG-ADEG,4",1
1672_test.jpg,A,A,"A,U,GANTUNGAN-A,NA-RAMBAT,A-TEDONG",1
1673_test.jpg,ULU,ULU,"ULU,GANTUNGAN-GA,TEDONG,GANTUNGAN-TA,GANTUNGAN-A",1
1674_test.jpg,ADEG-ADEG,ADEG-ADEG,"ADEG-ADEG,SUKU,NANIA,RI,SURANG",1
1675_test.jpg,KU,KU,"KU,KNA,NIA,KRA,SU",1
1676_test.jpg,SUKU,SUKU,"SUKU,RA,GU,4,KU",1
1677_test.jpg,SUKU,SUKU,"SUKU,NANIA,SUKU-KEMBUNG,GANTUNGAN-NA,PU",1
1678_test.jpg,NANIA,NANIA,"NANIA,SUKU,TALENG,NIA,MU",1
1679_test.jpg,PEPET,TEDONG,"TEDONG,PEPET,GANTUNGAN-GA,ULU,GANTUNGAN-A",0
167_test.jpg,CECEK,CECEK,"CECEK,ULU,TALENG,BISAH,TEDONG",1
1680_test.jpg,JA,JA,"JA,6,E-KARA,DA,JU",1
1681_test.jpg,TA-TEDONG,WA-TEDONG,"WA-TEDONG,TA-TEDONG,MA-TEDONG,A-TEDONG,LA-TEDONG",0
1682_test.jpg,LU,LU,"LU,SU,YU,PU,7",1
1683_test.jpg,JU,JU,"JU,DU,TALENG,GRA,NGU",1
1684_test.jpg,WA,WA,"WA,PA,GEMPELAN-PA,GANTUNGAN-TA,0",1
1685_test.jpg,SURANG,SURANG,"SURANG,GANTUNGAN-MA,GANTUNGAN-NA,GUWUNG,GANTUNGAN-TA-LATIK",1
1686_test.jpg,MA,MA,"MA,PI,PA,SA-SAPA,GUWUNG-MACELEK",1
1687_test.jpg,YA,YA,"YA,LA,SA,A,9",1
1688_test.jpg,JA,JA,"JA,BISAH,JU,DU,6",1
1689_test.jpg,GA,GA,"GA,BA,KA,LA,NA-RAMBAT",1
168_test.jpg,ADEG-ADEG,ADEG-ADEG,"ADEG-ADEG,SUKU,TALENG,NANIA,2",1
1690_test.jpg,GANTUNGAN-TA,GANTUNGAN-TA,"GANTUNGAN-TA,GANTUNGAN-CA,GANTUNGAN-A,CA,GANTUNGAN-JA",1
1691_test.jpg,DA,DA,"DA,BA-KEMBANG,NA,GUWUNG-MACELEK,MA-TEDONG",1
1692_test.jpg,TALENG,TALENG,"TALENG,U,I-KARA,DU,GANTUNGAN-A",1
1693_test.jpg,DI,DI,"DI,JI,WI,NI,NGI",1
1694_test.jpg,TU,TU,"TU,U,LU,MU,YU",1
1695_test.jpg,WA,WA,"WA,WI,0,GUWUNG-MACELEK,GRA",1
1696_test.jpg,A,A,"A,YA,MA-TEDONG,GANTUNGAN-TA-LATIK,U",1
1697_test.jpg,SA,SA,"SA,CA,7,LA,A-KARA",1
1698_test.jpg,SUKU,SUKU,"SUKU,GANTUNGAN-NA,PU,CECEK,4",1
1699_test.jpg,BISAH,BISAH,"BISAH,TALENG,CECEK,4,ADEG-ADEG",1
169_test.jpg,TALENG,TALENG,"TALENG,CECEK,U,GU,RU",1
16_test.jpg,NGI,NGI,"NGI,1,BI,I,DU",1
1700_test.jpg,TALENG,ADEG-ADEG,"ADEG-ADEG,RI,5,TALENG,SUKU",0
1701_test.jpg,DA,DA,"DA,BA-KEMBANG,NA,DA-MADU,TA-TAWA",1
1702_test.jpg,MA,MA,"MA,MA-TEDONG,PA,SA-SAPA,PI",1
1703_test.jpg,SURANG,SURANG,"SURANG,GANTUNGAN-JA,GANTUNGAN-TA-LATIK,BISAH,GUWUNG",1
1704_test.jpg,NA-RAMBAT,NA-RAMBAT,"NA-RAMBAT,NA-RAMBAT-TEDONG,KA,BU,GANTUNGAN-NYA",1
1705_test.jpg,DA,DA,"DA,BA-KEMBANG,NA,DA-MADU,TA-TAWA",1
1706_test.jpg,BA,BA,"BA,NA-RAMBAT,GANTUNGAN-BA,GANTUNGAN-NGA,NYA",1
1707_test.jpg,JI,JI,"JI,WRE,U-KARA,DI,LA-LENGA",1
1708_test.jpg,TALENG,TALENG,"TALENG,ADEG-ADEG,BISAH,2,NGU",1
1709_test.jpg,WA,WA,"WA,PA,WI,GANTUNGAN-TA,0",1
170_test.jpg,PEPET,PEPET,"PEPET,ULU,ULU-RICEM,GANTUNGAN-KA,GANTUNGAN-GA",1
1710_test.jpg,PA,PA,"PA,8,GANTUNGAN-TA-LATIK,WA,LA",1
1711_test.jpg,SUKU,SUKU,"SUKU,NANIA,PU,MU,GANTUNGAN-NA",1
1712_test.jpg,BA,BA,"BA,NA-RAMBAT,GA,GANTUNGAN-BA,KA",1
1713_test.jpg,SA,SA,"SA,CA,A-KARA,NA,LA",1
1714_test.jpg,SA,SA,"SA,CA,A-KARA,NA,MA",1
1715_test.jpg,CECEK,CECEK,"CECEK,ULU,BISAH,TEDONG,TALENG",1
1716_test.jpg,ADEG-ADEG,ADEG-ADEG,"ADEG-ADEG,SUKU,RA,RI,NANIA",1
1717_test.jpg,SU,SU,"SU,LU,WRE,KU,7",1
1718_test.jpg,NANIA,NANIA,"NANIA,NIA,IA,PAMADA,TIA",1
1719_test.jpg,SA-SAPA,SA-SAPA,"SA-SAPA,GEMPELAN-SA-SAPA,8,TA-TAWA,A-KARA",1
171_test.jpg,GANTUNGAN-DA,GANTUNGAN-DA,"GANTUNGAN-DA,GANTUNGAN-CA,GANTUNGAN-A,GANTUNGAN-TA-LATIK,SURANG",1
1720_test.jpg,PI,PI,"PI,WI,WUA,MI,WRE",1
1721_test.jpg,ULU,ULU,"ULU,0,ULU-SARI,TEDONG,GANTUNGAN-MA",1
1722_test.jpg,TA,TA,"TA,A,U,TU,BA",1
1723_test.jpg,ULU,ULU,"ULU,GANTUNGAN-GA,TEDONG,GA,PEPET",1
1724_test.jpg,CA,CA,"CA,SA,NA-TEDONG,I-KARA,A-KARA",1
1725_test.jpg,LA,LA,"LA,GANTUNGAN-LA,A,7,GANTUNGAN-GA",1
1726_test.jpg,TA,TA,"TA,BA,TU,KA,A",1
1727_test.jpg,ULU,GANTUNGAN-GA,"GANTUNGAN-GA,ULU,WA,TEDONG,PEPET",0
1728_test.jpg,YA,YA,"YA,ULU-CANDRA,GANTUNGAN-TA-LATIK,DA-MADU,LA",1
1729_test.jpg,SA,SA,"SA,A-KARA,9,SA-SAPA,GEMPELAN-SA-SAPA",1
172_test.jpg,MA,MA,"MA,NANIA,PA,WU,SUKU",1
1730_test.jpg,TEDONG,TEDONG,"TEDONG,ULU,CECEK,ADEG-ADEG,GU",1
1731_test.jpg,GA,GA,"GA,GANTUNGAN-GA,GU,SA-SAGA,ULU",1
1732_test.jpg,TEDONG,TEDONG,"TEDONG,ULU,SUKU-KEMBUNG,PEPET,GUWUNG-MACELEK",1
1733_test.jpg,YA,YA,"YA,LA,SA,9,GANTUNGAN-LA",1
1734_test.jpg,TA,TA,"TA,TA-TEDONG,TU,BA,TI",1
1735_test.jpg,NANIA,NANIA,"NANIA,IA,NIA,TIA,PAMADA",1
1736_test.jpg,DA,DA,"DA,BA-KEMBANG,6,I,A",1
1737_test.jpg,NGU,NGU,"NGU,KU,BU,3,LA-LENGA",1
1738_test.jpg,MA,MA,"MA,NANIA,SA,4,GEMPELAN-SA-SAPA",1
1739_test.jpg,PA,PA,"PA,WA,8,GEMPELAN-PA,SA",1
173_test.jpg,LA,LA,"LA,GANTUNGAN-LA,SA,YA,PA",1
1740_test.jpg,JA,JA,"JA,SA-SAGA,RA,NA,DA",1
1741_test.jpg,GEMPELAN-SA-SAPA,GEMPELAN-SA-SAPA,"GEMPELAN-SA-SAPA,SA-SAPA,ULU-CANDRA,A-KARA,TA-TAWA",1
1742_test.jpg,TALENG,TALENG,"TALENG,SUKU,2,NGU,RU",1
1743_test.jpg,WU,WU,"WU,MU,TU,CU,5",1
1744_test.jpg,PEPET,PEPET,"PEPET,GANTUNGAN-DA,GANTUNGAN-GA,GANTUNGAN-MA,DA",1
1745_test.jpg,GA,GA,"GA,GANTUNGAN-GA,SA-SAGA,LA,TA",1
1746_test.jpg,TI,TI,"TI,TA-TEDONG,GI,KI,A-TEDONG",1
1747_test.jpg,YA,YA,"YA,9,A,ULU-CANDRA,LA",1
1748_test.jpg,RA,RA,"RA,RA-TEDONG,4,MA,TEDONG",1
1749_test.jpg,SUKU-KEMBUNG,SUKU-KEMBUNG,"SUKU-KEMBUNG,GUWUNG,BRA,GRA,ULU",1
174_test.jpg,TALENG,TALENG,"TALENG,BISAH,GANTUNGAN-NA,JU,DU",1
1750_test.jpg,PEPET,PEPET,"PEPET,GANTUNGAN-MA,BA-KEMBANG,NA,GUWUNG-MACELEK",1
1751_test.jpg,PA,PA,"PA,GEMPELAN-PA,SA,MA,GEMPELAN-SA-SAPA",1
1752_test.jpg,BU,BU,"BU,NA-RAMBAT,1,3,KU",1
1753_test.jpg,KA,KA,"KA,KA-TEDONG,NA-RAMBAT,KU,BA",1
1754_test.jpg,SUKU,ADEG-ADEG,"ADEG-ADEG,SUKU,RI,GNA,NANIA",0
1755_test.jpg,TALENG,TALENG,"TALENG,BISAH,ADEG-ADEG,SUKU,GU",1
1756_test.jpg,SUKU,SUKU,"SUKU,GU,TALENG,MU,CECEK",1
1757_test.jpg,SUKU,SUKU,"SUKU,CECEK,0,SUKU-ILUT,GANTUNGAN-NA",1
1758_test.jpg,GA,GA,"GA,LA,SA-SAGA,GANTUNGAN-GA,TA",1
1759_test.jpg,SURANG,SURANG,"SURANG,CECEK,GANTUNGAN-TA-LATIK,GANTUNGAN-NA,GANTUNGAN-JA",1
175_test.jpg,YA,YA,"YA,LA,ULU-CANDRA,SA,8",1
1760_test.jpg,NA,NA,"NA,GANTUNGAN-KA,KA,NA-TEDONG,CA",1
1761_test.jpg,JA,JA,"JA,4,JNA,KU,NA",1
1762_test.jpg,BISAH,BISAH,"BISAH,CECEK,GANTUNGAN-NA,4,MU",1
1763_test.jpg,NA,NA,"NA,GANTUNGAN-KA,DA,CA,KA",1
1764_test.jpg,TA,TA,"TA,GANTUNGAN-TA,TU,A,BA",1
1765_test.jpg,JA,JA,"JA,BISAH,JU,RA,6",1
1766_test.jpg,NI,NI,"NI,DI,SI,NING,WRE",1
1767_test.jpg,SUKU,SUKU,"SUKU,ADEG-ADEG,NANIA,RU,CECEK",1
1768_test.jpg,PA,PA,"PA,GEMPELAN-PA,8,SA,PI",1
1769_test.jpg,SURANG,SURANG,"SURANG,GUWUNG,PEPET,GANTUNGAN-DA,GANTUNGAN-TA-LATIK",1
176_test.jpg,PEPET,PEPET,"PEPET,GANTUNGAN-DA,GANTUNGAN-GA,DA,GANTUNGAN-JA",1
1770_test.jpg,BA,BA,"BA,TA,A,GANTUNGAN-BA,BU",1
1771_test.jpg,WA,WA,"WA,0,PA,GRA,WI",1
1772_test.jpg,BA,BA,"BA,GANTUNGAN-BA,NA-RAMBAT,KA,GANTUNGAN-NGA",1
1773_test.jpg,CECEK,CECEK,"CECEK,BISAH,ULU,TALENG,TEDONG",1
1774_test.jpg,JA,JA,"JA,SA-SAGA,DA,RA,JU",1
1775_test.jpg,NA,NA,"NA,GANTUNGAN-KA,BA-KEMBANG,DA,KA",1
1776_test.jpg,ADEG-ADEG,ADEG-ADEG,"ADEG-ADEG,SUKU,TALENG,RI,NANIA",1
1777_test.jpg,TALENG,TALENG,"TALENG,NGU,U,2,NGA",1
1778_test.jpg,GA-TEDONG,GA-TEDONG,"GA-TEDONG,GA,GANTUNGAN-NYA,LA,GANTUNGAN-GA",1
1779_test.jpg,BA,BA,"BA,NA-RAMBAT,GANTUNGAN-NGA,GANTUNGAN-BA,1",1
177_test.jpg,CU,CU,"CU,WRE,WU,NU,SU",1
1780_test.jpg,KA,KA,"KA,KU,KA-TEDONG,SA-SAGA,KI",1
1781_test.jpg,SA,SA,"SA,CA,SU,A-KARA,MA",1
1782_test.jpg,A,A,"A,U,GANTUNGAN-GA,GANTUNGAN-A,NA-RAMBAT",1
1783_test.jpg,SUKU,SUKU,"SUKU,NANIA,GANTUNGAN-NA,MU,PU",1
1784_test.jpg,BISAH,BISAH,"BISAH,ADEG-ADEG,TALENG,JU,SUKU",1
1785_test.jpg,TALENG,TALENG,"TALENG,GANTUNGAN-A,U,A,ULU",1
1786_test.jpg,TU,TU,"TU,TIA,WU,TRA,U",1
1787_test.jpg,ULU,ULU,"ULU,GANTUNGAN-MA,SUKU-KEMBUNG,0,GRA",1
1788_test.jpg,TEDONG,TEDONG,"TEDONG,GU,SUKU,SUKU-ILUT,GA",1
1789_test.jpg,TALENG,TALENG,"TALENG,CECEK,ADEG-ADEG,BISAH,GU",1
178_test.jpg,SURANG,SURANG,"SURANG,TALENG,GANTUNGAN-MA,GANTUNGAN-NA,GANTUNGAN-TA-LATIK",1
1790_test.jpg,GANTUNGAN-NA,GANTUNGAN-NA,"GANTUNGAN-NA,GNA,KNA,LA-LENGA,U-KARA",1
1791_test.jpg,MA-TEDONG,MA-TEDONG,"MA-TEDONG,MA,GANTUNGAN-A,A,GEMPELAN-SA-SAPA",1
1792_test.jpg,MA,MA,"MA,MA-TEDONG,SA-SAPA,PI,A-KARA",1
1793_test.jpg,A,A,"A,U,NA-RAMBAT,GANTUNGAN-GA,GA",1
1794_test.jpg,SURANG,SURANG,"SURANG,GANTUNGAN-TA-LATIK,CECEK,GANTUNGAN-NA,GANTUNGAN-MA",1
1795_test.jpg,3,3,"3,I-KARA,JA,DA,SA-SAPA",1
1796_test.jpg,CECEK,CECEK,"CECEK,BISAH,ADEG-ADEG,TALENG,ULU",1
1797_test.jpg,LA,LA,"LA,GA-TEDONG,GA,GANTUNGAN-LA,SA-SAGA",1
1798_test.jpg,WA,WA,"WA,PA,TA-TAWA,WI,GANTUNGAN-TA",1
1799_test.jpg,SA,SA,"SA,CA,GANTUNGAN-LA,GANTUNGAN-CA,7",1
179_test.jpg,NANIA,NANIA,"NANIA,IA,TUA,NIA,PAMADA",1
17_test.jpg,NYA,NYA,"NYA,KA-TEDONG,GANTUNGAN-NYA,NA-RAMBAT-TEDONG,GA-TEDONG",1
1800_test.jpg,GEMPELAN-PA,GEMPELAN-PA,"GEMPELAN-PA,PA,ULU,8,0",1
1801_test.jpg,PA,PA,"PA,GEMPELAN-PA,MA,SA,GEMPELAN-SA-SAPA",1
1802_test.jpg,BISAH,BISAH,"BISAH,TALENG,ADEG-ADEG,4,CECEK",1
1803_test.jpg,TRA,GUWUNG-MACELEK,"GUWUNG-MACELEK,WRE,TRA,GANTUNGAN-MA,ULU-CANDRA",0
1804_test.jpg,PEPET,PEPET,"PEPET,GANTUNGAN-DA,DA,ULU,GANTUNGAN-MA",1
1805_test.jpg,PEPET,PEPET,"PEPET,GANTUNGAN-GA,GANTUNGAN-DA,DA,GANTUNGAN-KA",1
1806_test.jpg,TIA,TIA,"TIA,IA,TUA,TRA,PAMADA",1
1807_test.jpg,ULU,ULU,"ULU,0,GANTUNGAN-MA,ULU-SARI,NA",1
1808_test.jpg,ULU,GANTUNGAN-GA,"GANTUNGAN-GA,GANTUNGAN-A,ULU,GA,JA",0
1809_test.jpg,KA,KA,"KA,LA,KA-TEDONG,NA-RAMBAT,KU",1
180_test.jpg,KA,KA,"KA,SA-SAGA,KU,GA,NA-RAMBAT",1
1810_test.jpg,KA,KA,"KA,KU,NA-RAMBAT,BA,KA-TEDONG",1
1811_test.jpg,PA,PA,"PA,WA,GEMPELAN-PA,SA,SA-SAPA",1
1812_test.jpg,RA,RA,"RA,GANTUNGAN-KA,NGA,NA,MA",1
1813_test.jpg,TEDONG,TEDONG,"TEDONG,GU,GA,ADEG-ADEG,SUKU",1
1814_test.jpg,YA,YA,"YA,GANTUNGAN-CA,A,YA-TEDONG,9",1
1815_test.jpg,PEPET,PEPET,"PEPET,GANTUNGAN-DA,GANTUNGAN-BA,NA-RAMBAT,GANTUNGAN-GA",1
1816_test.jpg,NI,NI,"NI,DI,NING,KI,SI",1
1817_test.jpg,SURANG,SURANG,"SURANG,GUWUNG,GANTUNGAN-LA,GANTUNGAN-JA,GANTUNGAN-TA-LATIK",1
1818_test.jpg,KA,KA,"KA,NA-RAMBAT,DA-TEDONG,KU,SA-SAGA",1
1819_test.jpg,JA,JA,"JA,SA-SAGA,GANTUNGAN-NA,RA,GANTUNGAN-MA",1
181_test.jpg,WA,WA,"WA,PA,A,WI,PI",1
1820_test.jpg,NGA,NGA,"NGA,GANTUNGAN-NGA,A,GANTUNGAN-BA,RA-TEDONG",1
1821_test.jpg,PEPET,PEPET,"PEPET,GANTUNGAN-MA,JA,GANTUNGAN-GA,ULU-RICEM",1
1822_test.jpg,NANIA,NANIA,"NANIA,IA,TIA,TUA,NIA",1
1823_test.jpg,A,A,"A,U,GANTUNGAN-A,YA,GANTUNGAN-CA",1
1824_test.jpg,GA,GA,"GA,GANTUNGAN-GA,BA,TA,KA",1
1825_test.jpg,ADEG-ADEG,ADEG-ADEG,"ADEG-ADEG,SUKU,NANIA,RI,GNA",1
1826_test.jpg,TEDONG,TEDONG,"TEDONG,GU,0,ULU,ADEG-ADEG",1
1827_test.jpg,WA,WA,"WA,WI,0,GANTUNGAN-TA-TAWA,GRA",1
1828_test.jpg,BISAH,TALENG,"TALENG,GU,RU,CECEK,JU",0
1829_test.jpg,TEDONG,TEDONG,"TEDONG,GU,MI,SUKU,GA",1
182_test.jpg,WA,WA,"WA,PA,WI,CA,TA-TAWA",1
1830_test.jpg,DA,DA,"DA,BA-KEMBANG,NA,DA-MADU,JA",1
1831_test.jpg,RI,RI,"RI,NGI,GI,WI,DU",1
1832_test.jpg,ULU,ULU,"ULU,ULU-SARI,GANTUNGAN-TA,NA,SUKU-KEMBUNG",1
1833_test.jpg,TEDONG,TEDONG,"TEDONG,ULU,RA,CECEK,0",1
1834_test.jpg,GANTUNGAN-TA,GANTUNGAN-JA,"GANTUNGAN-JA,GANTUNGAN-TA,GANTUNGAN-TA-LATIK,GANTUNGAN-CA,WA",0
1835_test.jpg,KA,KA,"KA,KU,SA-SAGA,KA-TEDONG,GANTUNGAN-KA",1
1836_test.jpg,KU,NU,"NU,KU,NA,CU,KNA",0
1837_test.jpg,ADEG-ADEG,ADEG-ADEG,"ADEG-ADEG,SUKU,NANIA,GNA,TALENG",1
1838_test.jpg,NGA,NGA,"NGA,GANTUNGAN-NGA,NYA,BA,GANTUNGAN-BA",1
1839_test.jpg,NA,NA,"NA,CA,SA,GANTUNGAN-KA,KA",1
183_test.jpg,ADEG-ADEG,ADEG-ADEG,"ADEG-ADEG,5,RI,SUKU,GNA",1
1840_test.jpg,SUKU,SUKU,"SUKU,GANTUNGAN-NA,CECEK,BISAH,4",1
1841_test.jpg,KRA,KRA,"KRA,GRA,TRA,BRA,WRE",1
1842_test.jpg,NANIA,NANIA,"NANIA,IA,NIA,PAMADA,TUA",1
1843_test.jpg,A,A,"A,GANTUNGAN-A,U,YA,GANTUNGAN-CA",1
1844_test.jpg,PA,PA,"PA,GEMPELAN-PA,8,WA,MA-TEDONG",1
1845_test.jpg,NA,NA,"NA,DA,BA-KEMBANG,GANTUNGAN-KA,NA-TEDONG",1
1846_test.jpg,BA,BA,"BA,NA-RAMBAT,NYA,BU,TA",1
1847_test.jpg,TEDONG,TEDONG,"TEDONG,ULU-SARI,ULU-RICEM,SA-SAGA,GU",1
1848_test.jpg,KA,KA,"KA,LA,SA-SAGA,KA-TEDONG,GANTUNGAN-KA",1
1849_test.jpg,NGA,NGA,"NGA,GANTUNGAN-BA,GANTUNGAN-NGA,A,DA-TEDONG",1
184_test.jpg,TU,TU,"TU,WU,TIA,TRA,U",1
1850_test.jpg,TU,TU,"TU,U,BU,GU,LU",1
1851_test.jpg,SUKU-ILUT,SUKU-ILUT,"SUKU-ILUT,TEDONG,4,BISAH,8",1
1852_test.jpg,SURANG,SURANG,"SURANG,CECEK,GANTUNGAN-TA-LATIK,TALENG,GANTUNGAN-TA",1
1853_test.jpg,LA-TEDONG,LA-TEDONG,"LA-TEDONG,GA-TEDONG,MA-TEDONG,TA-TEDONG,KA-TEDONG",1
1854_test.jpg,YA,YA,"YA,GANTUNGAN-CA,SA,A,LA",1
1855_test.jpg,YA,YA,"YA,LA,ULU-CANDRA,SA,A",1
1856_test.jpg,GANTUNGAN-MA,GANTUNGAN-MA,"GANTUNGAN-MA,0,WI,PI,PEPET",1
1857_test.jpg,BA,BA,"BA,NA-RAMBAT,GANTUNGAN-BA,KA,GANTUNGAN-NGA",1
1858_test.jpg,WA-TEDONG,WA-TEDONG,"WA-TEDONG,GUWUNG-MACELEK,TA-TEDONG,TRA,MA-TEDONG",1
1859_test.jpg,TU,TU,"TU,U,TIA,TRA,WU",1
185_test.jpg,BA,BA,"BA,GANTUNGAN-BA,NA-RAMBAT,GANTUNGAN-NGA,1",1
1860_test.jpg,LA,LA,"LA,GA-TEDONG,GANTUNGAN-LA,7,GANTUNGAN-GA",1
1861_test.jpg,MA,MA,"MA,PA,SA-SAPA,PI,MA-TEDONG",1
1862_test.jpg,KU,KU,"KU,NIA,NU,KNA,KRA",1
1863_test.jpg,DA,DA,"DA,BA-KEMBANG,GANTUNGAN-A,NA,I",1
1864_test.jpg,GANTUNGAN-TA,WA,"WA,GANTUNGAN-TA,CA,GANTUNGAN-CA,GANTUNGAN-JA",0
1865_test.jpg,I,I,"I,BI,TI,GI,LI",1
1866_test.jpg,SUKU,SUKU,"SUKU,GANTUNGAN-NA,SUKU-KEMBUNG,PU,TEDONG",1
1867_test.jpg,A,A,"A,U,NA-RAMBAT,LA,GANTUNGAN-GA",1
1868_test.jpg,TEDONG,PEPET,"PEPET,ULU-RICEM,TEDONG,ULU-SARI,GANTUNGAN-NA",0
1869_test.jpg,TEDONG,TEDONG,"TEDONG,GU,SUKU-ILUT,ULU,SUKU",1
186_test.jpg,DA,DA,"DA,DA-MADU,BA-KEMBANG,NA,TA-TAWA",1
1870_test.jpg,PEPET,PEPET,"PEPET,GANTUNGAN-GA,GANTUNGAN-BA,GANTUNGAN-A,GANTUNGAN-LA",1
1871_test.jpg,NA-RAMBAT,NA-RAMBAT,"NA-RAMBAT,BA,GANTUNGAN-BA,KA,BU",1
1872_test.jpg,GA,GA,"GA,GANTUNGAN-GA,LA,SA-SAGA,NA-RAMBAT",1
1873_test.jpg,A,A,"A,A-TEDONG,WA-TEDONG,LA-TEDONG,U",1
1874_test.jpg,TEDONG,TEDONG,"TEDONG,GU,SUKU,0,ULU",1
1875_test.jpg,LU,LU,"LU,SU,U,GU,MU",1
1876_test.jpg,LA,LA,"LA,GANTUNGAN-LA,GA,GA-TEDONG,7",1
1877_test.jpg,TALENG,TALENG,"TALENG,GANTUNGAN-A,ULU,U,DA",1
1878_test.jpg,SA,SA,"SA,CA,LA,PA,NA",1
1879_test.jpg,YA,YA,"YA,A,9,LA,GANTUNGAN-A",1
187_test.jpg,CECEK,CECEK,"CECEK,ADEG-ADEG,NANIA,BISAH,TALENG",1
1880_test.jpg,PEPET,PEPET,"PEPET,GANTUNGAN-DA,GANTUNGAN-GA,GANTUNGAN-LA,6",1
1881_test.jpg,YA,YA,"YA,9,LA,ULU-CANDRA,GANTUNGAN-TA-LATIK",1
1882_test.jpg,PEPET,PEPET,"PEPET,GANTUNGAN-MA,ULU,6,GANTUNGAN-GA",1
1883_test.jpg,A-KARA,A-KARA,"A-KARA,SA-SAPA,GEMPELAN-SA-SAPA,DI,MA",1
1884_test.jpg,ULU,ULU,"ULU,ULU-SARI,TALENG,DA,GANTUNGAN-A",1
1885_test.jpg,A,A,"A,U,GANTUNGAN-GA,LA,GANTUNGAN-A",1
1886_test.jpg,ULU,ULU,"ULU,GANTUNGAN-GA,GA,TEDONG,SUKU-KEMBUNG",1
1887_test.jpg,SURANG,SURANG,"SURANG,GANTUNGAN-MA,GANTUNGAN-TA-LATIK,GUWUNG,PEPET",1
1888_test.jpg,PA,PA,"PA,MA,WA,SA-SAPA,8",1
1889_test.jpg,SURANG,PEPET,"PEPET,GANTUNGAN-DA,SURANG,GUWUNG,GANTUNGAN-TA-LATIK",0
188_test.jpg,NGA,NGA,"NGA,GANTUNGAN-NGA,A,6,NA-RAMBAT",1
1890_test.jpg,NA,NA,"NA,GANTUNGAN-KA,DA,BA-KEMBANG,GANTUNGAN-MA",1
1891_test.jpg,SU,SU,"SU,CU,SI,YU,SA",1
1892_test.jpg,GA,GA,"GA,BA,GANTUNGAN-GA,GU,LA",1
1893_test.jpg,PEPET,PEPET,"PEPET,GANTUNGAN-GA,GANTUNGAN-MA,ULU,GANTUNGAN-DA",1
1894_test.jpg,GANTUNGAN-TA,GANTUNGAN-TA,"GANTUNGAN-TA,GANTUNGAN-CA,GANTUNGAN-A,NA,GANTUNGAN-KA",1
1895_test.jpg,GA,GA,"GA,GU,RA,KU,GANTUNGAN-GA",1
1896_test.jpg,LA,LA,"LA,GANTUNGAN-LA,7,YA,A",1
1897_test.jpg,DA,DA,"DA,NA,BA-KEMBANG,DA-MADU,JA",1
1898_test.jpg,NGA,NGA,"NGA,NA-RAMBAT,KA,A,GANTUNGAN-NGA",1
1899_test.jpg,NGA,NGA,"NGA,A,I-KARA,GANTUNGAN-NGA,NA-TEDONG",1
189_test.jpg,TEDONG,TEDONG,"TEDONG,SUKU-ILUT,ULU,4,0",1
18_test.jpg,NA,CA,"CA,NA,SA,KA,GANTUNGAN-KA",0
1900_test.jpg,NA,NA,"NA,BA-KEMBANG,DA,GANTUNGAN-KA,CA",1
1901_test.jpg,ULU,ULU,"ULU,TALENG,0,DA,GANTUNGAN-TA",1
1902_test.jpg,BA,BA,"BA,NA-RAMBAT,NGA,A,TA",1
1903_test.jpg,NGA,NGA,"NGA,GANTUNGAN-NGA,A,A-TEDONG,WA-TEDONG",1
1904_test.jpg,JA,JA,"JA,RA,JA-TEDONG,GANTUNGAN-NA,I-KARA",1
1905_test.jpg,DA,DA,"DA,YA,A,GANTUNGAN-A,NGA",1
1906_test.jpg,PA,PA,"PA,GEMPELAN-PA,MA,8,GEMPELAN-SA-SAPA",1
1907_test.jpg,GA,GA,"GA,GANTUNGAN-GA,BA,LA,SA-SAGA",1
1908_test.jpg,SUKU,SUKU,"SUKU,TEDONG,SUKU-ILUT,NU,TALENG",1
1909_test.jpg,JU,JU,"JU,TALENG,GU,DU,U",1
190_test.jpg,TALENG,TALENG,"TALENG,CECEK,TEDONG,BISAH,NU",1
1910_test.jpg,LU,LU,"LU,YU,SU,MU,U",1
1911_test.jpg,SA-SAPA,SA-SAPA,"SA-SAPA,TA-TAWA,8,GANTUNGAN-TA-LATIK,GEMPELAN-SA-SAPA",1
1912_test.jpg,RA,RA,"RA,RA-TEDONG,MA,RU,WA",1
1913_test.jpg,DA,DA,"DA,DA-MADU,NA,GANTUNGAN-KA,JA",1
1914_test.jpg,NGI,NI,"NI,JI,RI,DI,WI",0
1915_test.jpg,JA,JA,"JA,RA,BISAH,JU,GANTUNGAN-KA",1
1916_test.jpg,RA,RA,"RA,TEDONG,MI,4,ADEG-ADEG",1
1917_test.jpg,NANIA,NANIA,"NANIA,IA,NIA,TIA,TUA",1
1918_test.jpg,YA,YA,"YA,9,YA-TEDONG,DA-MADU,A",1
1919_test.jpg,SUKU,SUKU,"SUKU,ADEG-ADEG,GANTUNGAN-NA,NANIA,CECEK",1
191_test.jpg,KA,KA,"KA,KA-TEDONG,KU,GANTUNGAN-KA,NA-RAMBAT",1
1920_test.jpg,KA,KA,"KA,NA-RAMBAT,GANTUNGAN-BA,KU,BA",1
1921_test.jpg,NA,NA,"NA,GANTUNGAN-KA,GANTUNGAN-NA,SA,JNA",1
1922_test.jpg,BA,BA,"BA,GANTUNGAN-BA,NGA,NA-RAMBAT,KA",1
1923_test.jpg,3,3,"3,A-KARA,GEMPELAN-SA-SAPA,I-KARA,NING",1
1924_test.jpg,TA,TA,"TA,A,BA,U,TU",1
1925_test.jpg,SUKU,SUKU,"SUKU,PU,4,SU,GANTUNGAN-NA",1
1926_test.jpg,TU,TU,"TU,U,TRA,1,IA",1
1927_test.jpg,YA,YA,"YA,LA,A,GANTUNGAN-TA-LATIK,NGA",1
1928_test.jpg,LA,LA,"LA,SA,7,GANTUNGAN-LA,YA",1
1929_test.jpg,ULU-SARI,ULU-SARI,"ULU-SARI,GANTUNGAN-MA,ULU,GANTUNGAN-TA-TAWA,0",1
192_test.jpg,A,A,"A,U,NA-RAMBAT,TA,GANTUNGAN-GA",1
1930_test.jpg,TA,TA,"TA,A,BA,GANTUNGAN-TA,TU",1
1931_test.jpg,YA,YA,"YA,A,GANTUNGAN-CA,9,GANTUNGAN-A",1
1932_test.jpg,JA,JA,"JA,SA-SAGA,RA,JA-TEDONG,JU",1
1933_test.jpg,WA,WA,"WA,MA,PA,WI,GANTUNGAN-TA",1
1934_test.jpg,WA,WA,"WA,WA-TEDONG,WI,CA,GANTUNGAN-TA",1
1935_test.jpg,TALENG,TALENG,"TALENG,GANTUNGAN-A,U,RA,A",1
1936_test.jpg,SA,CA,"CA,NA,SA,A-KARA,BA-KEMBANG",0
1937_test.jpg,MA,MA,"MA,SA-SAPA,GEMPELAN-SA-SAPA,MA-TEDONG,A-KARA",1
1938_test.jpg,NANIA,NANIA,"NANIA,IA,NIA,PAMADA,NGU",1
1939_test.jpg,ADEG-ADEG,ADEG-ADEG,"ADEG-ADEG,TALENG,RU,RA,5",1
193_test.jpg,1,1,"1,GANTUNGAN-BA,LA,A-KARA,BA",1
1940_test.jpg,A,A,"A,U,GA,NGA,LA",1
1941_test.jpg,WA,WA,"WA,PA,GANTUNGAN-TA,ULU,0",1
1942_test.jpg,ULU,ULU,"ULU,GANTUNGAN-MA,CECEK,0,GANTUNGAN-TA",1
1943_test.jpg,TA,TA,"TA,BA,TU,TI,A",1
1944_test.jpg,YA,YA,"YA,LA,ULU-CANDRA,SA,GANTUNGAN-TA-LATIK",1
1945_test.jpg,MA,MA,"MA,MA-TEDONG,SA-SAPA,PA,DA-MADU",1
1946_test.jpg,GANTUNGAN-NA,JA,"JA,GANTUNGAN-NA,SA-SAGA,BISAH,DA",0
1947_test.jpg,NA,NA,"NA,GANTUNGAN-KA,CA,BA-KEMBANG,DA",1
1948_test.jpg,RA,RA,"RA,CECEK,GEMPELAN-PA,MA-TEDONG,NANIA",1
1949_test.jpg,KA,KA,"KA,GANTUNGAN-KA,KA-TEDONG,NA-RAMBAT,KU",1
194_test.jpg,NA,NA,"NA,CA,GANTUNGAN-KA,KNA,SA",1
1950_test.jpg,WA,WA,"WA,GANTUNGAN-TA,CA,PA,TA-TAWA",1
1951_test.jpg,KRA,KRA,"KRA,GRA,BRA,KU,TRA",1
1952_test.jpg,DU,DU,"DU,CU,NU,NA,DI",1
1953_test.jpg,CECEK,CECEK,"CECEK,GANTUNGAN-NA,BISAH,TALENG,SURANG",1
1954_test.jpg,KA,KA,"KA,NA-RAMBAT,SA-SAGA,KU,BA",1
1955_test.jpg,TALENG,TALENG,"TALENG,U,GANTUNGAN-A,I-KARA,RU",1
1956_test.jpg,PA,PA,"PA,WA,8,GEMPELAN-PA,PI",1
1957_test.jpg,PI,MI,"MI,PI,SI,WI,MA-TEDONG",0
1958_test.jpg,JI,JI,"JI,NGI,I,I-KARA,NI",1
1959_test.jpg,CECEK,CECEK,"CECEK,SURANG,TALENG,BISAH,GANTUNGAN-NA",1
195_test.jpg,ADEG-ADEG,ADEG-ADEG,"ADEG-ADEG,SURANG,BISAH,TALENG,NANIA",1
1960_test.jpg,KA,KA,"KA,BA,NA-RAMBAT,TA,TU",1
1961_test.jpg,WA,WA,"WA,PA,A,GUWUNG-MACELEK,GUWUNG",1
1962_test.jpg,SURANG,SURANG,"SURANG,GUWUNG,GANTUNGAN-LA,GANTUNGAN-DA,GANTUNGAN-TA-LATIK",1
1963_test.jpg,JA,JA,"JA,GANTUNGAN-NA,SA-SAGA,RA,NA",1
1964_test.jpg,LA,LA,"LA,7,LU,9,SA",1
1965_test.jpg,GA,GA,"GA,GANTUNGAN-GA,GU,NA-RAMBAT,BA",1
1966_test.jpg,YA,YA,"YA,LA,A,GANTUNGAN-TA-LATIK,GANTUNGAN-CA",1
1967_test.jpg,JA-TEDONG,JA-TEDONG,"JA-TEDONG,2,JA,GANTUNGAN-NA,BU",1
1968_test.jpg,DA,DA,"DA,BA-KEMBANG,DA-MADU,NA,DA-TEDONG",1
1969_test.jpg,PAMADA,PAMADA,"PAMADA,LA-LENGA,KNA,NIA,NING",1
196_test.jpg,ADEG-ADEG,ADEG-ADEG,"ADEG-ADEG,SUKU,GNA,NANIA,RI",1
1970_test.jpg,WA,WA,"WA,GANTUNGAN-TA,CA,GANTUNGAN-KA,GANTUNGAN-JA",1
1971_test.jpg,DA,DA,"DA,GANTUNGAN-KA,PEPET,DA-MADU,GANTUNGAN-TA",1
1972_test.jpg,YA,YA,"YA,9,LA,SA,A",1
1973_test.jpg,SUKU,SUKU,"SUKU,GANTUNGAN-NA,SUKU-KEMBUNG,U,PU",1
1974_test.jpg,BISAH,BISAH,"BISAH,NU,CECEK,4,RA",1
1975_test.jpg,JA,JA,"JA,KU,4,KA,BISAH",1
1976_test.jpg,NA,NA,"NA,DA,GANTUNGAN-KA,ULU-SARI,BA-KEMBANG",1
1977_test.jpg,TALENG,TALENG,"TALENG,SUKU,CECEK,ADEG-ADEG,BISAH",1
1978_test.jpg,ADEG-ADEG,ADEG-ADEG,"ADEG-ADEG,GNA,TALENG,NANIA,SUKU",1
1979_test.jpg,NGA,NGA,"NGA,1,RA,A,GANTUNGAN-NGA",1
197_test.jpg,NGA,NGA,"NGA,DA-MADU,GANTUNGAN-TA-LATIK,TA-TAWA,GANTUNGAN-A",1
1980_test.jpg,BISAH,BISAH,"BISAH,4,TALENG,CECEK,ADEG-ADEG",1
1981_test.jpg,KA,KA,"KA,GANTUNGAN-KA,KA-TEDONG,NA,KU",1
1982_test.jpg,NA-TEDONG,NA-TEDONG,"NA-TEDONG,NA,KA-TEDONG,KA,DA-TEDONG",1
1983_test.jpg,ADEG-ADEG,ADEG-ADEG,"ADEG-ADEG,SUKU,RU,NANIA,GNA",1
1984_test.jpg,DA,DA,"DA,6,NA,E-KARA,DA-MADU",1
1985_test.jpg,NA,NA,"NA,GANTUNGAN-KA,DA,BA-KEMBANG,MA",1
1986_test.jpg,TEDONG,TEDONG,"TEDONG,SUKU-ILUT,SUKU,8,GANTUNGAN-NA",1
1987_test.jpg,PEPET,PEPET,"PEPET,SUKU-KEMBUNG,ULU,GANTUNGAN-GA,GUWUNG-MACELEK",1
1988_test.jpg,BA,BA,"BA,1,NA-RAMBAT,GANTUNGAN-BA,BU",1
1989_test.jpg,KA,KA,"KA,KU,NA-RAMBAT,LA,GU",1
198_test.jpg,YA,YA,"YA,LA,GANTUNGAN-TA-LATIK,ULU-CANDRA,A",1
1990_test.jpg,CECEK,CECEK,"CECEK,BISAH,SUKU,4,ADEG-ADEG",1
1991_test.jpg,7,7,"7,9,A-KARA,SI,GANTUNGAN-LA",1
1992_test.jpg,PEPET,PEPET,"PEPET,GANTUNGAN-GA,GANTUNGAN-DA,GANTUNGAN-A,GANTUNGAN-MA",1
1993_test.jpg,A,A,"A,U,LA,GANTUNGAN-A,WA-TEDONG",1
1994_test.jpg,SURANG,TALENG,"TALENG,SURANG,ADEG-ADEG,SUKU,GANTUNGAN-NA",0
1995_test.jpg,RA,RA,"RA,TALENG,ADEG-ADEG,RU,RA-TEDONG",1
1996_test.jpg,TEDONG,TEDONG,"TEDONG,GU,SUKU,SUKU-ILUT,NU",1
1997_test.jpg,NGU,NGU,"NGU,U,IA,RU,2",1
1998_test.jpg,TU,TU,"TU,TIA,KU,WU,TRA",1
1999_test.jpg,NANIA,NANIA,"NANIA,IA,NIA,TUA,PAMADA",1
199_test.jpg,SURANG,SURANG,"SURANG,GANTUNGAN-NA,CECEK,SA,GANTUNGAN-LA",1
19_test.jpg,SURANG,SURANG,"SURANG,GANTUNGAN-NA,GANTUNGAN-TA-LATIK,TALENG,CECEK",1
1_test.jpg,NGA,NGA,"NGA,GANTUNGAN-NGA,A,BA,A-TEDONG",1
2000_test.jpg,BA,BA,"BA,GANTUNGAN-BA,RA-TEDONG,BU,NYA",1
2001_test.jpg,NGA,NGA,"NGA,A,GANTUNGAN-NGA,TA-TAWA,DA-MADU",1
2002_test.jpg,NANIA,NANIA,"NANIA,IA,NIA,TIA,TUA",1
2003_test.jpg,TALENG,TALENG,"TALENG,ADEG-ADEG,NANIA,2,BISAH",1
2004_test.jpg,WA,WA,"WA,GANTUNGAN-TA,PA,WI,0",1
2005_test.jpg,YA,YA,"YA,LA,A,9,GANTUNGAN-LA",1
2006_test.jpg,TU,TU,"TU,KU,BU,U,WU",1
2007_test.jpg,BISAH,BISAH,"BISAH,4,CECEK,TALENG,RA",1
2008_test.jpg,SUKU-ILUT,SUKU-ILUT,"SUKU-ILUT,GANTUNGAN-GA,TEDONG,GUWUNG-MACELEK,GANTUNGAN-A",1
2009_test.jpg,ADEG-ADEG,ADEG-ADEG,"ADEG-ADEG,TEDONG,RA,CECEK,ULU-SARI",1
200_test.jpg,KA,KA,"KA,KA-TEDONG,KU,GANTUNGAN-KA,NA-RAMBAT",1
2010_test.jpg,ULU,CECEK,"CECEK,NANIA,GEMPELAN-PA,ULU,SUKU",0
2011_test.jpg,SUKU,SUKU,"SUKU,CECEK,MU,PU,WU",1
2012_test.jpg,TEDONG,TEDONG,"TEDONG,GU,ADEG-ADEG,SUKU,SUKU-ILUT",1
2013_test.jpg,WU,TU,"TU,WU,TRA,5,WA",0
2014_test.jpg,TA,TA,"TA,TA-TEDONG,A,TU,TI",1
2015_test.jpg,ULU,ULU,"ULU,0,GANTUNGAN-MA,ULU-SARI,GANTUNGAN-GA",1
2016_test.jpg,DA,DA,"DA,NA,BA-KEMBANG,ULU-SARI,NYA",1
2017_test.jpg,A,A,"A,U,GANTUNGAN-A,LA,GA",1
2018_test.jpg,BA,BA,"BA,GANTUNGAN-BA,1,A-KARA,NGA",1
2019_test.jpg,ULU,ULU,"ULU,GANTUNGAN-GA,PEPET,ULU-SARI,GANTUNGAN-MA",1
201_test.jpg,RA,ADEG-ADEG,"ADEG-ADEG,RU,NANIA,RA,TALENG",0
2020_test.jpg,YA-TEDONG,YA-TEDONG,"YA-TEDONG,YA,9,GANTUNGAN-A,GANTUNGAN-CA",1
2021_test.jpg,PEPET,PEPET,"PEPET,GANTUNGAN-GA,GANTUNGAN-DA,DA,GANTUNGAN-A",1
2022_test.jpg,NA,NA-TEDONG,"NA-TEDONG,KI,NI,NA,JA-TEDONG",0
2023_test.jpg,ULU,TEDONG,"TEDONG,ULU,GU,RA,ULU-SARI",0
2024_test.jpg,BISAH,BISAH,"BISAH,TALENG,GANTUNGAN-NA,SURANG,MU",1
2025_test.jpg,GANTUNGAN-TA,GANTUNGAN-TA,"GANTUNGAN-TA,WA,MA-TEDONG,GANTUNGAN-JA,TA",1
2026_test.jpg,WI,WI,"WI,MI,WUA,PI,DI",1
2027_test.jpg,CECEK,CECEK,"CECEK,ULU,TALENG,BISAH,TEDONG",1
2028_test.jpg,NANIA,NIA,"NIA,PAMADA,TIA,WRE,CU",0
2029_test.jpg,TEDONG,TEDONG,"TEDONG,GU,SUKU,RU,GNA",1
202_test.jpg,CECEK,CECEK,"CECEK,TALENG,BISAH,ULU,ADEG-ADEG",1
2030_test.jpg,ADEG-ADEG,ADEG-ADEG,"ADEG-ADEG,TALENG,5,RA,RI",1
2031_test.jpg,JA,JA,"JA,6,4,DA,RA",1
2032_test.jpg,A,A,"A,U,GANTUNGAN-A,NA-RAMBAT,GANTUNGAN-CA",1
2033_test.jpg,GEMPELAN-SA-SAPA,GEMPELAN-SA-SAPA,"GEMPELAN-SA-SAPA,PA,GEMPELAN-PA,SA,SA-SAPA",1
2034_test.jpg,CECEK,CECEK,"CECEK,BISAH,TALENG,ULU,SUKU",1
2035_test.jpg,GA,GA,"GA,GANTUNGAN-GA,GU,JA,SA-SAGA",1
2036_test.jpg,MA,MA,"MA,SA,SA-SAPA,A-KARA,GEMPELAN-SA-SAPA",1
2037_test.jpg,GANTUNGAN-TA,GANTUNGAN-TA,"GANTUNGAN-TA,GANTUNGAN-A,TA,GANTUNGAN-JA,GANTUNGAN-GA",1
2038_test.jpg,TA-TEDONG,TA-TEDONG,"TA-TEDONG,A-TEDONG,TA,RA-TEDONG,NYA",1
2039_test.jpg,GA,GA,"GA,SA-SAGA,LA,GANTUNGAN-GA,TA",1
203_test.jpg,BISAH,BISAH,"BISAH,TALENG,CECEK,SUKU,4",1
2040_test.jpg,GUWUNG,GUWUNG,"GUWUNG,GUWUNG-MACELEK,GANTUNGAN-LA,SURANG,GANTUNGAN-MA",1
2041_test.jpg,NYA,GANTUNGAN-NYA,"GANTUNGAN-NYA,NYA,GANTUNGAN-NGA,NA-RAMBAT-TEDONG,GANTUNGAN-BA",0
2042_test.jpg,ADEG-ADEG,ADEG-ADEG,"ADEG-ADEG,RI,RU,2,NANIA",1
2043_test.jpg,YA,YA,"YA,9,YA-TEDONG,GANTUNGAN-CA,GANTUNGAN-TA-LATIK",1
2044_test.jpg,YA,YA,"YA,9,A,GANTUNGAN-CA,YA-TEDONG",1
2045_test.jpg,CECEK,CECEK,"CECEK,ULU,TEDONG,TALENG,BISAH",1
2046_test.jpg,TUA,TUA,"TUA,TRA,TIA,PAMADA,WRE",1
2047_test.jpg,NANIA,NANIA,"NANIA,IA,NIA,TUA,NGU",1
2048_test.jpg,KA,KA,"KA,KU,NA-RAMBAT,KA-TEDONG,GANTUNGAN-KA",1
2049_test.jpg,PEPET,PEPET,"PEPET,ULU,GANTUNGAN-MA,GANTUNGAN-GA,ULU-SARI",1
204_test.jpg,TA,TA,"TA,GANTUNGAN-TA,TU,TA-TEDONG,KA",1
2050_test.jpg,KA,KA,"KA,KU,NA-RAMBAT,KA-TEDONG,GANTUNGAN-KA",1
2051_test.jpg,BISAH,BISAH,"BISAH,4,GANTUNGAN-NA,SUKU,JNA",1
2052_test.jpg,DA-MADU,DA-MADU,"DA-MADU,CA,WA,DA-TEDONG,5",1
2053_test.jpg,SURANG,SURANG,"SURANG,GANTUNGAN-MA,GANTUNGAN-NA,GANTUNGAN-TA-LATIK,GUWUNG",1
2054_test.jpg,BISAH,BISAH,"BISAH,4,TALENG,CECEK,JU",1
2055_test.jpg,DA,DA,"DA,BA-KEMBANG,MA-TEDONG,WA-TEDONG,6",1
2056_test.jpg,NGA,NGA,"NGA,A,GANTUNGAN-NGA,1,WA-TEDONG",1
2057_test.jpg,TA,TA,"TA,A,TU,GANTUNGAN-TA,WA",1
2058_test.jpg,GANTUNGAN-CA,GANTUNGAN-CA,"GANTUNGAN-CA,DA,GANTUNGAN-DA,GANTUNGAN-A,A",1
2059_test.jpg,BU,BU,"BU,LU,U,GU,KU",1
205_test.jpg,MA,MA,"MA,MA-TEDONG,PA,GEMPELAN-SA-SAPA,SA",1
2060_test.jpg,JI,JI,"JI,NGI,DI,GI,WI",1
2061_test.jpg,KA,KA,"KA,BA,NA-RAMBAT,A,KU",1
2062_test.jpg,NA,NA,"NA,GANTUNGAN-KA,BA-KEMBANG,DA,KA",1
2063_test.jpg,TA,TA,"TA,BA,TU,WA,A",1
2064_test.jpg,KA,KA,"KA,NA-RAMBAT,NA,KA-TEDONG,DA",1
2065_test.jpg,GA,GA,"GA,GANTUNGAN-GA,LA,PEPET,SA-SAGA",1
2066_test.jpg,NGA,NGA,"NGA,GANTUNGAN-NGA,A,WA-TEDONG,GANTUNGAN-BA",1
2067_test.jpg,JA,JA,"JA,RA,JA-TEDONG,SA-SAGA,NA",1
2068_test.jpg,KA,KA,"KA,KA-TEDONG,NA-RAMBAT,KU,GANTUNGAN-KA",1
2069_test.jpg,ULU,PEPET,"PEPET,NYA,GA-TEDONG,GANTUNGAN-NGA,GANTUNGAN-GA",0
206_test.jpg,PA,PA,"PA,GUWUNG,NANIA,SUKU-KEMBUNG,GUWUNG-MACELEK",1
2070_test.jpg,NGA,NGA,"NGA,GANTUNGAN-NGA,A,GANTUNGAN-BA,BA",1
2071_test.jpg,NGA,KA,"KA,TA,BA,A,NGA",0
2072_test.jpg,LA,LA,"LA,GANTUNGAN-LA,GUWUNG-MACELEK,GA-TEDONG,7",1
2073_test.jpg,ADEG-ADEG,ADEG-ADEG,"ADEG-ADEG,SUKU,NANIA,GNA,RI",1
2074_test.jpg,8,MU,"MU,WU,PU,GEMPELAN-SA-SAPA,SU",0
2075_test.jpg,JU,JU,"JU,DU,GU,JA,NU",1
2076_test.jpg,0,ULU,"ULU,0,ULU-SARI,GANTUNGAN-MA,WA",0
2077_test.jpg,KA,KU,"KU,KA,NIA,KA-TEDONG,7",0
2078_test.jpg,SUKU,SUKU,"SUKU,GANTUNGAN-NA,RI,4,PU",1
2079_test.jpg,WA,WA,"WA,GANTUNGAN-TA,CA,PA,WI",1
207_test.jpg,TI,TI,"TI,GI,TA-TEDONG,KI,BI",1
2080_test.jpg,TA,A,"A,U,TA,GANTUNGAN-A,LA",0
2081_test.jpg,SUKU,SUKU,"SUKU,GANTUNGAN-NA,TEDONG,PU,CECEK",1
2082_test.jpg,GA,GA,"GA,GANTUNGAN-GA,NA-RAMBAT,WA,LA",1
2083_test.jpg,NGA,NGA,"NGA,A,SA-SAPA,TI,TA-TAWA",1
2084_test.jpg,BISAH,BISAH,"BISAH,CECEK,TALENG,ADEG-ADEG,4",1
2085_test.jpg,SUKU,SUKU,"SUKU,TALENG,GANTUNGAN-NA,PU,U",1
2086_test.jpg,JI,JI,"JI,WI,NGI,RI,GNA",1
2087_test.jpg,NI,NI,"NI,NING,DI,NA-TEDONG,KI",1
2088_test.jpg,KU,KU,"KU,KA,KNA,NIA,KRA",1
2089_test.jpg,MI,WI,"WI,MI,PI,SI,MA-TEDONG",0
208_test.jpg,GA,GA,"GA,BA,LA,GANTUNGAN-GA,SA-SAGA",1
2090_test.jpg,NYA,NYA,"NYA,GANTUNGAN-NYA,NA-RAMBAT-TEDONG,TA-TEDONG,KA-TEDONG",1
2091_test.jpg,NYA,NYA,"NYA,TA-TEDONG,1,BA,RA-TEDONG",1
2092_test.jpg,CA,CA,"CA,SA,GANTUNGAN-LA,7,GUWUNG-MACELEK",1
2093_test.jpg,WA,WA,"WA,0,SUKU-KEMBUNG,GRA,WI",1
2094_test.jpg,TEDONG,ULU-RICEM,"ULU-RICEM,ULU-SARI,PEPET,SA-SAGA,TEDONG",0
2095_test.jpg,GA,GA,"GA,GANTUNGAN-GA,LA,SA-SAGA,GU",1
2096_test.jpg,SUKU,RU,"RU,TU,NANIA,WU,IA",0
2097_test.jpg,BISAH,BISAH,"BISAH,CECEK,TALENG,SURANG,GANTUNGAN-NA",1
2098_test.jpg,CECEK,CECEK,"CECEK,ULU,TALENG,BISAH,GANTUNGAN-NA",1
2099_test.jpg,TA,TA,"TA,A,KA,BA,WA-TEDONG",1
209_test.jpg,NI,NI,"NI,DI,NING,SI,NA-TEDONG",1
20_test.jpg,LA,LA,"LA,GANTUNGAN-LA,7,GANTUNGAN-GA,GA-TEDONG",1
2100_test.jpg,GEMPELAN-SA-SAPA,WI,"WI,5,DI,GEMPELAN-SA-SAPA,4",0
2101_test.jpg,TALENG,TALENG,"TALENG,BISAH,WU,NGU,RA",1
2102_test.jpg,JA,JA,"JA,BISAH,GANTUNGAN-NA,RA,JU",1
2103_test.jpg,CECEK,CECEK,"CECEK,SURANG,TALENG,BISAH,GANTUNGAN-NA",1
2104_test.jpg,YA-TEDONG,YA-TEDONG,"YA-TEDONG,YA,9,SA,A-KARA",1
2105_test.jpg,JA,JA,"JA,SA-SAGA,JA-TEDONG,RA,NA",1
2106_test.jpg,GA,GA,"GA,GANTUNGAN-GA,LA,BA,NA-RAMBAT",1
2107_test.jpg,RA,RA,"RA,WA,RA-TEDONG,GANTUNGAN-TA,MA-TEDONG",1
2108_test.jpg,CECEK,CECEK,"CECEK,BISAH,TALENG,ADEG-ADEG,TEDONG",1
2109_test.jpg,BISAH,BISAH,"BISAH,JU,TALENG,4,ADEG-ADEG",1
210_test.jpg,KA,KA,"KA,NA-RAMBAT,KU,SA-SAGA,BA",1
2110_test.jpg,TEDONG,TEDONG,"TEDONG,GU,0,SUKU-ILUT,SUKU",1
2111_test.jpg,WA,WA,"WA,0,PA,GANTUNGAN-TA,MA",1
2112_test.jpg,GANTUNGAN-DA,GANTUNGAN-DA,"GANTUNGAN-DA,U-KARA,GANTUNGAN-LA,E-KARA,NA-RAMBAT",1
2113_test.jpg,GEMPELAN-PA,GEMPELAN-PA,"GEMPELAN-PA,PA,8,0,SUKU-ILUT",1
2114_test.jpg,BISAH,BISAH,"BISAH,TALENG,JU,ADEG-ADEG,4",1
2115_test.jpg,ULU,ULU,"ULU,TEDONG,ULU-SARI,ADEG-ADEG,0",1
2116_test.jpg,TEDONG,TEDONG,"TEDONG,SUKU-ILUT,GANTUNGAN-GA,0,ULU",1
2117_test.jpg,TA,TA,"TA,A,WA-TEDONG,GUWUNG-MACELEK,TU",1
2118_test.jpg,DA,GANTUNGAN-DA,"GANTUNGAN-DA,BA-KEMBANG,DA,6,NA",0
2119_test.jpg,MA,MA,"MA,PA,GEMPELAN-PA,SA,GEMPELAN-SA-SAPA",1
211_test.jpg,SURANG,SURANG,"SURANG,CECEK,GANTUNGAN-NA,BISAH,TALENG",1
2120_test.jpg,NGA,NGA,"NGA,GANTUNGAN-NGA,A,GANTUNGAN-BA,BA",1
2121_test.jpg,NANIA,NANIA,"NANIA,IA,NIA,TIA,TUA",1
2122_test.jpg,MA,MA,"MA,SA-SAPA,MA-TEDONG,PA,A-KARA",1
2123_test.jpg,YA,YA,"YA,ULU-CANDRA,9,LA,YA-TEDONG",1
2124_test.jpg,NIA,NIA,"NIA,KNA,KU,KRA,PAMADA",1
2125_test.jpg,TALENG,TALENG,"TALENG,2,BU,U,TU",1
2126_test.jpg,NA,NA,"NA,GANTUNGAN-KA,MA,DA,ULU-SARI",1
2127_test.jpg,JA,JA,"JA,6,JU,RA,E-KARA",1
2128_test.jpg,SU,SU,"SU,YU,SI,CU,SA",1
2129_test.jpg,BA,BA,"BA,NGA,A,1,NA-RAMBAT",1
212_test.jpg,YA,YA,"YA,9,GANTUNGAN-CA,YA-TEDONG,SA",1
2130_test.jpg,RA,ADEG-ADEG,"ADEG-ADEG,NANIA,SUKU,TALENG,GNA",0
2131_test.jpg,BA,BA,"BA,NA-RAMBAT,GANTUNGAN-BA,GANTUNGAN-NGA,A",1
2132_test.jpg,MA,MA,"MA,GEMPELAN-SA-SAPA,SA-SAPA,A-KARA,MA-TEDONG",1
2133_test.jpg,ULU,0,"0,ULU,GANTUNGAN-MA,SUKU-KEMBUNG,WA",0
2134_test.jpg,MA,MA,"MA,PA,LA,8,MA-TEDONG",1
2135_test.jpg,NGA,NGA,"NGA,GANTUNGAN-NGA,NA-TEDONG,DA-TEDONG,A",1
2136_test.jpg,TEDONG,TEDONG,"TEDONG,ADEG-ADEG,RA,MI,RA-TEDONG",1
2137_test.jpg,TU,TU,"TU,TRA,TIA,U,TI",1
2138_test.jpg,TA,TA,"TA,TU,BA,NA-RAMBAT,A",1
2139_test.jpg,MA,MA,"MA,A-KARA,SA-SAPA,GEMPELAN-SA-SAPA,MA-TEDONG",1
213_test.jpg,GU,NANIA,"NANIA,GRA,GU,TRA,NGU",0
2140_test.jpg,WA,WA,"WA,0,7,PA,8",1
2141_test.jpg,GANTUNGAN-TA-LATIK,GANTUNGAN-TA-LATIK,"GANTUNGAN-TA-LATIK,GANTUNGAN-MA,GANTUNGAN-TA,PA,DA",1
2142_test.jpg,SURANG,SURANG,"SURANG,TALENG,GANTUNGAN-NA,BISAH,CECEK",1
2143_test.jpg,TALENG,TALENG,"TALENG,CECEK,GU,U,ADEG-ADEG",1
2144_test.jpg,SA,SA,"SA,CA,NA,A-KARA,LA",1
2145_test.jpg,TALENG,TALENG,"TALENG,CECEK,BISAH,RA,ADEG-ADEG",1
2146_test.jpg,GA,GA,"GA,BA,TA,A,LA",1
2147_test.jpg,BA,BA,"BA,GANTUNGAN-BA,NA-RAMBAT,GA,KA",1
2148_test.jpg,BISAH,BISAH,"BISAH,TALENG,MU,JU,CECEK",1
2149_test.jpg,ULU,ULU,"ULU,0,ULU-SARI,GANTUNGAN-GA,PEPET",1
214_test.jpg,KA,KA,"KA,KA-TEDONG,GANTUNGAN-KA,KU,NA-TEDONG",1
2150_test.jpg,RA-TEDONG,RA-TEDONG,"RA-TEDONG,TA-TEDONG,NA-TEDONG,WA-TEDONG,A-TEDONG",1
2151_test.jpg,RA,RA,"RA,RA-TEDONG,WA,GANTUNGAN-GA,MA",1
2152_test.jpg,SUKU,SUKU,"SUKU,JNA,4,GANTUNGAN-NA,SI",1
2153_test.jpg,DA,DA,"DA,BA-KEMBANG,DA-MADU,NA,DI",1
2154_test.jpg,RA,RA,"RA,GA,GANTUNGAN-GA,WA,GANTUNGAN-A",1
2155_test.jpg,NA,NA,"NA,DA,GANTUNGAN-KA,BA-KEMBANG,CA",1
2156_test.jpg,GANTUNGAN-MA,GANTUNGAN-MA,"GANTUNGAN-MA,GUWUNG-MACELEK,0,GANTUNGAN-TA-LATIK,GUWUNG",1
2157_test.jpg,SUKU,SUKU,"SUKU,GANTUNGAN-NA,NANIA,PU,SUKU-KEMBUNG",1
2158_test.jpg,JA,JA,"JA,RA,SA-SAGA,JU,6",1
2159_test.jpg,SURANG,GUWUNG,"GUWUNG,SURANG,GANTUNGAN-TA-LATIK,GANTUNGAN-DA,GANTUNGAN-JA",0
215_test.jpg,ADEG-ADEG,ADEG-ADEG,"ADEG-ADEG,SUKU,RA,RU,NANIA",1
2160_test.jpg,BA,BA,"BA,KA,GANTUNGAN-BA,NA-RAMBAT,TA",1
2161_test.jpg,KU,KU,"KU,KRA,NIA,NU,BU",1
2162_test.jpg,WA,WA,"WA,WI,PA,GANTUNGAN-TA,TA-TAWA",1
2163_test.jpg,JA-TEDONG,JA-TEDONG,"JA-TEDONG,SA-SAGA,ULU-SARI,I-KARA,JA",1
2164_test.jpg,LA,GA,"GA,LA,GANTUNGAN-GA,GA-TEDONG,GANTUNGAN-LA",0
2165_test.jpg,NA,NA,"NA,CA,GANTUNGAN-KA,SA,KA",1
2166_test.jpg,WA,WA,"WA,PA,TA-TAWA,WI,GANTUNGAN-TA",1
2167_test.jpg,JA,JA,"JA,DA,SA-SAGA,KA,GANTUNGAN-KA",1
2168_test.jpg,BU,BU,"BU,KU,1,3,LU",1
2169_test.jpg,MA,MA,"MA,SA-SAPA,A-KARA,MA-TEDONG,GEMPELAN-SA-SAPA",1
216_test.jpg,NGA,NGA,"NGA,A,7,GANTUNGAN-NGA,LA",1
2170_test.jpg,MA,MA,"MA,4,PI,GANTUNGAN-NA,GANTUNGAN-MA",1
2171_test.jpg,YA,YA,"YA,LA,DA-MADU,ULU-CANDRA,GANTUNGAN-TA-LATIK",1
2172_test.jpg,CECEK,CECEK,"CECEK,BISAH,TALENG,ADEG-ADEG,ULU",1
2173_test.jpg,JA,JA,"JA,SA-SAGA,NA,JA-TEDONG,RA",1
2174_test.jpg,NANIA,NANIA,"NANIA,IA,NIA,SUKU,PU",1
2175_test.jpg,NU,NU,"NU,CU,NIA,KU,DU",1
2176_test.jpg,WA,WA,"WA,GANTUNGAN-TA,CA,PA,0",1
2177_test.jpg,NGA,NGA,"NGA,SA-SAPA,GEMPELAN-SA-SAPA,DA-MADU,A",1
2178_test.jpg,LA,LA,"LA,SA,7,KA,LU",1
2179_test.jpg,ULU,TALENG,"TALENG,GANTUNGAN-KA,ULU,SUKU,GANTUNGAN-TA",0
217_test.jpg,DA,DA,"DA,TA-TAWA,GANTUNGAN-A,I-KARA,MA-TEDONG",1
2180_test.jpg,BISAH,JU,"JU,SUKU,BISAH,SUKU-ILUT,NU",0
2181_test.jpg,GANTUNGAN-MA,GANTUNGAN-MA,"GANTUNGAN-MA,PEPET,ULU,6,0",1
2182_test.jpg,CECEK,CECEK,"CECEK,ULU,BISAH,GANTUNGAN-NA,TALENG",1
2183_test.jpg,TEDONG,TEDONG,"TEDONG,SUKU-ILUT,GU,SUKU,4",1
2184_test.jpg,TEDONG,TEDONG,"TEDONG,SUKU-ILUT,NANIA,4,SUKU",1
2185_test.jpg,TEDONG,TEDONG,"TEDONG,GANTUNGAN-GA,GA,ULU,GANTUNGAN-KA",1
2186_test.jpg,CECEK,CECEK,"CECEK,ULU,TEDONG,4,BISAH",1
2187_test.jpg,BISAH,BISAH,"BISAH,4,TALENG,JU,SUKU-ILUT",1
2188_test.jpg,SA,SA,"SA,CA,YA,A-KARA,LA",1
2189_test.jpg,KA,KA,"KA,KU,KA-TEDONG,NA-RAMBAT,GANTUNGAN-KA",1
218_test.jpg,ULU,ULU,"ULU,ULU-SARI,0,GANTUNGAN-TA,WA",1
2190_test.jpg,GANTUNGAN-DA,GANTUNGAN-DA,"GANTUNGAN-DA,6,GANTUNGAN-A,E-KARA,GANTUNGAN-JA",1
2191_test.jpg,JA,JU,"JU,JA,BISAH,DU,GRA",0
2192_test.jpg,SURANG,SURANG,"SURANG,CECEK,GANTUNGAN-NA,TALENG,GANTUNGAN-TA-LATIK",1
2193_test.jpg,NGA,NGA,"NGA,A,DA-TEDONG,GANTUNGAN-NGA,DA-MADU",1
2194_test.jpg,TUA,3,"3,MA,NANIA,GUWUNG-MACELEK,U-KARA",0
2195_test.jpg,BISAH,BISAH,"BISAH,4,TALENG,JU,CECEK",1
2196_test.jpg,BA,BA,"BA,NYA,GANTUNGAN-NYA,GANTUNGAN-BA,BU",1
2197_test.jpg,CECEK,CECEK,"CECEK,BISAH,GANTUNGAN-NA,TALENG,ULU",1
2198_test.jpg,A,A,"A,U,NA-RAMBAT,BA,GANTUNGAN-GA",1
2199_test.jpg,SA,SA,"SA,CA,NA,A-KARA,7",1
219_test.jpg,YA,YA,"YA,9,GANTUNGAN-CA,YA-TEDONG,SA",1
21_test.jpg,ULU,ULU,"ULU,GANTUNGAN-MA,0,ULU-SARI,PEPET",1
2200_test.jpg,SUKU,SUKU,"SUKU,GANTUNGAN-NA,CECEK,TALENG,4",1
2201_test.jpg,JA,JA,"JA,SA-SAGA,RA,GANTUNGAN-GA,PEPET",1
2202_test.jpg,YA,YA,"YA,9,LA,GANTUNGAN-TA-LATIK,ULU-CANDRA",1
2203_test.jpg,A,A,"A,U,NA-RAMBAT,LA,GANTUNGAN-GA",1
2204_test.jpg,DA,DA,"DA,NA,BA-KEMBANG,ULU-SARI,TA-TAWA",1
2205_test.jpg,TI,TI,"TI,TA,TA-TEDONG,1,A",1
2206_test.jpg,BA,BA,"BA,GANTUNGAN-BA,NA-RAMBAT,GA,1",1
2207_test.jpg,YA,YA,"YA,GANTUNGAN-TA-LATIK,LA,ULU-CANDRA,9",1
2208_test.jpg,GA,TA,"TA,BA,GA,A,KA",0
2209_test.jpg,ULU,ULU,"ULU,ULU-SARI,RA,NA,GANTUNGAN-A",1
220_test.jpg,JA,JA,"JA,SA-SAGA,JU,GANTUNGAN-NA,JA-TEDONG",1
2210_test.jpg,KU,KU,"KU,KRA,LU,GU,KA",1
2211_test.jpg,TU,TU,"TU,TRA,KU,TIA,5",1
2212_test.jpg,SURANG,SURANG,"SURANG,GUWUNG,GANTUNGAN-JA,PEPET,GANTUNGAN-TA-LATIK",1
2213_test.jpg,GA,GA,"GA,SA-SAGA,GANTUNGAN-GA,GU,NA-RAMBAT",1
2214_test.jpg,NANIA,NANIA,"NANIA,IA,NIA,PAMADA,SUKU",1
2215_test.jpg,GA,GA,"GA,GANTUNGAN-GA,GU,ULU,TEDONG",1
2216_test.jpg,CECEK,CECEK,"CECEK,BISAH,TALENG,GANTUNGAN-NA,ULU",1
2217_test.jpg,NA,NA,"NA,MA,CA,SA,A-KARA",1
2218_test.jpg,CECEK,CECEK,"CECEK,TEDONG,RA,4,ULU",1
2219_test.jpg,SI,SI,"SI,NI,DI,KI,NGI",1
221_test.jpg,TEDONG,RA-TEDONG,"RA-TEDONG,RA,TEDONG,MI,A-TEDONG",0
2220_test.jpg,NANIA,NANIA,"NANIA,IA,NIA,8,TUA",1
2221_test.jpg,YA,YA,"YA,GANTUNGAN-TA-LATIK,9,ULU-CANDRA,A",1
2222_test.jpg,SUKU,CECEK,"CECEK,GANTUNGAN-NA,BISAH,TALENG,SUKU",0
2223_test.jpg,TEDONG,TEDONG,"TEDONG,GU,ULU,GANTUNGAN-GA,GA",1
2224_test.jpg,CECEK,CECEK,"CECEK,ULU,BISAH,TEDONG,TALENG",1
2225_test.jpg,TALENG,TALENG,"TALENG,BISAH,CECEK,ADEG-ADEG,RA",1
2226_test.jpg,MA,MA,"MA,SA-SAPA,MA-TEDONG,A-KARA,PA",1
2227_test.jpg,A,A,"A,U,NA-RAMBAT,TA,BA",1
2228_test.jpg,JA,JA,"JA,GANTUNGAN-NA,SA-SAGA,NA,RA",1
2229_test.jpg,GA,GA,"GA,GANTUNGAN-GA,PEPET,GA-TEDONG,LA",1
222_test.jpg,RA,RA,"RA,RA-TEDONG,WA,MA,MA-TEDONG",1
2230_test.jpg,LA,LA,"LA,GANTUNGAN-LA,7,SA,GA-TEDONG",1
2231_test.jpg,JA,JA,"JA,BISAH,4,JU,NU",1
2232_test.jpg,SU,SU,"SU,SA,LU,CU,YU",1
2233_test.jpg,NYA,NYA,"NYA,NA-RAMBAT-TEDONG,NA-RAMBAT,GANTUNGAN-NYA,BU",1
2234_test.jpg,U,U,"U,YU,DU,2,TU",1
2235_test.jpg,4,ADEG-ADEG,"ADEG-ADEG,MI,4,5,NU",0
2236_test.jpg,TU,TU,"TU,TIA,U,WU,BU",1
2237_test.jpg,YA,YA,"YA,GANTUNGAN-CA,A,GANTUNGAN-A,9",1
2238_test.jpg,BA,BA,"BA,NYA,GANTUNGAN-BA,GANTUNGAN-NYA,GANTUNGAN-NGA",1
2239_test.jpg,LA,LA,"LA,GANTUNGAN-LA,SA,7,8",1
223_test.jpg,NA,NA,"NA,GANTUNGAN-KA,KA,NA-TEDONG,KA-TEDONG",1
2240_test.jpg,CECEK,CECEK,"CECEK,TALENG,ULU,BISAH,GANTUNGAN-NA",1
2241_test.jpg,ULU,ULU,"ULU,GANTUNGAN-MA,0,ULU-SARI,SUKU-KEMBUNG",1
2242_test.jpg,TALENG,TALENG,"TALENG,U,TU,GANTUNGAN-A,ULU",1
2243_test.jpg,TU,TU,"TU,TRA,U,GU,BU",1
2244_test.jpg,PEPET,PEPET,"PEPET,GANTUNGAN-MA,GANTUNGAN-GA,GANTUNGAN-DA,DA",1
2245_test.jpg,WA,WA,"WA,GANTUNGAN-TA,PA,WI,0",1
2246_test.jpg,TEDONG,TEDONG,"TEDONG,ULU,GU,CECEK,ADEG-ADEG",1
2247_test.jpg,NANIA,NANIA,"NANIA,SUKU-KEMBUNG,GUWUNG,MA,NIA",1
2248_test.jpg,RA,RA,"RA,RA-TEDONG,WA,GANTUNGAN-TA,MA",1
2249_test.jpg,SURANG,SURANG,"SURANG,CECEK,GANTUNGAN-NA,TALENG,GEMPELAN-SA-SAPA",1
224_test.jpg,BA,BA,"BA,1,NA-RAMBAT,GANTUNGAN-BA,BU",1
2250_test.jpg,DA,DA,"DA,A,YA,NA,BA-KEMBANG",1
2251_test.jpg,TU,TU,"TU,U,2,IA,TIA",1
2252_test.jpg,WA,WA,"WA,GANTUNGAN-TA,CA,GANTUNGAN-CA,PA",1
2253_test.jpg,BA,1,"1,NA-RAMBAT,A,9,BU",0
2254_test.jpg,NA,NA,"NA,GANTUNGAN-KA,KA,DA,CA",1
2255_test.jpg,ULU,TEDONG,"TEDONG,0,4,RA,ULU",0
2256_test.jpg,WI,TI,"TI,WI,I,RI,NGI",0
2257_test.jpg,JA,JA,"JA,SA-SAGA,RA,DA,JA-TEDONG",1
2258_test.jpg,ULU,ULU,"ULU,CECEK,TEDONG,TALENG,GEMPELAN-PA",1
2259_test.jpg,ULU-SARI,ULU-RICEM,"ULU-RICEM,ULU-SARI,SA-SAGA,GANTUNGAN-KA,TEDONG",0
225_test.jpg,LI,LI,"LI,PI,7,SI,GANTUNGAN-LA",1
2260_test.jpg,A,A,"A,U,GA,TA,NA-RAMBAT",1
2261_test.jpg,WI,WI,"WI,DI,MA-TEDONG,U-KARA,TI",1
2262_test.jpg,YA,9,"9,SA,BA-KEMBANG,SI,8",0
2263_test.jpg,YA,YA,"YA,LA,GANTUNGAN-TA-LATIK,A,ULU-CANDRA",1
2264_test.jpg,YA,YA,"YA,LA,9,A,SA",1
2265_test.jpg,TU,TU,"TU,WU,TIA,RU,MU",1
2266_test.jpg,PAMADA,PAMADA,"PAMADA,NING,LA-LENGA,KNA,NIA",1
2267_test.jpg,NGA,NGA,"NGA,WA-TEDONG,DA-MADU,A-TEDONG,DA",1
2268_test.jpg,PEPET,PEPET,"PEPET,GANTUNGAN-DA,SURANG,CECEK,GANTUNGAN-JA",1
2269_test.jpg,A,A,"A,U,NA-RAMBAT,TA,BA",1
226_test.jpg,BISAH,BISAH,"BISAH,TALENG,ADEG-ADEG,4,CECEK",1
2270_test.jpg,DA,DA,"DA,BA-KEMBANG,DA-MADU,TA-TAWA,NA",1
2271_test.jpg,RA,RA,"RA,CECEK,ULU,TALENG,TEDONG",1
2272_test.jpg,NYA,NYA,"NYA,KA-TEDONG,GANTUNGAN-NYA,BA,LA-TEDONG",1
2273_test.jpg,GNA,GNA,"GNA,GU,TU,NING,KNA",1
2274_test.jpg,KA,KA,"KA,KA-TEDONG,GANTUNGAN-KA,NA-RAMBAT,KU",1
2275_test.jpg,ADEG-ADEG,ADEG-ADEG,"ADEG-ADEG,5,BISAH,NIA,KNA",1
2276_test.jpg,SA,SA,"SA,CA,A-KARA,YA,9",1
2277_test.jpg,YA,A,"A,6,TA,U,LA",0
2278_test.jpg,ULU-SARI,ULU-SARI,"ULU-SARI,TEDONG,DA,ULU-RICEM,SA-SAGA",1
2279_test.jpg,NA,NA,"NA,BA-KEMBANG,DA,GANTUNGAN-KA,CA",1
227_test.jpg,BISAH,SUKU,"SUKU,BISAH,NANIA,SUKU-ILUT,4",0
2280_test.jpg,A,A,"A,GANTUNGAN-A,GA,GANTUNGAN-GA,BA",1
2281_test.jpg,WA,WA,"WA,PA,WI,GANTUNGAN-TA,PI",1
2282_test.jpg,ADEG-ADEG,ADEG-ADEG,"ADEG-ADEG,SURANG,SUKU,NANIA,TALENG",1
2283_test.jpg,NING,NING,"NING,KI,SI,NI,A-KARA",1
2284_test.jpg,A,A,"A,U,LA,TA,NA-RAMBAT",1
2285_test.jpg,NANIA,NANIA,"NANIA,IA,SUKU-KEMBUNG,NIA,SUKU",1
2286_test.jpg,JA,JA,"JA,6,JA-TEDONG,4,KU",1
2287_test.jpg,TEDONG,TEDONG,"TEDONG,GU,SUKU-ILUT,SUKU,TALENG",1
2288_test.jpg,SUKU,SUKU,"SUKU,RU,NANIA,ADEG-ADEG,WU",1
2289_test.jpg,BISAH,BISAH,"BISAH,ADEG-ADEG,TALENG,SURANG,CECEK",1
228_test.jpg,MA,MA,"MA,PA,PI,NANIA,NIA",1
2290_test.jpg,ULU,ULU,"ULU,TEDONG,PEPET,GANTUNGAN-GA,ULU-SARI",1
2291_test.jpg,WA,WA,"WA,PA,GANTUNGAN-TA,A,WA-TEDONG",1
2292_test.jpg,TA,TA,"TA,TU,BA,TA-TEDONG,TI",1
2293_test.jpg,TEDONG,TEDONG,"TEDONG,GNA,0,RA,GU",1
2294_test.jpg,MA,MA,"MA,SA-SAPA,MA-TEDONG,A-KARA,GEMPELAN-SA-SAPA",1
2295_test.jpg,MA,MA,"MA,GEMPELAN-SA-SAPA,SA-SAPA,MA-TEDONG,8",1
2296_test.jpg,BISAH,BISAH,"BISAH,TALENG,ADEG-ADEG,RA,CECEK",1
2297_test.jpg,MA,MA,"MA,PA,MA-TEDONG,NANIA,GEMPELAN-SA-SAPA",1
2298_test.jpg,GA,GA,"GA,LA,SA-SAGA,GANTUNGAN-GA,PEPET",1
2299_test.jpg,TU,TU,"TU,TIA,TRA,TI,TUA",1
229_test.jpg,TA,TA,"TA,TU,TA-TEDONG,TI,A",1
22_test.jpg,WA,WA,"WA,PA,WI,GANTUNGAN-TA,0",1
2300_test.jpg,TU,TU,"TU,GU,U,RU,BU",1
2301_test.jpg,NANIA,NANIA,"NANIA,IA,TUA,NIA,TRA",1
2302_test.jpg,A,TA,"TA,TU,BA,KA,TI",0
2303_test.jpg,SUKU,SUKU,"SUKU,NANIA,PU,GANTUNGAN-NA,GEMPELAN-PA",1
2304_test.jpg,LA,LA,"LA,GA,GA-TEDONG,GANTUNGAN-GA,GANTUNGAN-LA",1
2305_test.jpg,TA,TA,"TA,TU,TI,TA-TEDONG,GANTUNGAN-TA",1
2306_test.jpg,CECEK,SUKU,"SUKU,TEDONG,NANIA,CECEK,4",0
2307_test.jpg,GANTUNGAN-TA,GANTUNGAN-TA,"GANTUNGAN-TA,WA,CA,WU,GANTUNGAN-KA",1
2308_test.jpg,CECEK,CECEK,"CECEK,SURANG,TALENG,GANTUNGAN-NA,SUKU",1
2309_test.jpg,NU,NU,"NU,NA,CU,JI,KNA",1
230_test.jpg,GA,GA,"GA,GANTUNGAN-GA,PEPET,SA-SAGA,LA",1
2310_test.jpg,SURANG,SURANG,"SURANG,GANTUNGAN-NA,CECEK,GANTUNGAN-TA-LATIK,GANTUNGAN-MA",1
2311_test.jpg,PEPET,PEPET,"PEPET,GANTUNGAN-DA,GANTUNGAN-GA,GANTUNGAN-A,DA",1
2312_test.jpg,NANIA,NANIA,"NANIA,IA,SUKU,NIA,RU",1
2313_test.jpg,ULU,0,"0,ULU,ULU-SARI,WA,PA",0
2314_test.jpg,NANIA,NANIA,"NANIA,IA,NIA,TIA,TUA",1
2315_test.jpg,YA,YA,"YA,NGA,A,LA,GANTUNGAN-A",1
2316_test.jpg,GA,GA,"GA,GANTUNGAN-GA,SA-SAGA,GU,LA",1
2317_test.jpg,YA,YA,"YA,LA,A,GANTUNGAN-TA-LATIK,NGA",1
2318_test.jpg,ADEG-ADEG,ADEG-ADEG,"ADEG-ADEG,RI,5,SUKU,NANIA",1
2319_test.jpg,4,4,"4,0,JA,TEDONG,DU",1
231_test.jpg,SURANG,SURANG,"SURANG,TALENG,GANTUNGAN-MA,GANTUNGAN-TA-LATIK,GANTUNGAN-LA",1
2320_test.jpg,TU,TU,"TU,TRA,U,RU,TIA",1
2321_test.jpg,SU,SA,"SA,CA,7,SU,A-KARA",0
2322_test.jpg,ULU,ULU,"ULU,GANTUNGAN-TA,ULU-SARI,CECEK,0",1
2323_test.jpg,YA,YA,"YA,9,GANTUNGAN-CA,YA-TEDONG,A",1
2324_test.jpg,DA,KA,"KA,SA-SAGA,KU,A,I",0
2325_test.jpg,WA,WA,"WA,PA,A,GANTUNGAN-TA,TA-TAWA",1
2326_test.jpg,SA,SA,"SA,A-KARA,GEMPELAN-SA-SAPA,CA,GEMPELAN-PA",1
2327_test.jpg,NA,NA,"NA,GANTUNGAN-KA,BA-KEMBANG,DA,KA",1
2328_test.jpg,NYA,NYA,"NYA,GANTUNGAN-NYA,BA,NA-RAMBAT-TEDONG,1",1
2329_test.jpg,TA,TA,"TA,BA,KA,TU,TI",1
232_test.jpg,NGA,NGA,"NGA,GANTUNGAN-NGA,A,GANTUNGAN-BA,WA-TEDONG",1
2330_test.jpg,KRA,KRA,"KRA,TRA,NIA,BRA,KU",1
2331_test.jpg,KA,KA,"KA,NA-RAMBAT,KU,LA,BA",1
2332_test.jpg,ADEG-ADEG,ADEG-ADEG,"ADEG-ADEG,5,NU,TALENG,I-KARA",1
2333_test.jpg,ADEG-ADEG,ADEG-ADEG,"ADEG-ADEG,RU,SUKU,TALENG,NANIA",1
2334_test.jpg,BA,BA,"BA,GANTUNGAN-BA,GANTUNGAN-LA,KA,NYA",1
2335_test.jpg,TEDONG,TEDONG,"TEDONG,CECEK,SUKU,GU,GANTUNGAN-NA",1
2336_test.jpg,JA,JA,"JA,BISAH,JU,RA,LU",1
2337_test.jpg,YA,YA,"YA,YA-TEDONG,9,ULU-CANDRA,DA-MADU",1
2338_test.jpg,A,A,"A,GA,U,LA,NA-RAMBAT",1
2339_test.jpg,LA,LA,"LA,GANTUNGAN-LA,GA-TEDONG,7,GANTUNGAN-GA",1
233_test.jpg,BA,BA,"BA,1,GANTUNGAN-BA,NA-RAMBAT,BU",1
2340_test.jpg,MA,MA,"MA,PA,NANIA,PI,8",1
2341_test.jpg,A,A,"A,U,GANTUNGAN-A,GANTUNGAN-CA,YA",1
2342_test.jpg,ADEG-ADEG,ADEG-ADEG,"ADEG-ADEG,SUKU,NANIA,GNA,TALENG",1
2343_test.jpg,DA,DA,"DA,BA-KEMBANG,NA,DA-MADU,TA-TAWA",1
2344_test.jpg,WA,WA,"WA,0,PA,WI,6",1
2345_test.jpg,BISAH,BISAH,"BISAH,TALENG,ADEG-ADEG,SURANG,NANIA",1
2346_test.jpg,SURANG,SURANG,"SURANG,GANTUNGAN-NA,GUWUNG,GANTUNGAN-MA,GANTUNGAN-TA-LATIK",1
2347_test.jpg,PEPET,PEPET,"PEPET,GANTUNGAN-DA,6,GANTUNGAN-JA,TA-TEDONG",1
2348_test.jpg,ULU-RICEM,ULU-SARI,"ULU-SARI,ULU-RICEM,TEDONG,SA-SAGA,DA",0
2349_test.jpg,PEPET,PEPET,"PEPET,GANTUNGAN-MA,GANTUNGAN-GA,GANTUNGAN-DA,6",1
234_test.jpg,GA,GA,"GA,GANTUNGAN-GA,GU,SA-SAGA,LA",1
2350_test.jpg,TU,TU,"TU,TRA,TIA,BU,U",1
2351_test.jpg,ULU,RA,"RA,KA,JA,SA-SAGA,NA",0
2352_test.jpg,SURANG,SUKU,"SUKU,SUKU-KEMBUNG,SURANG,GEMPELAN-PA,GUWUNG",0
2353_test.jpg,KU,KU,"KU,KRA,NIA,BU,TRA",1
2354_test.jpg,GANTUNGAN-GA,GANTUNGAN-GA,"GANTUNGAN-GA,ULU,GA,GANTUNGAN-A,PEPET",1
2355_test.jpg,GANTUNGAN-TA,GANTUNGAN-TA,"GANTUNGAN-TA,DA-MADU,GANTUNGAN-CA,CA,MA-TEDONG",1
2356_test.jpg,GU,GU,"GU,U,TU,KU,BU",1
2357_test.jpg,TA,TA,"TA,TU,GANTUNGAN-TA,NA-RAMBAT,TI",1
2358_test.jpg,KA,NA-RAMBAT,"NA-RAMBAT,KA,BA,GANTUNGAN-BA,KU",0
2359_test.jpg,KI,KI,"KI,KA,NI,BI,NGI",1
235_test.jpg,GANTUNGAN-LA,GANTUNGAN-LA,"GANTUNGAN-LA,LA,7,GANTUNGAN-GA,GANTUNGAN-BA",1
2360_test.jpg,PA,PA,"PA,GANTUNGAN-TA-LATIK,SA,8,MA",1
2361_test.jpg,MA-TEDONG,MA-TEDONG,"MA-TEDONG,MA,RA,WA-TEDONG,ULU-CANDRA",1
2362_test.jpg,TEDONG,TEDONG,"TEDONG,GU,ULU,SUKU-ILUT,SUKU",1
2363_test.jpg,JA,JA,"JA,KU,KA,JA-TEDONG,GANTUNGAN-KA",1
2364_test.jpg,NANIA,NANIA,"NANIA,IA,GRA,TRA,SUKU-KEMBUNG",1
2365_test.jpg,WA,PA,"PA,WA,MA,GEMPELAN-PA,8",0
2366_test.jpg,BISAH,BISAH,"BISAH,SUKU-ILUT,4,PU,NU",1
2367_test.jpg,MA,MA,"MA,A-KARA,SA-SAPA,GEMPELAN-SA-SAPA,MA-TEDONG",1
2368_test.jpg,A,A,"A,U,7,LA,NGA",1
2369_test.jpg,LA,LA,"LA,7,A,GUWUNG-MACELEK,LA-TEDONG",1
236_test.jpg,TEDONG,TEDONG,"TEDONG,GU,SUKU-ILUT,4,SUKU",1
2370_test.jpg,DA,DA,"DA,TA-TAWA,DA-MADU,BA-KEMBANG,GUWUNG-MACELEK",1
2371_test.jpg,TA,TA,"TA,TU,A,TRA,WA",1
2372_test.jpg,NANIA,NANIA,"NANIA,NIA,SUKU,IA,PAMADA",1
2373_test.jpg,A-TEDONG,A-TEDONG,"A-TEDONG,TA-TEDONG,A,RA-TEDONG,NA-RAMBAT-TEDONG",1
2374_test.jpg,PI,PI,"PI,MI,WI,WUA,NANIA",1
2375_test.jpg,BA,BA,"BA,NGA,A,NA-RAMBAT,TA",1
2376_test.jpg,ADEG-ADEG,RU,"RU,ADEG-ADEG,TALENG,5,RA",0
2377_test.jpg,LA,LA,"LA,SA,GANTUNGAN-LA,YA,GA-TEDONG",1
2378_test.jpg,TEDONG,TEDONG,"TEDONG,SUKU-ILUT,SUKU,4,CECEK",1
2379_test.jpg,WA,WA,"WA,PA,GANTUNGAN-TA,MA,WI",1
237_test.jpg,WA-TEDONG,WA-TEDONG,"WA-TEDONG,MA-TEDONG,TA-TEDONG,RA-TEDONG,A-TEDONG",1
2380_test.jpg,ULU-CANDRA,MA-TEDONG,"MA-TEDONG,ULU-CANDRA,GUWUNG-MACELEK,8,GEMPELAN-SA-SAPA",0
2381_test.jpg,GANTUNGAN-A,GANTUNGAN-A,"GANTUNGAN-A,A,NGA,MA-TEDONG,LA-TEDONG",1
2382_test.jpg,CECEK,CECEK,"CECEK,BISAH,TALENG,ULU,TEDONG",1
2383_test.jpg,BA,BA,"BA,NA-RAMBAT,GANTUNGAN-BA,GANTUNGAN-NGA,NYA",1
2384_test.jpg,SURANG,SURANG,"SURANG,GANTUNGAN-MA,GANTUNGAN-TA-LATIK,CECEK,TALENG",1
2385_test.jpg,WA,WA,"WA,GANTUNGAN-TA,WI,TA-TAWA,GANTUNGAN-CA",1
2386_test.jpg,CECEK,CECEK,"CECEK,ULU,GANTUNGAN-NA,TALENG,TEDONG",1
2387_test.jpg,NYA,NYA,"NYA,GANTUNGAN-NYA,GANTUNGAN-NGA,KA-TEDONG,NA-RAMBAT-TEDONG",1
2388_test.jpg,TA,TA,"TA,BA,TA-TEDONG,TU,TI",1
2389_test.jpg,JA-TEDONG,JA-TEDONG,"JA-TEDONG,JA,NA,JI,KU",1
238_test.jpg,BISAH,BISAH,"BISAH,CECEK,TALENG,4,SUKU",1
2390_test.jpg,TA,TA,"TA,BA,TU,NA-RAMBAT,A",1
2391_test.jpg,PEPET,PEPET,"PEPET,GANTUNGAN-DA,GANTUNGAN-GA,GANTUNGAN-MA,6",1
2392_test.jpg,SA,SA,"SA,CA,LA,YA,GANTUNGAN-CA",1
2393_test.jpg,JA-TEDONG,JA-TEDONG,"JA-TEDONG,JA,SA-SAGA,NA,PEPET",1
2394_test.jpg,LU,LU,"LU,SU,7,LA,PU",1
2395_test.jpg,SA,SA,"SA,CA,NA-TEDONG,A-KARA,SI",1
2396_test.jpg,RA,RA,"RA,MA-TEDONG,GANTUNGAN-A,GANTUNGAN-TA,MA",1
2397_test.jpg,A,A,"A,7,LA,LA-TEDONG,SA",1
2398_test.jpg,NA,NA,"NA,BA-KEMBANG,DA,JA-TEDONG,I-KARA",1
2399_test.jpg,JA,JA,"JA,RA,JU,6,BISAH",1
239_test.jpg,TA,TA,"TA,TA-TEDONG,TU,TI,TRA",1
23_test.jpg,WA,PA,"PA,WA,A,GUWUNG-MACELEK,GANTUNGAN-A",0
2400_test.jpg,NANIA,NANIA,"NANIA,IA,NIA,TIA,TUA",1
2401_test.jpg,SA,SA,"SA,A-KARA,MA,GEMPELAN-SA-SAPA,CA",1
2402_test.jpg,RA,RA,"RA,GANTUNGAN-TA,MA,WA,MA-TEDONG",1
2403_test.jpg,SUKU,NGU,"NGU,SUKU,TALENG,U,2",0
2404_test.jpg,TEDONG,TEDONG,"TEDONG,SUKU-ILUT,SUKU,4,GU",1
2405_test.jpg,KRA,KRA,"KRA,BRA,KU,NIA,GRA",1
2406_test.jpg,JA-TEDONG,SA-SAGA,"SA-SAGA,JA-TEDONG,ULU-RICEM,GANTUNGAN-KA,GA-TEDONG",0
2407_test.jpg,NGA,NGA,"NGA,GANTUNGAN-NGA,BA,GANTUNGAN-BA,A",1
2408_test.jpg,ULU,ULU,"ULU,GANTUNGAN-MA,GANTUNGAN-GA,0,PEPET",1
2409_test.jpg,YA,YA,"YA,9,LA,7,SA",1
240_test.jpg,NANIA,NANIA,"NANIA,IA,NIA,TIA,TUA",1
2410_test.jpg,ULU,ULU,"ULU,TEDONG,GANTUNGAN-GA,PEPET,GANTUNGAN-NA",1
2411_test.jpg,GANTUNGAN-TA,GANTUNGAN-TA,"GANTUNGAN-TA,GANTUNGAN-JA,GANTUNGAN-CA,WA,GANTUNGAN-TA-LATIK",1
2412_test.jpg,BISAH,BISAH,"BISAH,ADEG-ADEG,TALENG,4,JU",1
2413_test.jpg,NANIA,NANIA,"NANIA,IA,NIA,TUA,PAMADA",1
2414_test.jpg,ADEG-ADEG,ADEG-ADEG,"ADEG-ADEG,SUKU,SURANG,NANIA,TALENG",1
2415_test.jpg,BISAH,BISAH,"BISAH,GANTUNGAN-NA,4,SUKU-ILUT,GUWUNG-MACELEK",1
2416_test.jpg,4,5,"5,NA,MA,4,CA",0
2417_test.jpg,SA,SA,"SA,GEMPELAN-SA-SAPA,YA,CA,GANTUNGAN-CA",1
2418_test.jpg,A,A,"A,U,GA,GANTUNGAN-CA,JA",1
2419_test.jpg,CECEK,CECEK,"CECEK,BISAH,TALENG,TEDONG,ADEG-ADEG",1
241_test.jpg,TALENG,TALENG,"TALENG,CECEK,BISAH,RA,ADEG-ADEG",1
2420_test.jpg,BISAH,BISAH,"BISAH,4,TALENG,JU,CECEK",1
2421_test.jpg,CECEK,CECEK,"CECEK,SURANG,PEPET,BISAH,ULU",1
2422_test.jpg,ADEG-ADEG,ADEG-ADEG,"ADEG-ADEG,RA,5,RU,TALENG",1
2423_test.jpg,CECEK,CECEK,"CECEK,BISAH,TALENG,ADEG-ADEG,ULU",1
2424_test.jpg,SUKU,SUKU,"SUKU,NANIA,PU,GANTUNGAN-NA,TALENG",1
2425_test.jpg,U-KARA,U-KARA,"U-KARA,GANTUNGAN-DA,GANTUNGAN-MA,3,E-KARA",1
2426_test.jpg,SA,SA,"SA,A-KARA,CA,GEMPELAN-SA-SAPA,9",1
2427_test.jpg,DA,DA,"DA,NA,BA-KEMBANG,DA-MADU,DA-TEDONG",1
2428_test.jpg,BA-KEMBANG,BA-KEMBANG,"BA-KEMBANG,NA,GEMPELAN-SA-SAPA,GANTUNGAN-A,DA-MADU",1
2429_test.jpg,NA,NA,"NA,BA-KEMBANG,DA,GANTUNGAN-KA,JA",1
242_test.jpg,MA-TEDONG,MA-TEDONG,"MA-TEDONG,WA-TEDONG,DA,GUWUNG-MACELEK,A",1
2430_test.jpg,PA,PA,"PA,GEMPELAN-PA,SA,MA,8",1
2431_test.jpg,NGA,NGA,"NGA,A,GANTUNGAN-A,GANTUNGAN-GA,GANTUNGAN-NGA",1
2432_test.jpg,TIA,TIA,"TIA,IA,TRA,PAMADA,NIA",1
2433_test.jpg,TALENG,TALENG,"TALENG,GANTUNGAN-A,RA,A,ULU",1
2434_test.jpg,TEDONG,TEDONG,"TEDONG,SUKU,SUKU-ILUT,GU,4",1
2435_test.jpg,KU,KU,"KU,NIA,KNA,KRA,GU",1
2436_test.jpg,ADEG-ADEG,ADEG-ADEG,"ADEG-ADEG,CECEK,RA,RU,TALENG",1
2437_test.jpg,DA-MADU,DA-MADU,"DA-MADU,TA-TAWA,DA-TEDONG,GANTUNGAN-CA,WA-TEDONG",1
2438_test.jpg,TU,TU,"TU,TRA,BU,TUA,TIA",1
2439_test.jpg,A,A,"A,U,GA,NA-RAMBAT,GANTUNGAN-LA",1
243_test.jpg,PEPET,PEPET,"PEPET,GANTUNGAN-MA,ULU-SARI,ULU,SUKU-KEMBUNG",1
2440_test.jpg,ADEG-ADEG,ADEG-ADEG,"ADEG-ADEG,NU,RU,RI,JU",1
2441_test.jpg,TA,TA,"TA,TU,BA,KA,TI",1
2442_test.jpg,ADEG-ADEG,ADEG-ADEG,"ADEG-ADEG,RU,NU,DU,5",1
2443_test.jpg,TEDONG,TEDONG,"TEDONG,GANTUNGAN-NA,SUKU,4,GU",1
2444_test.jpg,TU,TU,"TU,TIA,WU,U,TRA",1
2445_test.jpg,KA,GANTUNGAN-KA,"GANTUNGAN-KA,KA,KA-TEDONG,GANTUNGAN-TA,NA",0
2446_test.jpg,PEPET,PEPET,"PEPET,GANTUNGAN-MA,ULU,GANTUNGAN-GA,GA",1
2447_test.jpg,MA,MA,"MA,SA-SAPA,MA-TEDONG,PA,8",1
2448_test.jpg,DA,DA,"DA,TA-TAWA,BA-KEMBANG,A,GANTUNGAN-A",1
2449_test.jpg,NA,NA,"NA,GANTUNGAN-KA,DA,KA,MA",1
244_test.jpg,KA,KA,"KA,KA-TEDONG,NA-RAMBAT,KU,LA",1
2450_test.jpg,TU,TU,"TU,TRA,TIA,KU,BU",1
2451_test.jpg,PU,PA,"PA,8,SA-SAPA,MA,GANTUNGAN-TA",0
2452_test.jpg,PEPET,GANTUNGAN-MA,"GANTUNGAN-MA,PEPET,ULU,SUKU-KEMBUNG,GANTUNGAN-TA-LATIK",0
2453_test.jpg,SURANG,SURANG,"SURANG,CECEK,GANTUNGAN-NA,TALENG,GANTUNGAN-TA-LATIK",1
2454_test.jpg,SUKU,SUKU,"SUKU,GANTUNGAN-NA,SURANG,PU,ADEG-ADEG",1
2455_test.jpg,ADEG-ADEG,ADEG-ADEG,"ADEG-ADEG,SUKU,NANIA,CECEK,TALENG",1
2456_test.jpg,RA,RA,"RA,CECEK,GANTUNGAN-TA,GEMPELAN-PA,TALENG",1
2457_test.jpg,JA,GANTUNGAN-GA,"GANTUNGAN-GA,JA,GA,TEDONG,RA",0
2458_test.jpg,PEPET,PEPET,"PEPET,GANTUNGAN-KA,GANTUNGAN-GA,GANTUNGAN-TA,GANTUNGAN-DA",1
2459_test.jpg,TALENG,CECEK,"CECEK,TALENG,SUKU,BISAH,ADEG-ADEG",0
245_test.jpg,GA,GA,"GA,GANTUNGAN-GA,GU,NA-RAMBAT,LA",1
2460_test.jpg,BA,BA,"BA,NA-RAMBAT,GA,GANTUNGAN-BA,1",1
2461_test.jpg,YA,YA,"YA,LA,SA,ULU-CANDRA,A",1
2462_test.jpg,SUKU,SUKU,"SUKU,CECEK,TEDONG,GANTUNGAN-NA,SU",1
2463_test.jpg,4,4,"4,NU,SUKU-ILUT,0,DU",1
2464_test.jpg,BA,BA,"BA,GANTUNGAN-NGA,TU,NA-RAMBAT,GANTUNGAN-BA",1
2465_test.jpg,KA,KA-TEDONG,"KA-TEDONG,KA,GANTUNGAN-KA,DA-TEDONG,NA-TEDONG",0
2466_test.jpg,WA,WA,"WA,GANTUNGAN-A,A,WA-TEDONG,GANTUNGAN-TA",1
2467_test.jpg,I,I,"I,LI,DU,MI,GI",1
2468_test.jpg,YA,YA,"YA,GANTUNGAN-CA,GANTUNGAN-A,GANTUNGAN-TA-LATIK,YA-TEDONG",1
2469_test.jpg,NANIA,NANIA,"NANIA,IA,NIA,TIA,PAMADA",1
246_test.jpg,KI,KI,"KI,TI,NGI,BI,KA-TEDONG",1
2470_test.jpg,YA,YA,"YA,SA,GANTUNGAN-CA,YU,9",1
2471_test.jpg,SUKU,SUKU,"SUKU,NANIA,ADEG-ADEG,MU,CECEK",1
2472_test.jpg,TEDONG,TEDONG,"TEDONG,SUKU-ILUT,0,ULU-SARI,ULU",1
2473_test.jpg,CECEK,RA,"RA,CECEK,TALENG,ADEG-ADEG,BISAH",0
2474_test.jpg,KA,KA,"KA,SA-SAGA,NA-RAMBAT,TA,KA-TEDONG",1
2475_test.jpg,GEMPELAN-SA-SAPA,SA-SAPA,"SA-SAPA,GEMPELAN-SA-SAPA,SA,GUWUNG-MACELEK,8",0
2476_test.jpg,NA,NA,"NA,KNA,CA,NU,MA",1
2477_test.jpg,U,TU,"TU,U,DU,NGU,KU",0
2478_test.jpg,WA,WA,"WA,PA,GANTUNGAN-TA,WI,TA-TAWA",1
2479_test.jpg,PEPET,PEPET,"PEPET,GANTUNGAN-MA,GANTUNGAN-GA,ULU-RICEM,GANTUNGAN-DA",1
247_test.jpg,PA,PA,"PA,GUWUNG,NANIA,SUKU-KEMBUNG,GUWUNG-MACELEK",1
2480_test.jpg,PEPET,ULU,"ULU,PEPET,GANTUNGAN-CA,A-TEDONG,6",0
2481_test.jpg,TU,TU,"TU,KU,U,BU,LU",1
2482_test.jpg,TEDONG,TEDONG,"TEDONG,SUKU-ILUT,GU,GUWUNG-MACELEK,ULU-SARI",1
2483_test.jpg,DA,DA,"DA,BA-KEMBANG,NA,DA-MADU,TA-TAWA",1
2484_test.jpg,BA,BA,"BA,A,GANTUNGAN-NGA,NA-RAMBAT,NGA",1
2485_test.jpg,TEDONG,TEDONG,"TEDONG,LI,BI,GI,ADEG-ADEG",1
2486_test.jpg,CECEK,CECEK,"CECEK,ULU,TALENG,SURANG,4",1
2487_test.jpg,GANTUNGAN-TA,GANTUNGAN-TA,"GANTUNGAN-TA,GANTUNGAN-CA,CA,SA,DA-MADU",1
2488_test.jpg,TA-TEDONG,TA-TEDONG,"TA-TEDONG,A-TEDONG,WA-TEDONG,TA,WA",1
2489_test.jpg,SUKU,SUKU,"SUKU,WU,CECEK,GANTUNGAN-NA,PU",1
248_test.jpg,RA,RA,"RA,MA-TEDONG,MA,GANTUNGAN-A,GEMPELAN-SA-SAPA",1
2490_test.jpg,SURANG,SURANG,"SURANG,GUWUNG,GANTUNGAN-NA,GANTUNGAN-TA-LATIK,TALENG",1
2491_test.jpg,SA,CA,"CA,SA,A-KARA,SI,GANTUNGAN-KA",0
2492_test.jpg,TA,TA,"TA,TU,WA,GANTUNGAN-TA,TA-TEDONG",1
2493_test.jpg,WU,WU,"WU,WUA,WRE,CU,DU",1
2494_test.jpg,KA,KA,"KA,BA,KU,KA-TEDONG,NA-RAMBAT",1
2495_test.jpg,TU,TU,"TU,TRA,TIA,RU,U",1
2496_test.jpg,A,TA,"TA,BA,NA-RAMBAT,A,U",0
2497_test.jpg,CA,CA,"CA,GANTUNGAN-CA,DA-TEDONG,NA,DA-MADU",1
2498_test.jpg,MA,MA,"MA,MA-TEDONG,GEMPELAN-SA-SAPA,SA-SAPA,A-KARA",1
2499_test.jpg,SA,SA,"SA,CA,MA,GANTUNGAN-TA,GANTUNGAN-LA",1
249_test.jpg,TA,TA,"TA,TU,GANTUNGAN-TA,A,TI",1
24_test.jpg,LA,LA,"LA,GANTUNGAN-LA,7,GA-TEDONG,GANTUNGAN-GA",1
2500_test.jpg,NA,NA,"NA,GANTUNGAN-KA,KA,DA,CA",1
2501_test.jpg,PA,PA,"PA,MA,GEMPELAN-PA,MA-TEDONG,WA",1
2502_test.jpg,YA,YA,"YA,YA-TEDONG,9,GANTUNGAN-TA-LATIK,GANTUNGAN-CA",1
2503_test.jpg,SUKU,SUKU,"SUKU,SUKU-KEMBUNG,TEDONG,GEMPELAN-PA,NANIA",1
2504_test.jpg,NANIA,NANIA,"NANIA,SUKU,IA,NIA,MU",1
2505_test.jpg,RA,RA,"RA,CECEK,TALENG,ULU,GEMPELAN-PA",1
2506_test.jpg,1,1,"1,LA,GEMPELAN-SA-SAPA,I,BA",1
2507_test.jpg,SURANG,SURANG,"SURANG,CECEK,GANTUNGAN-NA,GANTUNGAN-TA-LATIK,GANTUNGAN-JA",1
2508_test.jpg,LA,LA,"LA,SA,7,GANTUNGAN-LA,KA",1
2509_test.jpg,NANIA,NANIA,"NANIA,NIA,PAMADA,TIA,IA",1
250_test.jpg,JA,JA,"JA,RA,PEPET,GANTUNGAN-GA,NA",1
2510_test.jpg,TA,TA,"TA,BA,KA,A,TI",1
2511_test.jpg,NGA,NA-RAMBAT,"NA-RAMBAT,NGA,A,BU,1",0
2512_test.jpg,TALENG,TALENG,"TALENG,GANTUNGAN-A,DU,I-KARA,U",1
2513_test.jpg,CECEK,CECEK,"CECEK,TALENG,ULU,GANTUNGAN-NA,SUKU",1
2514_test.jpg,TALENG,TALENG,"TALENG,U,NGA,TU,NGU",1
2515_test.jpg,NA,NA,"NA,CA,BA-KEMBANG,SA,KA",1
2516_test.jpg,KA,KA,"KA,NA-RAMBAT,KU,SA-SAGA,BA",1
2517_test.jpg,BISAH,BISAH,"BISAH,TALENG,ADEG-ADEG,4,CECEK",1
2518_test.jpg,TALENG,TALENG,"TALENG,NGU,BISAH,TU,WU",1
2519_test.jpg,GANTUNGAN-TA,GANTUNGAN-TA,"GANTUNGAN-TA,WA,GANTUNGAN-CA,GANTUNGAN-JA,GANTUNGAN-A",1
251_test.jpg,TALENG,TALENG,"TALENG,GANTUNGAN-DA,U,NGU,NA-RAMBAT",1
2520_test.jpg,GANTUNGAN-BA,GANTUNGAN-BA,"GANTUNGAN-BA,GANTUNGAN-NYA,GANTUNGAN-NGA,NYA,KA-TEDONG",1
2521_test.jpg,SURANG,SURANG,"SURANG,PEPET,SUKU,GANTUNGAN-NA,GUWUNG",1
2522_test.jpg,NGA,GA,"GA,GANTUNGAN-BA,TEDONG,GANTUNGAN-NGA,RA-TEDONG",0
2523_test.jpg,TEDONG,TEDONG,"TEDONG,SUKU-ILUT,GU,SUKU,GUWUNG-MACELEK",1
2524_test.jpg,BISAH,BISAH,"BISAH,TALENG,MU,JU,4",1
2525_test.jpg,SURANG,SURANG,"SURANG,CECEK,GANTUNGAN-MA,GANTUNGAN-TA-LATIK,PEPET",1
2526_test.jpg,NA,NA,"NA,GANTUNGAN-KA,DA,BA-KEMBANG,KA",1
2527_test.jpg,ADEG-ADEG,ADEG-ADEG,"ADEG-ADEG,SUKU,TALENG,NANIA,RI",1
2528_test.jpg,TA,TA,"TA,BA,TU,KA,WA",1
2529_test.jpg,LA,LA,"LA,GANTUNGAN-LA,7,GA-TEDONG,SA",1
252_test.jpg,ULU,ULU,"ULU,GANTUNGAN-MA,0,SUKU-KEMBUNG,PEPET",1
2530_test.jpg,U-KARA,U-KARA,"U-KARA,3,JI,E-KARA,LA-LENGA",1
2531_test.jpg,TA-TEDONG,TA-TEDONG,"TA-TEDONG,TA,TI,WA-TEDONG,GANTUNGAN-TA",1
2532_test.jpg,NANIA,NANIA,"NANIA,IA,SUKU,NIA,PAMADA",1
2533_test.jpg,BU,KU,"KU,BU,NA-RAMBAT,LU,GU",0
2534_test.jpg,MA,MA,"MA,A-KARA,SA-SAPA,MA-TEDONG,PI",1
2535_test.jpg,LI,LI,"LI,I,PI,SI,GI",1
2536_test.jpg,RA,RA,"RA,MA-TEDONG,MA,NGA,RA-TEDONG",1
2537_test.jpg,NGA,NGA,"NGA,A,GANTUNGAN-A,GANTUNGAN-NGA,1",1
2538_test.jpg,TEDONG,ULU,"ULU,GANTUNGAN-GA,PEPET,TEDONG,GANTUNGAN-A",0
2539_test.jpg,GANTUNGAN-TA,GEMPELAN-SA-SAPA,"GEMPELAN-SA-SAPA,MA,GANTUNGAN-TA,SA-SAPA,BA-KEMBANG",0
253_test.jpg,KA,KA,"KA,KU,BA,NA-RAMBAT,KA-TEDONG",1
2540_test.jpg,RA,RA,"RA,RA-TEDONG,GANTUNGAN-TA,RU,ADEG-ADEG",1
2541_test.jpg,TA,TA,"TA,TU,BA,TA-TEDONG,KA",1
2542_test.jpg,KU,KU,"KU,KNA,NIA,NU,KRA",1
2543_test.jpg,TA,TA,"TA,TA-TEDONG,A,TI,GANTUNGAN-TA",1
2544_test.jpg,MA,MA,"MA,PA,NANIA,8,PI",1
2545_test.jpg,ADEG-ADEG,ADEG-ADEG,"ADEG-ADEG,SUKU,NANIA,GNA,CECEK",1
2546_test.jpg,SUKU,ADEG-ADEG,"ADEG-ADEG,SUKU,NANIA,RI,GNA",0
2547_test.jpg,NYA,NYA,"NYA,NA-RAMBAT-TEDONG,GANTUNGAN-NYA,KA-TEDONG,A-TEDONG",1
2548_test.jpg,JA,JA,"JA,RA,6,GANTUNGAN-KA,BISAH",1
2549_test.jpg,BA,BA,"BA,NA-RAMBAT,GANTUNGAN-BA,KA,A",1
254_test.jpg,MA-TEDONG,MA-TEDONG,"MA-TEDONG,WA-TEDONG,RA,DA,RA-TEDONG",1
2550_test.jpg,TIA,TIA,"TIA,TUA,IA,TRA,TU",1
2551_test.jpg,TEDONG,TEDONG,"TEDONG,ULU,0,GANTUNGAN-GA,GU",1
2552_test.jpg,CECEK,CECEK,"CECEK,TALENG,RA,ADEG-ADEG,GU",1
2553_test.jpg,LA,LA,"LA,7,GANTUNGAN-LA,SA,NIA",1
2554_test.jpg,TEDONG,TEDONG,"TEDONG,ADEG-ADEG,ULU,TALENG,RA",1
2555_test.jpg,PA,PA,"PA,GEMPELAN-PA,8,SUKU-KEMBUNG,0",1
2556_test.jpg,TEDONG,TEDONG,"TEDONG,4,NU,MI,SUKU",1
2557_test.jpg,SA,SA,"SA,CA,SI,A-KARA,7",1
2558_test.jpg,RA,RA,"RA,I-KARA,WA,2,GANTUNGAN-NA",1
2559_test.jpg,SUKU,SUKU,"SUKU,ADEG-ADEG,GANTUNGAN-NA,NANIA,SI",1
255_test.jpg,ULU,ULU,"ULU,0,ULU-SARI,GANTUNGAN-GA,GANTUNGAN-MA",1
2560_test.jpg,PA,PA,"PA,8,MA,SA-SAPA,GANTUNGAN-TA-LATIK",1
2561_test.jpg,LA,LA,"LA,GANTUNGAN-LA,GA-TEDONG,GUWUNG-MACELEK,7",1
2562_test.jpg,A,A,"A,GA,U,GANTUNGAN-GA,GANTUNGAN-LA",1
2563_test.jpg,TEDONG,SUKU-KEMBUNG,"SUKU-KEMBUNG,ULU,PEPET,0,ULU-SARI",0
2564_test.jpg,NANIA,NANIA,"NANIA,IA,NIA,PAMADA,TIA",1
2565_test.jpg,ADEG-ADEG,ADEG-ADEG,"ADEG-ADEG,TALENG,NANIA,SUKU,RU",1
2566_test.jpg,TALENG,SUKU,"SUKU,TALENG,MU,2,ADEG-ADEG",0
2567_test.jpg,CECEK,CECEK,"CECEK,BISAH,GANTUNGAN-NA,TALENG,4",1
2568_test.jpg,DA,DA,"DA,BA-KEMBANG,NA,DA-MADU,WA-TEDONG",1
2569_test.jpg,NGA,NGA,"NGA,A,GANTUNGAN-NGA,DU,2",1
256_test.jpg,ULU,ULU,"ULU,GANTUNGAN-MA,0,TALENG,PEPET",1
2570_test.jpg,WA,WA,"WA,GANTUNGAN-TA,PA,TA-TAWA,0",1
2571_test.jpg,GANTUNGAN-CA,GANTUNGAN-CA,"GANTUNGAN-CA,NA,GANTUNGAN-TA,GUWUNG-MACELEK,MA",1
2572_test.jpg,NA,NA,"NA,BA-KEMBANG,DA,GANTUNGAN-KA,NU",1
2573_test.jpg,GA,GA,"GA,GANTUNGAN-GA,SA-SAGA,LA,KA",1
2574_test.jpg,WA,WA,"WA,GANTUNGAN-TA,0,SUKU-KEMBUNG,WI",1
2575_test.jpg,SUKU,SUKU,"SUKU,NANIA,PU,GANTUNGAN-NA,U",1
2576_test.jpg,BA,NYA,"NYA,GANTUNGAN-NYA,TA-TEDONG,NA-RAMBAT-TEDONG,BA",0
2577_test.jpg,BA,BA,"BA,GANTUNGAN-BA,1,NA-RAMBAT,BU",1
2578_test.jpg,GANTUNGAN-GA,GANTUNGAN-GA,"GANTUNGAN-GA,GA,GANTUNGAN-KA,JA,GA-TEDONG",1
2579_test.jpg,NA,NA,"NA,BA-KEMBANG,GANTUNGAN-KA,DA,CA",1
257_test.jpg,A-KARA,A-KARA,"A-KARA,SA,9,GEMPELAN-SA-SAPA,SA-SAPA",1
2580_test.jpg,NANIA,NANIA,"NANIA,IA,NIA,TIA,TUA",1
2581_test.jpg,TA,TA,"TA,TU,TA-TEDONG,A,TI",1
2582_test.jpg,LA,LA,"LA,GANTUNGAN-LA,GA,GANTUNGAN-GA,GA-TEDONG",1
2583_test.jpg,MA,MA,"MA,SA-SAPA,A-KARA,GEMPELAN-SA-SAPA,4",1
2584_test.jpg,ADEG-ADEG,ADEG-ADEG,"ADEG-ADEG,RI,NU,5,I",1
2585_test.jpg,SURANG,SURANG,"SURANG,GANTUNGAN-TA-LATIK,GANTUNGAN-JA,GUWUNG,PEPET",1
2586_test.jpg,YA,YA,"YA,ULU-CANDRA,LA,SA,9",1
2587_test.jpg,NA,RA,"RA,NA,GANTUNGAN-KA,RA-TEDONG,KA-TEDONG",0
2588_test.jpg,ULU-SARI,ULU-SARI,"ULU-SARI,NA,PEPET,BA-KEMBANG,DA",1
2589_test.jpg,NA,NA,"NA,DA,A-KARA,BA-KEMBANG,KA",1
258_test.jpg,JNA,JNA,"JNA,KNA,GANTUNGAN-NA,GNA,4",1
2590_test.jpg,LU,LU,"LU,PU,LA,SU,YU",1
2591_test.jpg,NGA,NGA,"NGA,GANTUNGAN-NGA,A,NGU,GANTUNGAN-BA",1
2592_test.jpg,JA,JA,"JA,SA-SAGA,JA-TEDONG,NU,NA",1
2593_test.jpg,TA,TA,"TA,TU,TA-TEDONG,BA,TI",1
2594_test.jpg,GANTUNGAN-NYA,GANTUNGAN-NYA,"GANTUNGAN-NYA,NA-RAMBAT-TEDONG,NYA,KA-TEDONG,NA-RAMBAT",1
2595_test.jpg,KNA,KNA,"KNA,NIA,KU,NING,LA-LENGA",1
2596_test.jpg,YA,YA,"YA,ULU-CANDRA,LA,SA,9",1
2597_test.jpg,SURANG,SURANG,"SURANG,GANTUNGAN-MA,GANTUNGAN-NA,GANTUNGAN-TA-LATIK,TALENG",1
2598_test.jpg,DA,DA,"DA,BA-KEMBANG,NA,MA-TEDONG,I-KARA",1
2599_test.jpg,CU,CU,"CU,WRE,SU,KU,NIA",1
259_test.jpg,ADEG-ADEG,TALENG,"TALENG,ADEG-ADEG,BISAH,2,BU",0
25_test.jpg,A,A,"A,BA,U,NA-RAMBAT,GANTUNGAN-NGA",1
2600_test.jpg,A,GANTUNGAN-NGA,"GANTUNGAN-NGA,NGA,A,NA-RAMBAT,GANTUNGAN-BA",0
2601_test.jpg,KU,GU,"GU,KU,TU,U,GNA",0
2602_test.jpg,2,2,"2,GANTUNGAN-NA,U,NGU,GUWUNG-MACELEK",1
2603_test.jpg,TALENG,TALENG,"TALENG,CECEK,BISAH,SUKU,RU",1
2604_test.jpg,RA-TEDONG,RA-TEDONG,"RA-TEDONG,NA-TEDONG,TA-TEDONG,GANTUNGAN-NGA,RA",1
2605_test.jpg,GANTUNGAN-DA,GANTUNGAN-DA,"GANTUNGAN-DA,GANTUNGAN-JA,6,E-KARA,GANTUNGAN-TA-LATIK",1
2606_test.jpg,MU,MU,"MU,PU,WU,SU,CU",1
2607_test.jpg,U-KARA,U-KARA,"U-KARA,WI,3,JI,5",1
2608_test.jpg,PA,PA,"PA,WA,GANTUNGAN-TA,GEMPELAN-PA,8",1
2609_test.jpg,KA,KA,"KA,NA-RAMBAT,KU,KA-TEDONG,GANTUNGAN-KA",1
260_test.jpg,GANTUNGAN-TA,GANTUNGAN-TA,"GANTUNGAN-TA,TA,GANTUNGAN-A,GANTUNGAN-JA,GANTUNGAN-CA",1
2610_test.jpg,LA,LA,"LA,7,SA,GANTUNGAN-LA,8",1
2611_test.jpg,A,GA,"GA,A,LA,BA,NA-RAMBAT",0
2612_test.jpg,ULU,ULU,"ULU,PEPET,GANTUNGAN-MA,GANTUNGAN-GA,ULU-SARI",1
2613_test.jpg,GANTUNGAN-DA,GANTUNGAN-DA,"GANTUNGAN-DA,GANTUNGAN-LA,NA-RAMBAT,GANTUNGAN-TA-LATIK,E-KARA",1
2614_test.jpg,WA,WA,"WA,GANTUNGAN-TA,0,CA,SUKU-KEMBUNG",1
2615_test.jpg,ULU,GANTUNGAN-GA,"GANTUNGAN-GA,GANTUNGAN-A,ULU,PEPET,GANTUNGAN-DA",0
2616_test.jpg,ULU,ULU,"ULU,GANTUNGAN-A,TALENG,GANTUNGAN-GA,PEPET",1
2617_test.jpg,ULU,ULU,"ULU,GANTUNGAN-MA,PEPET,GANTUNGAN-GA,0",1
2618_test.jpg,SUKU,SUKU,"SUKU,TALENG,BISAH,MU,GANTUNGAN-NA",1
2619_test.jpg,BISAH,BISAH,"BISAH,TALENG,GANTUNGAN-NA,CECEK,MU",1
261_test.jpg,BA,BA,"BA,GANTUNGAN-BA,KA,NA-RAMBAT,GANTUNGAN-NGA",1
2620_test.jpg,JA,JA,"JA,JA-TEDONG,KU,4,NU",1
2621_test.jpg,ADEG-ADEG,ADEG-ADEG,"ADEG-ADEG,SUKU,NANIA,GNA,RU",1
2622_test.jpg,SA,SA,"SA,CA,LA,A-KARA,MA",1
2623_test.jpg,DA,BA-KEMBANG,"BA-KEMBANG,DA,NA,DI,DA-MADU",0
2624_test.jpg,CECEK,CECEK,"CECEK,BISAH,TEDONG,TALENG,4",1
2625_test.jpg,KA,KA,"KA,NA-RAMBAT,GANTUNGAN-BA,KA-TEDONG,BA",1
2626_test.jpg,DA,DA,"DA,NA,BA-KEMBANG,TA-TAWA,SA-SAGA",1
2627_test.jpg,BISAH,NU,"NU,BISAH,RI,SU,4",0
2628_test.jpg,DA,DA,"DA,BA-KEMBANG,NA,JA,MA-TEDONG",1
2629_test.jpg,PEPET,PEPET,"PEPET,6,JA,GANTUNGAN-MA,JA-TEDONG",1
262_test.jpg,NGA,A,"A,NGA,GANTUNGAN-NYA,GANTUNGAN-NGA,NA-RAMBAT",0
2630_test.jpg,TA,TA,"TA,TU,TA-TEDONG,A,BA",1
2631_test.jpg,GA,GA,"GA,GANTUNGAN-GA,TEDONG,ULU,RA",1
2632_test.jpg,LA,LA,"LA,GA,GANTUNGAN-LA,GUWUNG-MACELEK,GANTUNGAN-GA",1
2633_test.jpg,SURANG,SURANG,"SURANG,CECEK,GANTUNGAN-NA,GANTUNGAN-TA,TALENG",1
2634_test.jpg,CECEK,CECEK,"CECEK,SURANG,BISAH,GANTUNGAN-NA,4",1
2635_test.jpg,SA,SA,"SA,CA,A-KARA,KA,GEMPELAN-SA-SAPA",1
2636_test.jpg,KA,KA,"KA,NA-RAMBAT,KA-TEDONG,TA,KU",1
2637_test.jpg,WA,WA,"WA,WI,TA-TAWA,PA,GANTUNGAN-TA",1
2638_test.jpg,LA,LA,"LA,GANTUNGAN-LA,SA,7,GA",1
2639_test.jpg,BISAH,BISAH,"BISAH,TALENG,JU,4,ADEG-ADEG",1
263_test.jpg,SA,SA,"SA,CA,A-KARA,GANTUNGAN-CA,NA",1
2640_test.jpg,A,A,"A,U,GA,NA-RAMBAT,LA",1
2641_test.jpg,ADEG-ADEG,ADEG-ADEG,"ADEG-ADEG,SUKU,GNA,NANIA,RI",1
2642_test.jpg,NANIA,NANIA,"NANIA,IA,NIA,TIA,PAMADA",1
2643_test.jpg,TA,TA,"TA,TU,TIA,A,BA",1
2644_test.jpg,YA,YA,"YA,SA,GANTUNGAN-LA,GANTUNGAN-CA,9",1
2645_test.jpg,WI,NI,"NI,JNA,SI,GANTUNGAN-NA,RI",0
2646_test.jpg,SA,SA,"SA,LA,7,CA,LA-TEDONG",1
2647_test.jpg,YA,YA,"YA,NGA,A,9,I",1
2648_test.jpg,JA,JU,"JU,JA,NU,BISAH,GRA",0
2649_test.jpg,A,A,"A,DA,U,YA,NA-RAMBAT",1
264_test.jpg,JA-TEDONG,GANTUNGAN-GA,"GANTUNGAN-GA,GANTUNGAN-NGA,GA-TEDONG,GA,NA-TEDONG",0
2650_test.jpg,TA,TA,"TA,TA-TEDONG,TI,TU,TRA",1
2651_test.jpg,SUKU,SUKU,"SUKU,MU,GU,SU,LU",1
2652_test.jpg,TU,TU,"TU,TRA,TIA,U,GU",1
2653_test.jpg,SUKU,SUKU,"SUKU,GANTUNGAN-NA,ADEG-ADEG,PU,TEDONG",1
2654_test.jpg,DA,DA,"DA,BA-KEMBANG,DA-MADU,NA,TA-TAWA",1
2655_test.jpg,SA,SA,"SA,GEMPELAN-SA-SAPA,NA,CA,A-KARA",1
2656_test.jpg,NANIA,NANIA,"NANIA,SUKU,IA,PU,SUKU-KEMBUNG",1
2657_test.jpg,RA,RA,"RA,MA-TEDONG,RU,NGA,ADEG-ADEG",1
2658_test.jpg,A,A,"A,U,WA-TEDONG,TA,NIA",1
2659_test.jpg,A,A,"A,GANTUNGAN-A,U,GANTUNGAN-LA,GANTUNGAN-GA",1
265_test.jpg,BISAH,BISAH,"BISAH,CECEK,4,ADEG-ADEG,TALENG",1
2660_test.jpg,NA,NA,"NA,GANTUNGAN-KA,KA,DA,KA-TEDONG",1
2661_test.jpg,BISAH,BISAH,"BISAH,TALENG,4,JU,ADEG-ADEG",1
2662_test.jpg,ADEG-ADEG,ADEG-ADEG,"ADEG-ADEG,RI,GNA,NANIA,TEDONG",1
2663_test.jpg,NGA,NGA,"NGA,TA-TAWA,DA,DA-MADU,SA-SAPA",1
2664_test.jpg,MA,MA,"MA,SA-SAPA,PA,PI,A-KARA",1
2665_test.jpg,TU,TU,"TU,U,TRA,RU,TIA",1
2666_test.jpg,TALENG,TALENG,"TALENG,NGA,RU,RA,GANTUNGAN-A",1
2667_test.jpg,GA,GI,"GI,GANTUNGAN-GA,WRE,GA,JI",0
2668_test.jpg,NGA,NGA,"NGA,JA-TEDONG,GANTUNGAN-NGA,I-KARA,JA",1
2669_test.jpg,PI,WI,"WI,MI,RI,WUA,PI",0
266_test.jpg,BA,BA,"BA,KA,NA-RAMBAT,TA,GANTUNGAN-BA",1
2670_test.jpg,8,8,"8,PU,PA,A,WU",1
2671_test.jpg,NANIA,NANIA,"NANIA,IA,NIA,PU,SUKU",1
2672_test.jpg,JA,JA,"JA,RA,4,1,6",1
2673_test.jpg,RA,RA,"RA,GANTUNGAN-KA,I,JA,NA",1
2674_test.jpg,MA,MA,"MA,A-KARA,SA-SAPA,MA-TEDONG,GEMPELAN-SA-SAPA",1
2675_test.jpg,ADEG-ADEG,ADEG-ADEG,"ADEG-ADEG,TALENG,SUKU,NANIA,2",1
2676_test.jpg,PEPET,PEPET,"PEPET,GANTUNGAN-GA,GANTUNGAN-KA,ULU-RICEM,ULU",1
2677_test.jpg,BISAH,BISAH,"BISAH,TALENG,4,JU,CECEK",1
2678_test.jpg,BI,DI,"DI,NI,NGI,JI,BI",0
2679_test.jpg,2,NGU,"NGU,2,3,U,I-KARA",0
267_test.jpg,DA,DA,"DA,BA-KEMBANG,WA-TEDONG,NA,DA-TEDONG",1
2680_test.jpg,RA,RA,"RA,RA-TEDONG,RU,WA-TEDONG,GANTUNGAN-GA",1
2681_test.jpg,NA-RAMBAT-TEDONG,NA-RAMBAT-TEDONG,"NA-RAMBAT-TEDONG,GANTUNGAN-NYA,NYA,NA-RAMBAT,KA-TEDONG",1
2682_test.jpg,RA,RA,"RA,RA-TEDONG,WA,MA,MA-TEDONG",1
2683_test.jpg,LA,LA,"LA,SA,7,KA-TEDONG,BA",1
2684_test.jpg,GANTUNGAN-TA-LATIK,SA-SAPA,"SA-SAPA,GANTUNGAN-TA-LATIK,MA,DA,8",0
2685_test.jpg,LU,YU,"YU,NA-RAMBAT,GANTUNGAN-DA,SU,CU",0
2686_test.jpg,GANTUNGAN-TA,GANTUNGAN-TA,"GANTUNGAN-TA,GANTUNGAN-JA,6,GANTUNGAN-A,TU",1
2687_test.jpg,SA-SAGA,SA-SAGA,"SA-SAGA,JA,ULU-SARI,KA,ULU-RICEM",1
2688_test.jpg,GANTUNGAN-TA,WA,"WA,GANTUNGAN-TA,RA,MA-TEDONG,MA",0
2689_test.jpg,SURANG,SURANG,"SURANG,GANTUNGAN-MA,GANTUNGAN-TA-LATIK,GUWUNG,TALENG",1
268_test.jpg,NYA,NGA,"NGA,GANTUNGAN-NYA,KA-TEDONG,NA-RAMBAT,GANTUNGAN-NGA",0
2690_test.jpg,NGA,NGA,"NGA,GANTUNGAN-NGA,A,GANTUNGAN-A,RA",1
2691_test.jpg,BA,BA,"BA,KA,NA-RAMBAT,GANTUNGAN-BA,KU",1
2692_test.jpg,LA,LA,"LA,GANTUNGAN-LA,7,SA,LU",1
2693_test.jpg,GANTUNGAN-GA,GANTUNGAN-GA,"GANTUNGAN-GA,GA,GANTUNGAN-KA,GA-TEDONG,JA",1
2694_test.jpg,ADEG-ADEG,ADEG-ADEG,"ADEG-ADEG,SUKU,RU,GNA,NANIA",1
2695_test.jpg,CECEK,CECEK,"CECEK,SUKU,ULU,TALENG,SURANG",1
2696_test.jpg,SURANG,SURANG,"SURANG,GANTUNGAN-NA,CECEK,GANTUNGAN-TA-LATIK,GANTUNGAN-TA",1
2697_test.jpg,SA,SA,"SA,LA,7,CA,A-KARA",1
2698_test.jpg,PEPET,PEPET,"PEPET,GANTUNGAN-GA,GANTUNGAN-DA,GANTUNGAN-MA,ULU",1
2699_test.jpg,PEPET,PEPET,"PEPET,GANTUNGAN-MA,GANTUNGAN-GA,ULU,DA",1
269_test.jpg,NANIA,NANIA,"NANIA,3,NIA,GUWUNG-MACELEK,LA-LENGA",1
26_test.jpg,CECEK,CECEK,"CECEK,BISAH,TALENG,SUKU,ULU",1
2700_test.jpg,DA,DA,"DA,BA-KEMBANG,NA,I-KARA,DU",1
2701_test.jpg,TALENG,TALENG,"TALENG,2,BISAH,ADEG-ADEG,NGU",1
2702_test.jpg,GI,GI,"GI,JI,KI,LI,BI",1
2703_test.jpg,A,A,"A,U,TA,NA-RAMBAT,BA",1
2704_test.jpg,ULU,ULU,"ULU,TEDONG,GANTUNGAN-GA,PEPET,GA",1
2705_test.jpg,LA,LA,"LA,GANTUNGAN-LA,7,GANTUNGAN-GA,GA-TEDONG",1
2706_test.jpg,JA,JA,"JA,6,E-KARA,PEPET,JU",1
2707_test.jpg,GNA,GNA,"GNA,KNA,JI,5,GANTUNGAN-NA",1
2708_test.jpg,ULU,ULU,"ULU,TEDONG,ULU-SARI,GANTUNGAN-MA,PEPET",1
2709_test.jpg,KA,KA,"KA,KA-TEDONG,KU,NA-RAMBAT,SA-SAGA",1
270_test.jpg,SA,SA,"SA,CA,A-KARA,SI,LA",1
2710_test.jpg,TA,TA,"TA,TU,NA-RAMBAT,TI,GANTUNGAN-JA",1
2711_test.jpg,BA-KEMBANG,BA-KEMBANG,"BA-KEMBANG,NA,DA,BI,NYA",1
2712_test.jpg,PEPET,PEPET,"PEPET,GANTUNGAN-MA,GANTUNGAN-GA,GANTUNGAN-DA,JA",1
2713_test.jpg,LA-LENGA,LA-LENGA,"LA-LENGA,NING,3,KNA,PAMADA",1
2714_test.jpg,NGA,NGA,"NGA,GANTUNGAN-NGA,DA-TEDONG,NA-TEDONG,WA-TEDONG",1
2715_test.jpg,A,A,"A,LA,GANTUNGAN-LA,YA,U",1
2716_test.jpg,MA,MA,"MA,SA-SAPA,A-KARA,PI,MA-TEDONG",1
2717_test.jpg,DA,DA,"DA,TA-TAWA,JA,DA-MADU,WA",1
2718_test.jpg,A,RA,"RA,MA,PA,IA,YA",0
2719_test.jpg,LA,LA,"LA,GANTUNGAN-LA,A,7,LA-TEDONG",1
271_test.jpg,TA,TA,"TA,BA,TU,A,WA",1
2720_test.jpg,LA,LA,"LA,GA-TEDONG,GUWUNG-MACELEK,GANTUNGAN-LA,GANTUNGAN-GA",1
2721_test.jpg,YA,YA,"YA,9,GANTUNGAN-CA,YU,A",1
2722_test.jpg,SURANG,SURANG,"SURANG,GUWUNG,GANTUNGAN-JA,GANTUNGAN-NA,GANTUNGAN-TA-LATIK",1
2723_test.jpg,NGA,NGA,"NGA,A,WA-TEDONG,YA,GANTUNGAN-NGA",1
2724_test.jpg,NGA,NGA,"NGA,KA,NA-RAMBAT,A,KA-TEDONG",1
2725_test.jpg,RA,RA,"RA,RA-TEDONG,MA,GANTUNGAN-A,GEMPELAN-PA",1
2726_test.jpg,MA,MA,"MA,GEMPELAN-PA,SA,GEMPELAN-SA-SAPA,PA",1
2727_test.jpg,NA,GANTUNGAN-MA,"GANTUNGAN-MA,SUKU-KEMBUNG,PEPET,GANTUNGAN-KA,ULU",0
2728_test.jpg,ADEG-ADEG,ADEG-ADEG,"ADEG-ADEG,SUKU,NANIA,RI,GNA",1
2729_test.jpg,SUKU-KEMBUNG,SUKU-KEMBUNG,"SUKU-KEMBUNG,GUWUNG,BRA,GRA,PEPET",1
272_test.jpg,NA,GANTUNGAN-MA,"GANTUNGAN-MA,NA,0,WA,DA",0
2730_test.jpg,SUKU,SUKU,"SUKU,NANIA,MU,PU,SUKU-KEMBUNG",1
2731_test.jpg,SA,SA,"SA,CA,NA,7,KA",1
2732_test.jpg,MA-TEDONG,MA-TEDONG,"MA-TEDONG,MA,GANTUNGAN-A,RA,GEMPELAN-SA-SAPA",1
2733_test.jpg,TALENG,TALENG,"TALENG,NGU,U,2,RA",1
2734_test.jpg,ULU,ULU,"ULU,TALENG,GEMPELAN-PA,CECEK,GANTUNGAN-TA",1
2735_test.jpg,GA,TA,"TA,PEPET,GANTUNGAN-TA,KA,NA-RAMBAT",0
2736_test.jpg,A,A,"A,U,GA,TA,GANTUNGAN-A",1
2737_test.jpg,KA,KA,"KA,GANTUNGAN-BA,BA,NA-RAMBAT,LA",1
2738_test.jpg,WA,WA,"WA,PA,GANTUNGAN-TA,WI,A",1
2739_test.jpg,SURANG,SURANG,"SURANG,GANTUNGAN-TA-LATIK,GANTUNGAN-MA,GANTUNGAN-NA,TALENG",1
273_test.jpg,CECEK,CECEK,"CECEK,ULU,TALENG,BISAH,GANTUNGAN-NA",1
2740_test.jpg,GA,GA,"GA,GANTUNGAN-GA,BA,LA,NA-RAMBAT",1
2741_test.jpg,NYA,NYA,"NYA,GANTUNGAN-NYA,NA-RAMBAT-TEDONG,KA-TEDONG,BA",1
2742_test.jpg,TALENG,BISAH,"BISAH,TALENG,CECEK,ADEG-ADEG,GANTUNGAN-NA",0
2743_test.jpg,DA,DA,"DA,DA-MADU,MA-TEDONG,JA,A",1
2744_test.jpg,TALENG,TALENG,"TALENG,BISAH,ADEG-ADEG,RA,CECEK",1
2745_test.jpg,LA,LA,"LA,GANTUNGAN-LA,YA,A,SA",1
2746_test.jpg,NA,NA,"NA,GANTUNGAN-KA,DA,BA-KEMBANG,KA",1
2747_test.jpg,ULU,ULU,"ULU,TEDONG,SUKU-KEMBUNG,GANTUNGAN-MA,TALENG",1
2748_test.jpg,MA,NANIA,"NANIA,MA,NIA,PU,MA-TEDONG",0
2749_test.jpg,LU,LU,"LU,7,LA,KU,TU",1
274_test.jpg,KU,KU,"KU,KRA,NIA,NU,SU",1
2750_test.jpg,GANTUNGAN-MA,GANTUNGAN-MA,"GANTUNGAN-MA,GRA,PEPET,SUKU-KEMBUNG,0",1
2751_test.jpg,WRE,WRE,"WRE,WUA,TRA,LI,LA-LENGA",1
2752_test.jpg,A,A,"A,U,GANTUNGAN-A,LA,LA-TEDONG",1
2753_test.jpg,YA,YA,"YA,GANTUNGAN-LA,GANTUNGAN-CA,A,LA",1
2754_test.jpg,YA,YA,"YA,LA,SA,ULU-CANDRA,GANTUNGAN-TA-LATIK",1
2755_test.jpg,ADEG-ADEG,ADEG-ADEG,"ADEG-ADEG,5,RI,NU,GNA",1
2756_test.jpg,CECEK,CECEK,"CECEK,ULU,SA,SURANG,DA",1
2757_test.jpg,MA,MA,"MA,LA,MA-TEDONG,ULU-RICEM,PA",1
2758_test.jpg,NA,NA,"NA,MA,GANTUNGAN-KA,CA,NA-TEDONG",1
2759_test.jpg,NING,NING,"NING,KI,NI,LA-LENGA,A-KARA",1
275_test.jpg,GUWUNG,GUWUNG,"GUWUNG,GUWUNG-MACELEK,GANTUNGAN-MA,GANTUNGAN-TA-LATIK,8",1
2760_test.jpg,LA,LA,"LA,GANTUNGAN-LA,GANTUNGAN-DA,7,A",1
2761_test.jpg,GA,GA,"GA,GANTUNGAN-GA,GU,SA-SAGA,LA",1
2762_test.jpg,MA-TEDONG,MA-TEDONG,"MA-TEDONG,MA,WA-TEDONG,NANIA,ULU-CANDRA",1
2763_test.jpg,PA,PA,"PA,WA,MA,GEMPELAN-PA,0",1
2764_test.jpg,NYA,NYA,"NYA,GANTUNGAN-NYA,BA,GANTUNGAN-NGA,GANTUNGAN-BA",1
2765_test.jpg,SA,SA,"SA,CA,A-KARA,MA,NA",1
2766_test.jpg,PEPET,PEPET,"PEPET,GANTUNGAN-GA,GANTUNGAN-MA,GANTUNGAN-DA,JA",1
2767_test.jpg,SA-SAGA,SA-SAGA,"SA-SAGA,ULU-SARI,KA,ULU-RICEM,NA-RAMBAT",1
2768_test.jpg,GANTUNGAN-TA,GANTUNGAN-TA-LATIK,"GANTUNGAN-TA-LATIK,GANTUNGAN-JA,GANTUNGAN-TA,GANTUNGAN-CA,DA",0
2769_test.jpg,MA,MA,"MA,MA-TEDONG,GEMPELAN-SA-SAPA,PA,ULU-CANDRA",1
276_test.jpg,PA,PA,"PA,SA,8,GANTUNGAN-TA-LATIK,LA",1
2770_test.jpg,SUKU,SUKU,"SUKU,PU,SUKU-KEMBUNG,ULU,GEMPELAN-PA",1
2771_test.jpg,BA,BA,"BA,NA-RAMBAT,GANTUNGAN-BA,GANTUNGAN-NGA,KA",1
2772_test.jpg,KA,KA,"KA,SA-SAGA,KA-TEDONG,GANTUNGAN-KA,KU",1
2773_test.jpg,SA,SA,"SA,CA,LA,7,GANTUNGAN-LA",1
2774_test.jpg,1,1,"1,BI,NGI,GANTUNGAN-BA,NGA",1
2775_test.jpg,LA,LA,"LA,GANTUNGAN-LA,SA,7,A",1
2776_test.jpg,GANTUNGAN-DA,GANTUNGAN-A,"GANTUNGAN-A,GANTUNGAN-GA,GANTUNGAN-DA,GANTUNGAN-LA,GANTUNGAN-CA",0
2777_test.jpg,MA,MA,"MA,PA,SA-SAPA,MA-TEDONG,PI",1
2778_test.jpg,BISAH,BISAH,"BISAH,4,JU,ADEG-ADEG,TALENG",1
2779_test.jpg,CECEK,SURANG,"SURANG,CECEK,BISAH,GANTUNGAN-NA,TALENG",0
277_test.jpg,ULU,ULU,"ULU,GANTUNGAN-GA,TEDONG,GANTUNGAN-MA,PEPET",1
2780_test.jpg,CECEK,CECEK,"CECEK,SUKU,TALENG,ULU,GANTUNGAN-NA",1
2781_test.jpg,U-KARA,U-KARA,"U-KARA,GANTUNGAN-MA,GANTUNGAN-TA-TAWA,GANTUNGAN-NA,GUWUNG-MACELEK",1
2782_test.jpg,ADEG-ADEG,ADEG-ADEG,"ADEG-ADEG,RU,RA,TALENG,WU",1
2783_test.jpg,LA,LA,"LA,GANTUNGAN-LA,GANTUNGAN-GA,7,SA",1
2784_test.jpg,KA,KA,"KA,BA,NA-RAMBAT,TA,KU",1
2785_test.jpg,JA,JA,"JA,GANTUNGAN-NA,GANTUNGAN-DA,ULU-RICEM,I-KARA",1
2786_test.jpg,GANTUNGAN-TA,GANTUNGAN-TA,"GANTUNGAN-TA,GANTUNGAN-KA,GANTUNGAN-A,GANTUNGAN-JA,PEPET",1
2787_test.jpg,GANTUNGAN-NA,GANTUNGAN-NA,"GANTUNGAN-NA,PU,2,MU,SUKU",1
2788_test.jpg,GANTUNGAN-CA,GANTUNGAN-KA,"GANTUNGAN-KA,GANTUNGAN-CA,NA,A,GANTUNGAN-BA",0
2789_test.jpg,PEPET,PEPET,"PEPET,GANTUNGAN-MA,ULU,GANTUNGAN-GA,DA",1
278_test.jpg,GRA,TRA,"TRA,GRA,4,PI,WRE",0
2790_test.jpg,YA,YA,"YA,A,GANTUNGAN-CA,GANTUNGAN-A,LA",1
2791_test.jpg,MA,MA,"MA,SA-SAPA,A-KARA,GEMPELAN-SA-SAPA,MA-TEDONG",1
2792_test.jpg,NANIA,NANIA,"NANIA,IA,TUA,NIA,SUKU",1
2793_test.jpg,GA,LA,"LA,GA,GANTUNGAN-LA,SA-SAGA,SA",0
2794_test.jpg,PA,PA,"PA,GEMPELAN-PA,SA,GUWUNG,SUKU-KEMBUNG",1
2795_test.jpg,GA,GA,"GA,GANTUNGAN-GA,SA-SAGA,PEPET,LA",1
2796_test.jpg,NA,NA,"NA,BA-KEMBANG,DA,GANTUNGAN-KA,GI",1
2797_test.jpg,NA,NA,"NA,MA,BA-KEMBANG,NYA,DA",1
2798_test.jpg,U-KARA,U-KARA,"U-KARA,WRE,GANTUNGAN-TA-TAWA,E-KARA,GANTUNGAN-MA",1
2799_test.jpg,KA,KA,"KA,KA-TEDONG,KU,NA-RAMBAT,GANTUNGAN-KA",1
279_test.jpg,NA,NA,"NA,GANTUNGAN-KA,KA,NA-TEDONG,CA",1
27_test.jpg,JA,JA,"JA,DA,JA-TEDONG,RA,SA-SAGA",1
2800_test.jpg,GANTUNGAN-GA,ULU,"ULU,GANTUNGAN-GA,PEPET,GANTUNGAN-MA,SUKU-KEMBUNG",0
2801_test.jpg,TALENG,TALENG,"TALENG,GU,BISAH,U,NGU",1
2802_test.jpg,YA,YA,"YA,ULU-CANDRA,LA,GANTUNGAN-TA-LATIK,SA",1
2803_test.jpg,TU,TU,"TU,TIA,WU,KU,U",1
2804_test.jpg,WA,WA,"WA,GANTUNGAN-TA,CA,MA,PA",1
2805_test.jpg,SUKU-KEMBUNG,SUKU-KEMBUNG,"SUKU-KEMBUNG,GUWUNG,BRA,GANTUNGAN-MA,PEPET",1
2806_test.jpg,SA-SAGA,SA-SAGA,"SA-SAGA,GA-TEDONG,NA-RAMBAT,JA,LA",1
2807_test.jpg,GANTUNGAN-TA,GANTUNGAN-TA,"GANTUNGAN-TA,CA,WA,GANTUNGAN-CA,GANTUNGAN-A",1
2808_test.jpg,GA,GA,"GA,TA,GANTUNGAN-GA,LA,NA-RAMBAT",1
2809_test.jpg,A,A-TEDONG,"A-TEDONG,A,TA-TEDONG,WA-TEDONG,LA-TEDONG",0
280_test.jpg,BA,BA,"BA,NA-RAMBAT,GANTUNGAN-BA,BU,1",1
2810_test.jpg,A,A,"A,U,GANTUNGAN-A,WA-TEDONG,GANTUNGAN-CA",1
2811_test.jpg,YA,YA,"YA,GANTUNGAN-CA,SA,A,9",1
2812_test.jpg,JNA,JNA,"JNA,4,NI,NU,LA-LENGA",1
2813_test.jpg,GANTUNGAN-DA,GANTUNGAN-DA,"GANTUNGAN-DA,GANTUNGAN-A,GANTUNGAN-JA,GANTUNGAN-LA,PEPET",1
2814_test.jpg,KA,KA,"KA,SA-SAGA,KA-TEDONG,KU,GANTUNGAN-KA",1
2815_test.jpg,PEPET,PEPET,"PEPET,GANTUNGAN-MA,GANTUNGAN-DA,DA,ULU-RICEM",1
2816_test.jpg,KA,KA,"KA,KA-TEDONG,KU,NA-RAMBAT,BA",1
2817_test.jpg,JA,JA,"JA,SA-SAGA,GANTUNGAN-NA,PEPET,ULU-RICEM",1
2818_test.jpg,TU,TU,"TU,TRA,TIA,KU,BU",1
2819_test.jpg,ADEG-ADEG,ADEG-ADEG,"ADEG-ADEG,SUKU,NANIA,TALENG,BISAH",1
281_test.jpg,DA,DA,"DA,NA,ULU-SARI,E-KARA,BA-KEMBANG",1
2820_test.jpg,DA,DA,"DA,NA,TA-TAWA,DA-MADU,BA-KEMBANG",1
2821_test.jpg,TA,TA,"TA,TU,A,TI,TA-TEDONG",1
2822_test.jpg,NYA,NYA,"NYA,NA-RAMBAT-TEDONG,KA-TEDONG,A-TEDONG,GANTUNGAN-NYA",1
2823_test.jpg,BISAH,BISAH,"BISAH,TALENG,ADEG-ADEG,4,GANTUNGAN-NA",1
2824_test.jpg,TEDONG,TEDONG,"TEDONG,GU,0,ULU,GA",1
2825_test.jpg,NI,NI,"NI,NING,DI,KI,NA-TEDONG",1
2826_test.jpg,NGA,A,"A,GANTUNGAN-NYA,NA-RAMBAT,NYA,GANTUNGAN-NGA",0
2827_test.jpg,NA,NA,"NA,BA-KEMBANG,DA,GANTUNGAN-KA,KA",1
2828_test.jpg,ULU,RA,"RA,GANTUNGAN-KA,GANTUNGAN-GA,ULU,GANTUNGAN-NA",0
2829_test.jpg,RA,RA,"RA,GANTUNGAN-A,TALENG,GANTUNGAN-TA,MA-TEDONG",1
282_test.jpg,TU,TU,"TU,TRA,TIA,BU,U",1
2830_test.jpg,DA,DA,"DA,NA,BA-KEMBANG,I-KARA,DU",1
2831_test.jpg,LA,LA,"LA,SA-SAGA,GA-TEDONG,7,GANTUNGAN-LA",1
2832_test.jpg,NGA,NA-RAMBAT,"NA-RAMBAT,A,NGA,U,I-KARA",0
2833_test.jpg,0,0,"0,PA,WA,4,PI",1
2834_test.jpg,DA,DA,"DA,DA-MADU,BA-KEMBANG,NA,DA-TEDONG",1
2835_test.jpg,JA,JA,"JA,RA,GANTUNGAN-NA,NA,BISAH",1
2836_test.jpg,DA,DA,"DA,BA-KEMBANG,NA,DA-MADU,TA-TAWA",1
2837_test.jpg,ULU,ULU,"ULU,0,ULU-SARI,TALENG,CECEK",1
2838_test.jpg,A,YA,"YA,NGA,DA,DA-MADU,9",0
2839_test.jpg,MA,MA,"MA,WA,PI,MA-TEDONG,PA",1
283_test.jpg,TEDONG,TEDONG,"TEDONG,GU,MI,GA,SUKU",1
2840_test.jpg,SUKU,SUKU,"SUKU,ADEG-ADEG,NANIA,RU,MI",1
2841_test.jpg,WA,WA,"WA,PA,GANTUNGAN-TA,CA,MA",1
2842_test.jpg,LA-LENGA,GANTUNGAN-NA,"GANTUNGAN-NA,GNA,LA-LENGA,NING,U-KARA",0
2843_test.jpg,PEPET,PEPET,"PEPET,GANTUNGAN-MA,ULU,SUKU-KEMBUNG,GANTUNGAN-TA-LATIK",1
2844_test.jpg,LA,LA,"LA,GANTUNGAN-LA,SA,7,PA",1
2845_test.jpg,TEDONG,TEDONG,"TEDONG,SUKU,SUKU-ILUT,GU,0",1
2846_test.jpg,WA,WA,"WA,TRA,WI,WA-TEDONG,GANTUNGAN-JA",1
2847_test.jpg,KA,KA,"KA,KA-TEDONG,KU,NA-RAMBAT,GANTUNGAN-KA",1
2848_test.jpg,JA,JA,"JA,JU,BISAH,RA,SA-SAGA",1
2849_test.jpg,ADEG-ADEG,ADEG-ADEG,"ADEG-ADEG,RI,5,WI,JU",1
284_test.jpg,MA,MA,"MA,GEMPELAN-SA-SAPA,SA-SAPA,PA,GEMPELAN-PA",1
2850_test.jpg,I,I,"I,7,A,IA,A-TEDONG",1
2851_test.jpg,TEDONG,TEDONG,"TEDONG,SUKU-ILUT,SUKU,GUWUNG-MACELEK,0",1
2852_test.jpg,TA,TA,"TA,GANTUNGAN-TA,A,WA-TEDONG,GANTUNGAN-JA",1
2853_test.jpg,WA,WA,"WA,WI,PA,0,PI",1
2854_test.jpg,LI,LI,"LI,LA,7,SI,SA",1
2855_test.jpg,GANTUNGAN-DA,GANTUNGAN-DA,"GANTUNGAN-DA,GANTUNGAN-GA,GANTUNGAN-A,PEPET,GANTUNGAN-LA",1
2856_test.jpg,BISAH,BISAH,"BISAH,ADEG-ADEG,TALENG,4,CECEK",1
2857_test.jpg,KA,KA,"KA,SA-SAGA,KU,LA,NA-RAMBAT",1
2858_test.jpg,MA,MA,"MA,MA-TEDONG,SA-SAPA,GEMPELAN-SA-SAPA,A-KARA",1
2859_test.jpg,MA,MA,"MA,PA,SA-SAPA,MA-TEDONG,PI",1
285_test.jpg,MA,MA,"MA,SA-SAPA,MA-TEDONG,PI,WA",1
2860_test.jpg,TA,TA,"TA,TU,BA,RA-TEDONG,WA",1
2861_test.jpg,TU,TU,"TU,TRA,U,GU,TIA",1
2862_test.jpg,RA,RA,"RA,GANTUNGAN-TA,WA,RA-TEDONG,GANTUNGAN-KA",1
2863_test.jpg,LA,GANTUNGAN-DA,"GANTUNGAN-DA,NA-RAMBAT,6,GANTUNGAN-LA,E-KARA",0
2864_test.jpg,SURANG,SURANG,"SURANG,GANTUNGAN-MA,GUWUNG,GANTUNGAN-TA-LATIK,PEPET",1
2865_test.jpg,NGA,NGA,"NGA,GANTUNGAN-NGA,A,BA,1",1
2866_test.jpg,NANIA,TIA,"TIA,TUA,NANIA,TRA,IA",0
2867_test.jpg,KA,KA,"KA,NA-RAMBAT,KA-TEDONG,KU,GANTUNGAN-BA",1
2868_test.jpg,NANIA,NANIA,"NANIA,IA,NIA,TIA,TUA",1
2869_test.jpg,JA,JA,"JA,RA,JU,BISAH,6",1
286_test.jpg,YA,YA,"YA,9,NGA,A,LA",1
2870_test.jpg,SUKU,SUKU,"SUKU,NANIA,MU,PU,WU",1
2871_test.jpg,YA,YA,"YA,A,LA,YA-TEDONG,GANTUNGAN-CA",1
2872_test.jpg,SA,SA,"SA,A-KARA,CA,YA,KA",1
2873_test.jpg,SUKU-ILUT,SUKU-ILUT,"SUKU-ILUT,TEDONG,4,0,CECEK",1
2874_test.jpg,SA,SA,"SA,CA,A-KARA,NA,KA",1
2875_test.jpg,GANTUNGAN-DA,GANTUNGAN-DA,"GANTUNGAN-DA,GUWUNG,SUKU-KEMBUNG,GANTUNGAN-LA,6",1
2876_test.jpg,PEPET,PEPET,"PEPET,GANTUNGAN-GA,GA,GANTUNGAN-MA,ULU-RICEM",1
2877_test.jpg,WA,WA,"WA,GANTUNGAN-TA,CA,WA-TEDONG,5",1
2878_test.jpg,ADEG-ADEG,ADEG-ADEG,"ADEG-ADEG,NU,RI,5,DU",1
2879_test.jpg,TU,TU,"TU,TRA,U,TIA,GU",1
287_test.jpg,I-KARA,2,"2,I-KARA,KU,KA,3",0
2880_test.jpg,RA,RA,"RA,TEDONG,RA-TEDONG,GANTUNGAN-TA,GANTUNGAN-GA",1
2881_test.jpg,ADEG-ADEG,ADEG-ADEG,"ADEG-ADEG,MI,RA,5,TEDONG",1
2882_test.jpg,BA,BA,"BA,GANTUNGAN-BA,KA,NA-RAMBAT,LA",1
2883_test.jpg,SA,SA,"SA,LA,7,GANTUNGAN-LA,LA-TEDONG",1
2884_test.jpg,CECEK,CECEK,"CECEK,GANTUNGAN-NA,BISAH,TALENG,SUKU",1
2885_test.jpg,SURANG,SURANG,"SURANG,GANTUNGAN-TA-LATIK,CECEK,GANTUNGAN-TA,GANTUNGAN-CA",1
2886_test.jpg,KA,KA,"KA,GANTUNGAN-KA,KA-TEDONG,DA-TEDONG,NA",1
2887_test.jpg,LU,LU,"LU,PU,SU,LA,YU",1
2888_test.jpg,A,A,"A,LA,YA,U,GANTUNGAN-LA",1
2889_test.jpg,BA,BA,"BA,GANTUNGAN-NGA,BU,GANTUNGAN-BA,NGA",1
288_test.jpg,TU,TU,"TU,TRA,U,RU,GU",1
2890_test.jpg,NU,NU,"NU,CU,NIA,SI,SU",1
2891_test.jpg,DA-TEDONG,GANTUNGAN-BA,"GANTUNGAN-BA,GANTUNGAN-NGA,KA-TEDONG,DA-TEDONG,NA-TEDONG",0
2892_test.jpg,YA,YA,"YA,LA,A,SA,GANTUNGAN-TA-LATIK",1
2893_test.jpg,CA,CA,"CA,GANTUNGAN-KA,NA,GANTUNGAN-TA,SA",1
2894_test.jpg,KU,KU,"KU,KRA,NIA,BU,KA",1
2895_test.jpg,BA,BA,"BA,NA-RAMBAT,GANTUNGAN-BA,GANTUNGAN-NGA,1",1
2896_test.jpg,CECEK,CECEK,"CECEK,TALENG,ADEG-ADEG,SUKU,BISAH",1
2897_test.jpg,GA,GA,"GA,KA,GANTUNGAN-GA,BA,LA",1
2898_test.jpg,DA,DA,"DA,NA,BA-KEMBANG,TA-TAWA,DA-MADU",1
2899_test.jpg,MA,MA,"MA,8,PI,7,PA",1
289_test.jpg,8,GUWUNG,"GUWUNG,8,GUWUNG-MACELEK,PA,0",0
28_test.jpg,CECEK,CECEK,"CECEK,ULU,BISAH,TEDONG,TALENG",1
2900_test.jpg,NA,NA,"NA,CA,BA-KEMBANG,GANTUNGAN-KA,SA",1
2901_test.jpg,SUKU,SUKU,"SUKU,GANTUNGAN-NA,WU,TALENG,MU",1
2902_test.jpg,BISAH,BISAH,"BISAH,TALENG,4,CECEK,RA",1
2903_test.jpg,NA,NA,"NA,DA,BA-KEMBANG,GANTUNGAN-KA,NA-TEDONG",1
2904_test.jpg,SA,SA,"SA,SU,A-KARA,7,9",1
2905_test.jpg,WA,WA,"WA,PA,GANTUNGAN-TA,WI,0",1
2906_test.jpg,1,1,"1,GANTUNGAN-BA,NYA,LA,TI",1
2907_test.jpg,JA,JA,"JA,BISAH,RA,JU,DA",1
2908_test.jpg,RA,RA,"RA,MA,RU,RA-TEDONG,MA-TEDONG",1
2909_test.jpg,U-KARA,U-KARA,"U-KARA,3,GANTUNGAN-DA,TUA,WUA",1
290_test.jpg,NIA,NIA,"NIA,PAMADA,KRA,NU,SU",1
2910_test.jpg,BISAH,BISAH,"BISAH,4,MU,JU,GANTUNGAN-NA",1
2911_test.jpg,A,A,"A,U,WA-TEDONG,LA,TA",1
2912_test.jpg,LA,LA,"LA,GANTUNGAN-LA,GUWUNG-MACELEK,GA-TEDONG,LA-TEDONG",1
2913_test.jpg,SUKU,SUKU-ILUT,"SUKU-ILUT,TEDONG,SUKU,4,SUKU-KEMBUNG",0
2914_test.jpg,TALENG,TALENG,"TALENG,CECEK,ULU,BISAH,ADEG-ADEG",1
2915_test.jpg,BISAH,BISAH,"BISAH,CECEK,4,GANTUNGAN-NA,SUKU-ILUT",1
2916_test.jpg,SA,SA,"SA,CA,A-KARA,9,7",1
2917_test.jpg,NANIA,SUKU,"SUKU,NANIA,TEDONG,PU,MI",0
2918_test.jpg,TEDONG,TEDONG,"TEDONG,SUKU-ILUT,SUKU,GU,0",1
2919_test.jpg,BISAH,BISAH,"BISAH,TALENG,CECEK,ADEG-ADEG,4",1
291_test.jpg,TU,TU,"TU,TRA,U,TIA,RU",1
2920_test.jpg,NA,NA,"NA,DA,GANTUNGAN-KA,JA,JA-TEDONG",1
2921_test.jpg,PEPET,PEPET,"PEPET,SUKU-KEMBUNG,GANTUNGAN-GA,A-TEDONG,GANTUNGAN-MA",1
2922_test.jpg,LA,LA,"LA,GANTUNGAN-LA,7,GA-TEDONG,GA",1
2923_test.jpg,CECEK,CECEK,"CECEK,ULU,TEDONG,BISAH,TALENG",1
2924_test.jpg,SA,SA,"SA,A-KARA,CA,GEMPELAN-SA-SAPA,MA",1
2925_test.jpg,TEDONG,TEDONG,"TEDONG,ADEG-ADEG,GU,ULU-SARI,GANTUNGAN-NA",1
2926_test.jpg,KA-TEDONG,KA-TEDONG,"KA-TEDONG,KA,NA-TEDONG,NA-RAMBAT-TEDONG,DA-TEDONG",1
2927_test.jpg,WA,WA,"WA,GANTUNGAN-TA,WI,MA-TEDONG,WA-TEDONG",1
2928_test.jpg,DA,DA,"DA,NA,BA-KEMBANG,ULU-SARI,DI",1
2929_test.jpg,DA,DA,"DA,BA-KEMBANG,DA-MADU,NA,TA-TAWA",1
292_test.jpg,SA,SA,"SA,CA,A-KARA,7,NA",1
2930_test.jpg,MA,MA,"MA,SA,A-KARA,SA-SAPA,PI",1
2931_test.jpg,RA,RA,"RA,CECEK,TALENG,GEMPELAN-PA,GANTUNGAN-TA",1
2932_test.jpg,SA,SA,"SA,CA,A-KARA,MA,LA",1
2933_test.jpg,SURANG,SURANG,"SURANG,GANTUNGAN-NA,CECEK,GANTUNGAN-LA,TALENG",1
2934_test.jpg,JA,JA,"JA,RA,SA-SAGA,GANTUNGAN-NA,JU",1
2935_test.jpg,GA,GA,"GA,GU,SA-SAGA,JA,GANTUNGAN-GA",1
2936_test.jpg,BA,BA,"BA,GANTUNGAN-BA,GANTUNGAN-NGA,NA-RAMBAT,1",1
2937_test.jpg,ULU,ULU,"ULU,0,ULU-SARI,GANTUNGAN-MA,PEPET",1
2938_test.jpg,SA,SA,"SA,CA,A-KARA,GEMPELAN-SA-SAPA,YA",1
2939_test.jpg,A,A,"A,U,NA-RAMBAT,GANTUNGAN-GA,GA",1
293_test.jpg,A,A,"A,GANTUNGAN-A,NA-RAMBAT,U,LA",1
2940_test.jpg,TALENG,TALENG,"TALENG,DU,U,GANTUNGAN-A,I-KARA",1
2941_test.jpg,NANIA,NANIA,"NANIA,IA,TIA,PAMADA,NIA",1
2942_test.jpg,RA,RA,"RA,GANTUNGAN-A,TALENG,ULU,CECEK",1
2943_test.jpg,GANTUNGAN-TA,GANTUNGAN-JA,"GANTUNGAN-JA,GANTUNGAN-TA,GANTUNGAN-CA,GANTUNGAN-TA-LATIK,GANTUNGAN-A",0
2944_test.jpg,NGA,NGA,"NGA,GANTUNGAN-NGA,A,GANTUNGAN-A,YA",1
2945_test.jpg,TEDONG,TEDONG,"TEDONG,GU,SUKU,SUKU-ILUT,MI",1
2946_test.jpg,PEPET,PEPET,"PEPET,ULU,GANTUNGAN-MA,GANTUNGAN-DA,6",1
2947_test.jpg,JA,JA,"JA,BISAH,JU,RA,GANTUNGAN-NA",1
2948_test.jpg,MA,MA,"MA,A-KARA,SA-SAPA,GEMPELAN-SA-SAPA,SA",1
2949_test.jpg,A,A,"A,BA,U,NA-RAMBAT,YA",1
294_test.jpg,WA,WA,"WA,PA,MA,GANTUNGAN-TA,GANTUNGAN-JA",1
2950_test.jpg,TALENG,TALENG,"TALENG,ADEG-ADEG,BISAH,SURANG,NANIA",1
2951_test.jpg,PI,PI,"PI,WI,MI,SI,LI",1
2952_test.jpg,PA,PA,"PA,SUKU-KEMBUNG,GEMPELAN-PA,GUWUNG,0",1
2953_test.jpg,1,1,"1,GANTUNGAN-KA,JA-TEDONG,7,NA",1
2954_test.jpg,TEDONG,TEDONG,"TEDONG,SUKU-ILUT,0,4,CECEK",1
2955_test.jpg,NA,NA,"NA,BA-KEMBANG,DA,MA,GANTUNGAN-KA",1
2956_test.jpg,PEPET,PEPET,"PEPET,ULU,GANTUNGAN-MA,GANTUNGAN-GA,ULU-SARI",1
2957_test.jpg,SUKU,SUKU,"SUKU,SUKU-KEMBUNG,TALENG,PU,U",1
2958_test.jpg,YA,YA,"YA,LA,A,9,GANTUNGAN-A",1
2959_test.jpg,NA,NA,"NA,BA-KEMBANG,DA,GANTUNGAN-KA,JA",1
295_test.jpg,WA,WA,"WA,WI,GANTUNGAN-TA,GANTUNGAN-JA,CA",1
2960_test.jpg,YA,YA,"YA,A,9,GANTUNGAN-A,GANTUNGAN-CA",1
2961_test.jpg,SURANG,SURANG,"SURANG,GUWUNG,GANTUNGAN-JA,GANTUNGAN-TA-LATIK,GANTUNGAN-LA",1
2962_test.jpg,SUKU,SUKU,"SUKU,4,PU,MI,8",1
2963_test.jpg,PEPET,PEPET,"PEPET,GANTUNGAN-DA,GANTUNGAN-GA,GANTUNGAN-KA,DA",1
2964_test.jpg,PEPET,PEPET,"PEPET,GANTUNGAN-MA,ULU,6,JA",1
2965_test.jpg,PA,PA,"PA,LA,WA,7,GANTUNGAN-LA",1
2966_test.jpg,KU,KU,"KU,NIA,GU,KNA,KRA",1
2967_test.jpg,TEDONG,ULU,"ULU,TEDONG,CECEK,GANTUNGAN-GA,GA",0
2968_test.jpg,PA,PA,"PA,GEMPELAN-PA,SUKU-KEMBUNG,GUWUNG,ULU",1
2969_test.jpg,BI,GI,"GI,KI,JI,BI,TI",0
296_test.jpg,WA,WA,"WA,0,WI,PA,MA",1
2970_test.jpg,KA,KA,"KA,NA-RAMBAT,BA,KU,GANTUNGAN-BA",1
2971_test.jpg,SUKU,SUKU,"SUKU,CECEK,WU,MU,PU",1
2972_test.jpg,LA,LA,"LA,NA-RAMBAT,TA,A,BA",1
2973_test.jpg,ULU,ULU,"ULU,GANTUNGAN-MA,SUKU-KEMBUNG,0,GANTUNGAN-GA",1
2974_test.jpg,ULU-RICEM,I-KARA,"I-KARA,A,2,NYA,1",0
2975_test.jpg,SURANG,SURANG,"SURANG,CECEK,GANTUNGAN-NA,TALENG,BISAH",1
2976_test.jpg,KA,KA,"KA,NA-RAMBAT,TA,SA-SAGA,KU",1
2977_test.jpg,RU,RU,"RU,U,TU,IA,GU",1
2978_test.jpg,LA,LA,"LA,GA-TEDONG,GANTUNGAN-LA,7,GA",1
2979_test.jpg,YA,YA,"YA,SA,GANTUNGAN-CA,LA,GANTUNGAN-A",1
297_test.jpg,NIA,NIA,"NIA,KRA,KNA,PAMADA,KU",1
2980_test.jpg,A,A,"A,U,NA-RAMBAT,GANTUNGAN-GA,GA",1
2981_test.jpg,KA,KA,"KA,NA,SA,JA,CA",1
2982_test.jpg,BA,BA,"BA,GANTUNGAN-BA,KA,GA,LA",1
2983_test.jpg,JA,GANTUNGAN-GA,"GANTUNGAN-GA,GA,JA,GU,TEDONG",0
2984_test.jpg,NYA,GANTUNGAN-NYA,"GANTUNGAN-NYA,NYA,KA-TEDONG,GA-TEDONG,KA",0
2985_test.jpg,KU,KU,"KU,GU,BU,U,TU",1
2986_test.jpg,DA,DA,"DA,NA,GANTUNGAN-KA,PEPET,JA",1
2987_test.jpg,PEPET,GANTUNGAN-MA,"GANTUNGAN-MA,ULU,PEPET,0,SUKU-KEMBUNG",0
2988_test.jpg,GA,GA,"GA,TA,SA-SAGA,LA,BA",1
2989_test.jpg,PEPET,PEPET,"PEPET,GANTUNGAN-MA,SUKU-KEMBUNG,GANTUNGAN-GA,ULU",1
298_test.jpg,ULU-RICEM,ULU-SARI,"ULU-SARI,ULU-RICEM,SA-SAGA,TEDONG,DA",0
2990_test.jpg,TEDONG,TEDONG,"TEDONG,0,ULU,GU,CECEK",1
2991_test.jpg,SUKU,NANIA,"NANIA,SUKU,BA,BU,GU",0
2992_test.jpg,KU,GU,"GU,KU,BU,U,TU",0
2993_test.jpg,1,1,"1,GANTUNGAN-BA,BA,NYA,NGA",1
2994_test.jpg,KA,KA,"KA,KU,SA-SAGA,KA-TEDONG,BA",1
2995_test.jpg,NA-TEDONG,NA,"NA,BA-KEMBANG,DA,GANTUNGAN-KA,KA",0
2996_test.jpg,GA,GA,"GA,GANTUNGAN-GA,LA,GU,NA-RAMBAT",1
2997_test.jpg,ULU,ULU,"ULU,GANTUNGAN-GA,PEPET,GANTUNGAN-MA,TEDONG",1
2998_test.jpg,TA,TA,"TA,A,BA,TU,U",1
2999_test.jpg,MA,MA,"MA,NIA,ULU-RICEM,SA,LA",1
299_test.jpg,NANIA,NANIA,"NANIA,IA,NIA,TIA,TUA",1
29_test.jpg,DA-MADU,DA-MADU,"DA-MADU,DA-TEDONG,TA-TAWA,DA,WA-TEDONG",1
2_test.jpg,RA,RA,"RA,MI,RA-TEDONG,4,MA",1
3000_test.jpg,SA,SA,"SA,CA,LA,GEMPELAN-SA-SAPA,YA",1
3001_test.jpg,BA,BA,"BA,NGA,GANTUNGAN-BA,NYA,BU",1
3002_test.jpg,BISAH,BISAH,"BISAH,NU,4,SU,CECEK",1
3003_test.jpg,YA,YA,"YA,LA,9,A,GANTUNGAN-CA",1
3004_test.jpg,BA,BA,"BA,RA-TEDONG,GA,GANTUNGAN-BA,NA-RAMBAT",1
3005_test.jpg,GA,GA,"GA,BA,GANTUNGAN-GA,NA-RAMBAT,KA",1
3006_test.jpg,A,BA,"BA,GANTUNGAN-NYA,NA-RAMBAT,GANTUNGAN-BA,NYA",0
3007_test.jpg,NA,SA,"SA,GEMPELAN-SA-SAPA,BA-KEMBANG,GANTUNGAN-CA,A-KARA",0
3008_test.jpg,GA,GA,"GA,LA,PEPET,GANTUNGAN-GA,SA-SAGA",1
3009_test.jpg,MA,MA,"MA,SA-SAPA,A-KARA,MA-TEDONG,GEMPELAN-SA-SAPA",1
300_test.jpg,BISAH,BISAH,"BISAH,TALENG,4,JU,MU",1
3010_test.jpg,A,I,"I,A,U,7,LI",0
3011_test.jpg,NA,NA,"NA,GANTUNGAN-KA,KA,SA,CA",1
3012_test.jpg,YA,YA,"YA,9,YU,LA,TA-TAWA",1
3013_test.jpg,MA,MA,"MA,MA-TEDONG,GANTUNGAN-TA,PA,SA-SAPA",1
3014_test.jpg,GANTUNGAN-NA,GANTUNGAN-NA,"GANTUNGAN-NA,4,SUKU,SUKU-ILUT,JNA",1
3015_test.jpg,SURANG,SURANG,"SURANG,GANTUNGAN-JA,PEPET,GUWUNG,GANTUNGAN-TA-LATIK",1
3016_test.jpg,6,GANTUNGAN-A,"GANTUNGAN-A,A,6,JA,GANTUNGAN-GA",0
3017_test.jpg,GANTUNGAN-DA,GANTUNGAN-DA,"GANTUNGAN-DA,NA-RAMBAT,E-KARA,GANTUNGAN-LA,GANTUNGAN-JA",1
3018_test.jpg,KA,KA,"KA,NA-RAMBAT,TA,KA-TEDONG,KU",1
3019_test.jpg,WA,WA,"WA,TA-TAWA,PA,WI,GANTUNGAN-TA",1
301_test.jpg,TU,TU,"TU,BU,TRA,U,TIA",1
3020_test.jpg,A,A,"A,U,NA-RAMBAT,GA,BA",1
3021_test.jpg,RA,RA,"RA,RU,MA-TEDONG,WU,WA",1
3022_test.jpg,BISAH,BISAH,"BISAH,JA,JU,4,GANTUNGAN-NA",1
3023_test.jpg,SA,SA,"SA,CA,A-KARA,LA,KA",1
3024_test.jpg,NANIA,NANIA,"NANIA,IA,NIA,TUA,TIA",1
3025_test.jpg,SUKU,SUKU,"SUKU,GANTUNGAN-NA,PU,NANIA,4",1
3026_test.jpg,PEPET,PEPET,"PEPET,GANTUNGAN-DA,GANTUNGAN-GA,6,GANTUNGAN-A",1
3027_test.jpg,SUKU,SUKU,"SUKU,4,MI,RI,JNA",1
3028_test.jpg,CECEK,CECEK,"CECEK,ULU,BISAH,SUKU,TALENG",1
3029_test.jpg,JA,JA,"JA,RA,SA-SAGA,GANTUNGAN-NA,JA-TEDONG",1
302_test.jpg,GANTUNGAN-JA,GANTUNGAN-TA,"GANTUNGAN-TA,ULU,WA,GANTUNGAN-JA,GANTUNGAN-TA-LATIK",0
3030_test.jpg,SUKU,GANTUNGAN-NA,"GANTUNGAN-NA,TALENG,GANTUNGAN-KA,GANTUNGAN-MA,SUKU",0
3031_test.jpg,WA,WA,"WA,WI,PA,DA-MADU,CA",1
3032_test.jpg,MA,MA,"MA,PA,MA-TEDONG,8,SA-SAPA",1
3033_test.jpg,CECEK,CECEK,"CECEK,NANIA,GEMPELAN-SA-SAPA,BISAH,4",1
3034_test.jpg,GUWUNG-MACELEK,ULU-CANDRA,"ULU-CANDRA,GUWUNG-MACELEK,GUWUNG,SURANG,8",0
3035_test.jpg,TA,TA,"TA,TU,TA-TEDONG,TI,A",1
3036_test.jpg,RA,RA,"RA,GANTUNGAN-A,TALENG,MA-TEDONG,GEMPELAN-PA",1
3037_test.jpg,SUKU,SUKU,"SUKU,SUKU-KEMBUNG,GANTUNGAN-NA,PU,U",1
3038_test.jpg,LA,LA,"LA,GANTUNGAN-LA,7,SA,GA-TEDONG",1
3039_test.jpg,GEMPELAN-SA-SAPA,MA,"MA,GEMPELAN-SA-SAPA,WI,GANTUNGAN-MA,ULU",0
303_test.jpg,BA,BA,"BA,NA-RAMBAT,KA,GANTUNGAN-BA,TA",1
3040_test.jpg,NGA,NGA,"NGA,1,A,GANTUNGAN-NGA,BA",1
3041_test.jpg,WU,WU,"WU,MU,CU,WRE,WUA",1
3042_test.jpg,SURANG,SURANG,"SURANG,GUWUNG,GANTUNGAN-LA,GANTUNGAN-DA,GANTUNGAN-JA",1
3043_test.jpg,ULU,TEDONG,"TEDONG,ULU,ULU-SARI,GANTUNGAN-GA,CECEK",0
3044_test.jpg,RA,RA,"RA,TALENG,WA,RA-TEDONG,CECEK",1
3045_test.jpg,MA,MA,"MA,PA,MA-TEDONG,SA-SAPA,PI",1
3046_test.jpg,PEPET,PEPET,"PEPET,GANTUNGAN-DA,GANTUNGAN-GA,GANTUNGAN-MA,ULU-RICEM",1
3047_test.jpg,RA,RA,"RA,TALENG,CECEK,3,ULU",1
3048_test.jpg,MA,MA,"MA,SA-SAPA,GEMPELAN-SA-SAPA,MA-TEDONG,A-KARA",1
3049_test.jpg,BISAH,BISAH,"BISAH,TALENG,ADEG-ADEG,CECEK,JU",1
304_test.jpg,MI,MI,"MI,PI,WI,I,DU",1
3050_test.jpg,SUKU,SUKU,"SUKU,NANIA,IA,NIA,U",1
3051_test.jpg,DA,DA,"DA,BA-KEMBANG,NA,E-KARA,DA-MADU",1
3052_test.jpg,TEDONG,TEDONG,"TEDONG,SUKU,SUKU-ILUT,GU,4",1
3053_test.jpg,SA,SA,"SA,A-KARA,CA,GEMPELAN-SA-SAPA,YA",1
3054_test.jpg,JA,JA,"JA,DU,DA,6,JU",1
3055_test.jpg,NANIA,NANIA,"NANIA,IA,PAMADA,SUKU,NIA",1
3056_test.jpg,CECEK,TALENG,"TALENG,CECEK,BISAH,ADEG-ADEG,SUKU",0
3057_test.jpg,SURANG,SURANG,"SURANG,GANTUNGAN-MA,GUWUNG,GANTUNGAN-TA-LATIK,GANTUNGAN-LA",1
3058_test.jpg,SA,SA,"SA,CA,A-KARA,GEMPELAN-SA-SAPA,LA",1
3059_test.jpg,KA,KA,"KA,KA-TEDONG,KU,NA-RAMBAT,BA",1
305_test.jpg,PEPET,PEPET,"PEPET,ULU-RICEM,GANTUNGAN-KA,GANTUNGAN-MA,ULU",1
3060_test.jpg,A,A,"A,U,GANTUNGAN-A,WA-TEDONG,NGA",1
3061_test.jpg,NA,NA,"NA,DA,BA-KEMBANG,GANTUNGAN-KA,ULU-SARI",1
3062_test.jpg,DI,DI,"DI,NI,A-KARA,JI,NGI",1
3063_test.jpg,LA,LA,"LA,GUWUNG-MACELEK,GANTUNGAN-LA,GA-TEDONG,NIA",1
3064_test.jpg,TA-TEDONG,TA-TEDONG,"TA-TEDONG,NYA,GANTUNGAN-BA,TA,KA-TEDONG",1
3065_test.jpg,SA-SAPA,SA-SAPA,"SA-SAPA,TA-TAWA,GANTUNGAN-MA,GANTUNGAN-TA-LATIK,GEMPELAN-SA-SAPA",1
3066_test.jpg,WA,WA,"WA,GANTUNGAN-TA,PA,SA-SAPA,MA",1
3067_test.jpg,BISAH,NANIA,"NANIA,BISAH,ADEG-ADEG,SURANG,TALENG",0
3068_test.jpg,NA,NA,"NA,GANTUNGAN-KA,MA,NYA,KA",1
3069_test.jpg,SUKU-ILUT,SUKU-ILUT,"SUKU-ILUT,TEDONG,4,0,8",1
306_test.jpg,RA,RA,"RA,TEDONG,RA-TEDONG,RU,MI",1
3070_test.jpg,LA,LA,"LA,GANTUNGAN-LA,GA-TEDONG,7,GA",1
3071_test.jpg,NA,NA,"NA,BA-KEMBANG,DA,CA,GANTUNGAN-MA",1
3072_test.jpg,MA,MA,"MA,PA,PI,NANIA,8",1
3073_test.jpg,IA,IA,"IA,U,2,NANIA,WU",1
3074_test.jpg,YA,YA,"YA,ULU-CANDRA,SA,9,GANTUNGAN-LA",1
3075_test.jpg,JA,JA,"JA,RA,BISAH,KA,NA",1
3076_test.jpg,BA,BA,"BA,GANTUNGAN-BA,NA-RAMBAT,GANTUNGAN-NGA,1",1
3077_test.jpg,ADEG-ADEG,ADEG-ADEG,"ADEG-ADEG,SUKU,NANIA,TALENG,SURANG",1
3078_test.jpg,SA-SAPA,SA-SAPA,"SA-SAPA,MA,PA,GEMPELAN-SA-SAPA,8",1
3079_test.jpg,A,I,"I,A,1,NGA,JA",0
307_test.jpg,NANIA,NANIA,"NANIA,SUKU,IA,NIA,RU",1
3080_test.jpg,NA,NA,"NA,DA,GANTUNGAN-KA,GANTUNGAN-MA,BA-KEMBANG",1
3081_test.jpg,SUKU,SUKU,"SUKU,NANIA,ADEG-ADEG,TALENG,MU",1
3082_test.jpg,TALENG,TALENG,"TALENG,ULU,NGU,U,BISAH",1
3083_test.jpg,ULU,ULU,"ULU,ULU-SARI,0,GANTUNGAN-GA,TEDONG",1
3084_test.jpg,NU,NU,"NU,DU,CU,SU,NIA",1
3085_test.jpg,A,A,"A,GANTUNGAN-A,WA-TEDONG,U,GANTUNGAN-CA",1
3086_test.jpg,TEDONG,TEDONG,"TEDONG,ULU,4,SUKU-ILUT,ADEG-ADEG",1
3087_test.jpg,BA,BA,"BA,GANTUNGAN-BA,BU,1,NYA",1
3088_test.jpg,WA,WA,"WA,GANTUNGAN-TA,GANTUNGAN-CA,GANTUNGAN-TA-LATIK,DA-MADU",1
3089_test.jpg,WA,WA,"WA,GRA,WI,4,PI",1
308_test.jpg,SUKU,SUKU,"SUKU,PU,MU,SU,GANTUNGAN-NA",1
3090_test.jpg,SURANG,SURANG,"SURANG,GANTUNGAN-MA,GANTUNGAN-NA,GANTUNGAN-TA-LATIK,TALENG",1
3091_test.jpg,SUKU,SUKU,"SUKU,TEDONG,GANTUNGAN-NA,CECEK,4",1
3092_test.jpg,CECEK,CECEK,"CECEK,SURANG,BISAH,TALENG,GANTUNGAN-NA",1
3093_test.jpg,GA,GA,"GA,GANTUNGAN-GA,GU,SA-SAGA,LA",1
3094_test.jpg,NANIA,NANIA,"NANIA,TUA,TIA,IA,NIA",1
3095_test.jpg,5,GU,"GU,U,RU,TU,JU",0
3096_test.jpg,DA,DA,"DA,BA-KEMBANG,NA,DA-TEDONG,DA-MADU",1
3097_test.jpg,GANTUNGAN-TA,GANTUNGAN-TA,"GANTUNGAN-TA,GANTUNGAN-CA,CA,GANTUNGAN-A,WA",1
3098_test.jpg,NGA,NA-RAMBAT,"NA-RAMBAT,1,KA,BU,3",0
3099_test.jpg,WA,GANTUNGAN-TA,"GANTUNGAN-TA,WA,GANTUNGAN-JA,WA-TEDONG,TA",0
309_test.jpg,KA,KA,"KA,NA-RAMBAT,KA-TEDONG,KU,GANTUNGAN-BA",1
30_test.jpg,GANTUNGAN-BA,GANTUNGAN-NGA,"GANTUNGAN-NGA,BA,GANTUNGAN-BA,NGA,NYA",0
3100_test.jpg,TA,TA,"TA,TU,NA-RAMBAT,TI,BA",1
3101_test.jpg,KRA,KRA,"KRA,BRA,TRA,GRA,GUWUNG-MACELEK",1
3102_test.jpg,JA,JA,"JA,DA,BU,LU,KU",1
3103_test.jpg,PEPET,PEPET,"PEPET,GANTUNGAN-MA,GANTUNGAN-GA,ULU,GANTUNGAN-DA",1
3104_test.jpg,MA,MA,"MA,PA,SA-SAPA,8,PI",1
3105_test.jpg,A,A,"A,GANTUNGAN-LA,GANTUNGAN-A,U,LA",1
3106_test.jpg,NA,NA,"NA,GANTUNGAN-KA,CA,MA,GANTUNGAN-NA",1
3107_test.jpg,NA,NA,"NA,BA-KEMBANG,CA,GANTUNGAN-KA,DA",1
3108_test.jpg,0,4,"4,GANTUNGAN-TA-TAWA,0,GUWUNG-MACELEK,BRA",0
3109_test.jpg,JNA,JNA,"JNA,4,NI,GANTUNGAN-NA,NU",1
310_test.jpg,SUKU,SUKU,"SUKU,SUKU-KEMBUNG,PU,GANTUNGAN-NA,NANIA",1
3110_test.jpg,ULU,ULU,"ULU,0,GANTUNGAN-MA,CECEK,ULU-SARI",1
3111_test.jpg,ADEG-ADEG,ADEG-ADEG,"ADEG-ADEG,NU,5,RI,DU",1
3112_test.jpg,CECEK,CECEK,"CECEK,BISAH,TEDONG,4,ADEG-ADEG",1
3113_test.jpg,MA,MA,"MA,NANIA,PA,PI,8",1
3114_test.jpg,DA,DA,"DA,BA-KEMBANG,DA-MADU,NA,E-KARA",1
3115_test.jpg,NA-RAMBAT,NA-RAMBAT,"NA-RAMBAT,NA-RAMBAT-TEDONG,GANTUNGAN-NYA,GANTUNGAN-BA,GANTUNGAN-NGA",1
3116_test.jpg,ADEG-ADEG,ADEG-ADEG,"ADEG-ADEG,TALENG,SUKU,NANIA,RU",1
3117_test.jpg,ULU,ULU,"ULU,TEDONG,TALENG,CECEK,GANTUNGAN-MA",1
3118_test.jpg,JA,JA,"JA,RA,GANTUNGAN-NA,SA-SAGA,NA",1
3119_test.jpg,TA,TA,"TA,A,NA-RAMBAT,GANTUNGAN-NGA,GANTUNGAN-TA",1
311_test.jpg,BA,BA,"BA,GANTUNGAN-BA,NA-RAMBAT,TU,GANTUNGAN-NGA",1
3120_test.jpg,WA,WA,"WA,PA,0,WI,GUWUNG-MACELEK",1
3121_test.jpg,TA,TA,"TA,GANTUNGAN-TA,A,TA-TEDONG,TI",1
3122_test.jpg,ULU,ULU,"ULU,GANTUNGAN-GA,PEPET,GANTUNGAN-MA,ULU-SARI",1
3123_test.jpg,DA,DA,"DA,DA-MADU,DA-TEDONG,BA-KEMBANG,NA",1
3124_test.jpg,SUKU,SUKU,"SUKU,NANIA,IA,2,GANTUNGAN-NA",1
3125_test.jpg,WA,WA,"WA,PA,WI,TA-TAWA,GUWUNG-MACELEK",1
3126_test.jpg,YA,YA,"YA,9,GANTUNGAN-TA-LATIK,GANTUNGAN-CA,SA",1
3127_test.jpg,RA,RA,"RA,GANTUNGAN-A,WA,GANTUNGAN-TA,GANTUNGAN-GA",1
3128_test.jpg,RA,RA,"RA,MA,WA,MA-TEDONG,GANTUNGAN-TA",1
3129_test.jpg,TA,TA,"TA,TU,TI,BA,A",1
312_test.jpg,NA,NA,"NA,CA,GANTUNGAN-KA,KA,SA",1
3130_test.jpg,I,I,"I,NGI,I-KARA,2,KU",1
3131_test.jpg,DA,DA,"DA,I-KARA,NA,JA,PEPET",1
3132_test.jpg,JA,JA,"JA,KA,KU,DA,RA",1
3133_test.jpg,ULU,ULU,"ULU,GANTUNGAN-GA,ULU-SARI,PEPET,0",1
3134_test.jpg,BA,BA,"BA,NA-RAMBAT,NGA,1,GANTUNGAN-BA",1
3135_test.jpg,NGA,NGA,"NGA,GANTUNGAN-NGA,GANTUNGAN-BA,A,NA-RAMBAT",1
3136_test.jpg,WA,WA,"WA,GANTUNGAN-TA,PA,TA-TAWA,CA",1
3137_test.jpg,DU,DU,"DU,CU,YU,DI,NGU",1
3138_test.jpg,NA,NA,"NA,GANTUNGAN-KA,CA,MA,SA",1
3139_test.jpg,NGA,NGA,"NGA,A,YA,WA-TEDONG,DA",1
313_test.jpg,GU,GU,"GU,TU,KU,U,NA-RAMBAT",1
3140_test.jpg,SA,SA,"SA,LA,MA,GEMPELAN-SA-SAPA,A-KARA",1
3141_test.jpg,KNA,KNA,"KNA,KU,NIA,LA-LENGA,NING",1
3142_test.jpg,TALENG,TALENG,"TALENG,RA,RU,CECEK,ULU",1
3143_test.jpg,DA,DA,"DA,NA,BA-KEMBANG,E-KARA,ULU-SARI",1
3144_test.jpg,WA,WA,"WA,PA,WI,TA-TAWA,A",1
3145_test.jpg,LA,LA,"LA,GANTUNGAN-LA,GA-TEDONG,SA-SAGA,7",1
3146_test.jpg,GEMPELAN-SA-SAPA,GEMPELAN-SA-SAPA,"GEMPELAN-SA-SAPA,SA-SAPA,GEMPELAN-PA,A-KARA,SA",1
3147_test.jpg,TALENG,ADEG-ADEG,"ADEG-ADEG,TALENG,BISAH,SUKU,SURANG",0
3148_test.jpg,LA,LA,"LA,GANTUNGAN-LA,7,GA-TEDONG,LU",1
3149_test.jpg,A,A,"A,U,WA-TEDONG,LA,GANTUNGAN-A",1
314_test.jpg,JA,KU,"KU,RA,RI,4,JA",0
3150_test.jpg,TA,TA,"TA,TU,BA,TI,TA-TEDONG",1
3151_test.jpg,KA,KA,"KA,KU,NA-RAMBAT,GANTUNGAN-BA,KA-TEDONG",1
3152_test.jpg,GA,GA,"GA,LA,BA,GANTUNGAN-GA,GANTUNGAN-LA",1
3153_test.jpg,JA,JA,"JA,6,NA,DA,RA",1
3154_test.jpg,SURANG,SURANG,"SURANG,GANTUNGAN-MA,GANTUNGAN-TA-LATIK,GANTUNGAN-NA,GUWUNG",1
3155_test.jpg,GANTUNGAN-TA,GANTUNGAN-TA,"GANTUNGAN-TA,GANTUNGAN-CA,GANTUNGAN-JA,GANTUNGAN-A,GANTUNGAN-TA-LATIK",1
3156_test.jpg,MA,MA,"MA,SA-SAPA,PA,PI,MA-TEDONG",1
3157_test.jpg,CECEK,CECEK,"CECEK,SUKU,GANTUNGAN-NA,TALENG,RA",1
3158_test.jpg,TRA,TRA,"TRA,GRA,TUA,WRE,TIA",1
3159_test.jpg,NANIA,NANIA,"NANIA,MU,IA,GEMPELAN-SA-SAPA,RU",1
315_test.jpg,WA,WA,"WA,PA,GANTUNGAN-TA,WI,TA-TAWA",1
3160_test.jpg,TA,TA,"TA,A,GANTUNGAN-TA,TU,WA-TEDONG",1
3161_test.jpg,TALENG,TALENG,"TALENG,U,GANTUNGAN-A,I-KARA,2",1
3162_test.jpg,RA,RA,"RA,RA-TEDONG,WA,RU,MA",1
3163_test.jpg,LA,LA,"LA,GANTUNGAN-LA,7,A,GA-TEDONG",1
3164_test.jpg,NGA,NGA,"NGA,GANTUNGAN-NGA,GANTUNGAN-BA,DA-TEDONG,6",1
3165_test.jpg,MA,MA,"MA,MA-TEDONG,PA,NIA,8",1
3166_test.jpg,ADEG-ADEG,ADEG-ADEG,"ADEG-ADEG,TALENG,RA,BISAH,CECEK",1
3167_test.jpg,TALENG,TALENG,"TALENG,U,NGU,TU,2",1
3168_test.jpg,ADEG-ADEG,ADEG-ADEG,"ADEG-ADEG,SUKU,GNA,RU,5",1
3169_test.jpg,MA-TEDONG,MA-TEDONG,"MA-TEDONG,RA,TA-TEDONG,GANTUNGAN-A,A-TEDONG",1
316_test.jpg,SUKU,SUKU,"SUKU,ADEG-ADEG,RU,NANIA,GNA",1
3170_test.jpg,PA,PA,"PA,WA,GEMPELAN-PA,ULU,GANTUNGAN-TA",1
3171_test.jpg,TU,TU,"TU,TRA,TIA,TUA,U",1
3172_test.jpg,NA,NA,"NA,GANTUNGAN-KA,KNA,DA,CA",1
3173_test.jpg,TEDONG,TEDONG,"TEDONG,GU,0,4,NU",1
3174_test.jpg,RA,RA,"RA,RA-TEDONG,MA-TEDONG,MA,CECEK",1
3175_test.jpg,GANTUNGAN-NA,GANTUNGAN-NA,"GANTUNGAN-NA,RA,2,JA,JNA",1
3176_test.jpg,ADEG-ADEG,ADEG-ADEG,"ADEG-ADEG,SUKU,NANIA,RU,GNA",1
3177_test.jpg,KA,KA,"KA,SA-SAGA,JA,LA,GANTUNGAN-KA",1
3178_test.jpg,NA,NA,"NA,MA,DA,GANTUNGAN-KA,ULU-SARI",1
3179_test.jpg,RA,MA,"MA,NA,GANTUNGAN-GA,NA-TEDONG,RA",0
317_test.jpg,YA,YA,"YA,LA,GANTUNGAN-TA-LATIK,SA,A",1
3180_test.jpg,BA,BA,"BA,NA-RAMBAT,GANTUNGAN-BA,GANTUNGAN-NYA,GANTUNGAN-NGA",1
3181_test.jpg,BA,BA,"BA,TA,A,LA,GANTUNGAN-BA",1
3182_test.jpg,BISAH,BISAH,"BISAH,TALENG,JU,GANTUNGAN-NA,DU",1
3183_test.jpg,TALENG,TALENG,"TALENG,CECEK,ADEG-ADEG,RA,BISAH",1
3184_test.jpg,GA,WA,"WA,GA,GANTUNGAN-TA,GANTUNGAN-GA,LA-TEDONG",0
3185_test.jpg,GANTUNGAN-A,GANTUNGAN-A,"GANTUNGAN-A,GANTUNGAN-GA,GANTUNGAN-DA,A,GANTUNGAN-CA",1
3186_test.jpg,TALENG,CECEK,"CECEK,TALENG,ADEG-ADEG,BISAH,SUKU",0
3187_test.jpg,NA,NA,"NA,GANTUNGAN-MA,GANTUNGAN-TA,GANTUNGAN-KA,0",1
3188_test.jpg,BISAH,BISAH,"BISAH,TALENG,ADEG-ADEG,4,JU",1
3189_test.jpg,TU,TU,"TU,TRA,TIA,BU,GU",1
318_test.jpg,NA,NA,"NA,BA-KEMBANG,CA,SA,DA",1
3190_test.jpg,NANIA,NANIA,"NANIA,IA,TEDONG,SUKU,NIA",1
3191_test.jpg,LA,BA,"BA,GA,LA,GANTUNGAN-LA,GANTUNGAN-BA",0
3192_test.jpg,KA,KA,"KA,KA-TEDONG,KU,NA-RAMBAT,KRA",1
3193_test.jpg,NANIA,NANIA,"NANIA,PI,WI,IA,MA-TEDONG",1
3194_test.jpg,NGA,NGA,"NGA,DU,GANTUNGAN-NGA,I-KARA,A",1
3195_test.jpg,KA,KA,"KA,KA-TEDONG,BA,SA-SAGA,TA",1
3196_test.jpg,BA-KEMBANG,BA-KEMBANG,"BA-KEMBANG,NA,DA,ULU-SARI,DA-MADU",1
3197_test.jpg,LI,LI,"LI,PI,SI,WRE,7",1
3198_test.jpg,NA,NA,"NA,MA,GANTUNGAN-KA,CA,DA",1
3199_test.jpg,GANTUNGAN-LA,GANTUNGAN-LA,"GANTUNGAN-LA,LA,7,GANTUNGAN-DA,GANTUNGAN-BA",1
319_test.jpg,TA,TA,"TA,TU,BA,A,TA-TEDONG",1
31_test.jpg,TEDONG,TEDONG,"TEDONG,SUKU-ILUT,4,SUKU,CECEK",1
3200_test.jpg,ADEG-ADEG,ADEG-ADEG,"ADEG-ADEG,RU,5,TALENG,GNA",1
3201_test.jpg,PEPET,PEPET,"PEPET,ULU-RICEM,SA-SAGA,JA,GANTUNGAN-MA",1
3202_test.jpg,GANTUNGAN-MA,GANTUNGAN-MA,"GANTUNGAN-MA,PEPET,GRA,SUKU-KEMBUNG,ULU",1
3203_test.jpg,YA,LA,"LA,YA,SA,7,ULU-CANDRA",0
3204_test.jpg,GA,KA,"KA,GA,LA,GANTUNGAN-GA,SA-SAGA",0
3205_test.jpg,GANTUNGAN-TA,GANTUNGAN-TA,"GANTUNGAN-TA,GANTUNGAN-A,GANTUNGAN-CA,GANTUNGAN-KA,GANTUNGAN-JA",1
3206_test.jpg,TI,TI,"TI,TA-TEDONG,KI,BI,A-TEDONG",1
3207_test.jpg,TA-TEDONG,TA-TEDONG,"TA-TEDONG,KA-TEDONG,A-TEDONG,NYA,WA-TEDONG",1
3208_test.jpg,WA,WA,"WA,PA,WI,A,GANTUNGAN-TA",1
3209_test.jpg,LA,LA,"LA,GANTUNGAN-LA,7,A,YA",1
320_test.jpg,TA,TA,"TA,TU,BA,TA-TEDONG,WA",1
3210_test.jpg,TA,TA,"TA,TA-TEDONG,TU,TI,A",1
3211_test.jpg,SURANG,SURANG,"SURANG,GANTUNGAN-TA-LATIK,CECEK,PEPET,GANTUNGAN-NA",1
3212_test.jpg,SUKU,SUKU,"SUKU,NANIA,GANTUNGAN-NA,2,IA",1
3213_test.jpg,JA,JA,"JA,JU,DA,GANTUNGAN-TA-TAWA,E-KARA",1
3214_test.jpg,DA,DA,"DA,DA-MADU,BA-KEMBANG,DA-TEDONG,NA",1
3215_test.jpg,NA-TEDONG,NA-TEDONG,"NA-TEDONG,KA-TEDONG,KA,A-KARA,KI",1
3216_test.jpg,TEDONG,TEDONG,"TEDONG,SUKU-ILUT,0,4,8",1
3217_test.jpg,ADEG-ADEG,ADEG-ADEG,"ADEG-ADEG,SUKU,NANIA,RU,GNA",1
3218_test.jpg,MA,MA,"MA,MA-TEDONG,SA-SAPA,A-KARA,GEMPELAN-SA-SAPA",1
3219_test.jpg,SURANG,SURANG,"SURANG,CECEK,TALENG,GANTUNGAN-NA,GANTUNGAN-TA-LATIK",1
321_test.jpg,ADEG-ADEG,ADEG-ADEG,"ADEG-ADEG,RA,RU,5,TALENG",1
3220_test.jpg,LA,LA,"LA,GANTUNGAN-LA,7,GANTUNGAN-GA,SA",1
3221_test.jpg,GA,GA,"GA,GANTUNGAN-GA,LA,GANTUNGAN-LA,SA-SAGA",1
3222_test.jpg,BA,BA,"BA,NA-RAMBAT,GANTUNGAN-BA,1,KA",1
3223_test.jpg,SUKU,SUKU,"SUKU,RU,WU,NANIA,ADEG-ADEG",1
3224_test.jpg,NA-RAMBAT,NA-RAMBAT,"NA-RAMBAT,NA-RAMBAT-TEDONG,KA,GANTUNGAN-LA,GANTUNGAN-BA",1
3225_test.jpg,DA-MADU,DA-MADU,"DA-MADU,DA-TEDONG,DA,E-KARA,BA-KEMBANG",1
3226_test.jpg,A,A,"A,U,BA,TA,GA",1
3227_test.jpg,YU,YU,"YU,LU,U,MU,SU",1
3228_test.jpg,TALENG,TALENG,"TALENG,U,GANTUNGAN-A,GANTUNGAN-DA,TU",1
3229_test.jpg,GA,BA,"BA,GANTUNGAN-BA,GA,WA,GANTUNGAN-NGA",0
322_test.jpg,BISAH,BISAH,"BISAH,ADEG-ADEG,CECEK,TALENG,4",1
3230_test.jpg,NA,NA,"NA,DA,BA-KEMBANG,GANTUNGAN-KA,JA",1
3231_test.jpg,ADEG-ADEG,ADEG-ADEG,"ADEG-ADEG,RI,SUKU,RA,5",1
3232_test.jpg,CECEK,CECEK,"CECEK,SUKU,TEDONG,ADEG-ADEG,NANIA",1
3233_test.jpg,KU,KU,"KU,NIA,NU,KRA,KNA",1
3234_test.jpg,SURANG,CECEK,"CECEK,SURANG,BISAH,PEPET,GANTUNGAN-JA",0
3235_test.jpg,I-KARA,I-KARA,"I-KARA,2,SA-SAPA,TA-TAWA,GEMPELAN-SA-SAPA",1
3236_test.jpg,WI,WI,"WI,WRE,WUA,PI,DI",1
3237_test.jpg,BISAH,BISAH,"BISAH,TALENG,ADEG-ADEG,SUKU,CECEK",1
3238_test.jpg,BRA,BRA,"BRA,KRA,NANIA,BU,NIA",1
3239_test.jpg,NA,GANTUNGAN-KA,"GANTUNGAN-KA,NA-RAMBAT,KA,GANTUNGAN-BA,A",0
323_test.jpg,TEDONG,TEDONG,"TEDONG,GANTUNGAN-GA,GA,ULU,GU",1
3240_test.jpg,TALENG,TALENG,"TALENG,BISAH,RA,NGU,ULU",1
3241_test.jpg,YA,YA,"YA,A,9,GANTUNGAN-TA-LATIK,GANTUNGAN-CA",1
3242_test.jpg,ULU,ULU,"ULU,CECEK,TALENG,GU,TEDONG",1
3243_test.jpg,SURANG,SURANG,"SURANG,GANTUNGAN-TA-LATIK,GANTUNGAN-MA,GUWUNG,GANTUNGAN-NA",1
3244_test.jpg,GUWUNG,GUWUNG,"GUWUNG,GUWUNG-MACELEK,GANTUNGAN-LA,SURANG,SUKU-KEMBUNG",1
3245_test.jpg,ADEG-ADEG,ADEG-ADEG,"ADEG-ADEG,5,RA,RI,RU",1
3246_test.jpg,SUKU,SUKU,"SUKU,GANTUNGAN-NA,TEDONG,PU,SUKU-KEMBUNG",1
3247_test.jpg,DU,DU,"DU,NGU,JU,CU,TALENG",1
3248_test.jpg,RU,RU,"RU,WU,NGU,SUKU,NANIA",1
3249_test.jpg,TA,TA,"TA,BA,TU,TA-TEDONG,TI",1
324_test.jpg,RA,RA,"RA,WA,WU,RA-TEDONG,GANTUNGAN-TA",1
3250_test.jpg,ULU,ULU,"ULU,GANTUNGAN-GA,GANTUNGAN-MA,PEPET,ULU-SARI",1
3251_test.jpg,JA,JA,"JA,JU,SA-SAGA,JA-TEDONG,6",1
3252_test.jpg,BISAH,BISAH,"BISAH,TALENG,ADEG-ADEG,CECEK,JU",1
3253_test.jpg,TEDONG,TEDONG,"TEDONG,ULU,GU,GANTUNGAN-GA,GA",1
3254_test.jpg,JA,4,"4,JA,RA,SUKU-ILUT,JNA",0
3255_test.jpg,SUKU,SUKU,"SUKU,SUKU-KEMBUNG,GANTUNGAN-NA,NANIA,MU",1
3256_test.jpg,DA,DA,"DA,NA,DA-MADU,DA-TEDONG,BA-KEMBANG",1
3257_test.jpg,ADEG-ADEG,ADEG-ADEG,"ADEG-ADEG,SUKU,NANIA,TALENG,2",1
3258_test.jpg,RA,RA,"RA,5,WA,MA,RA-TEDONG",1
3259_test.jpg,TA,A,"A,GA,NA-RAMBAT,TA,U",0
325_test.jpg,WA,WA,"WA,0,WI,GRA,PA",1
3260_test.jpg,WA,WA,"WA,CA,0,PA,6",1
3261_test.jpg,MA,MA,"MA,PA,PI,SA-SAPA,NANIA",1
3262_test.jpg,YA,YA,"YA,ULU-CANDRA,9,LA,SA",1
3263_test.jpg,NA,NA,"NA,DA,GANTUNGAN-MA,BA-KEMBANG,GANTUNGAN-KA",1
3264_test.jpg,CECEK,CECEK,"CECEK,SUKU,BISAH,ADEG-ADEG,TALENG",1
3265_test.jpg,TI,TI,"TI,I,KI,BI,TA-TEDONG",1
3266_test.jpg,ULU,ULU,"ULU,ULU-SARI,DA,GANTUNGAN-GA,PEPET",1
3267_test.jpg,TALENG,TALENG,"TALENG,BISAH,CECEK,ADEG-ADEG,RA",1
3268_test.jpg,GA,GA,"GA,GANTUNGAN-GA,NA-RAMBAT,SA-SAGA,LA",1
3269_test.jpg,TA,TA,"TA,A,BA,TA-TEDONG,TU",1
326_test.jpg,TA,TA,"TA,BA,KA,A,TU",1
3270_test.jpg,NGA,NGA,"NGA,GANTUNGAN-NGA,BA,A,GANTUNGAN-BA",1
3271_test.jpg,RI,RI,"RI,4,NGI,PU,JA",1
3272_test.jpg,TEDONG,TEDONG,"TEDONG,GANTUNGAN-NA,RA,CECEK,ULU-RICEM",1
3273_test.jpg,TALENG,2,"2,TALENG,U-KARA,GANTUNGAN-NA,3",0
3274_test.jpg,SUKU,SUKU,"SUKU,MU,BISAH,4,PU",1
3275_test.jpg,BISAH,BISAH,"BISAH,TALENG,ADEG-ADEG,CECEK,RA",1
3276_test.jpg,JNA,JNA,"JNA,KNA,SI,NI,4",1
3277_test.jpg,PEPET,PEPET,"PEPET,GANTUNGAN-GA,GANTUNGAN-DA,GANTUNGAN-MA,DA",1
3278_test.jpg,YA,9,"9,2,YU,I-KARA,1",0
3279_test.jpg,I,KI,"KI,BI,NA,1,NGI",0
327_test.jpg,SU,SU,"SU,YU,CU,SI,LU",1
3280_test.jpg,0,0,"0,NA,RA,DA,ULU",1
3281_test.jpg,ADEG-ADEG,ADEG-ADEG,"ADEG-ADEG,TALENG,RA,RU,SUKU",1
3282_test.jpg,SUKU,SUKU,"SUKU,NANIA,2,MU,U",1
3283_test.jpg,TEDONG,TEDONG,"TEDONG,ULU,SUKU-ILUT,GANTUNGAN-GA,4",1
3284_test.jpg,MA,MA,"MA,MA-TEDONG,SA-SAPA,GEMPELAN-SA-SAPA,A-KARA",1
3285_test.jpg,TEDONG,TEDONG,"TEDONG,ULU-RICEM,SA-SAGA,ULU-SARI,GANTUNGAN-NA",1
3286_test.jpg,KRA,KRA,"KRA,NIA,TRA,BRA,KU",1
3287_test.jpg,YA,YA,"YA,LA,SA,A,ULU-CANDRA",1
3288_test.jpg,YA,YA,"YA,SA,LA,GANTUNGAN-CA,9",1
3289_test.jpg,ADEG-ADEG,ADEG-ADEG,"ADEG-ADEG,SUKU,TALENG,NANIA,RU",1
328_test.jpg,SURANG,SURANG,"SURANG,GUWUNG,GANTUNGAN-TA-LATIK,GANTUNGAN-DA,GANTUNGAN-LA",1
3290_test.jpg,BA,BA,"BA,NYA,NGA,GANTUNGAN-BA,GANTUNGAN-NGA",1
3291_test.jpg,MA,MA,"MA,GEMPELAN-PA,GEMPELAN-SA-SAPA,PA,SA",1
3292_test.jpg,TA,TA,"TA,TA-TEDONG,TI,TU,A",1
3293_test.jpg,WA,WA,"WA,GANTUNGAN-TA,WA-TEDONG,CA,5",1
3294_test.jpg,ULU,ULU,"ULU,0,GANTUNGAN-MA,ULU-SARI,GU",1
3295_test.jpg,WA,WA,"WA,GANTUNGAN-TA,MA-TEDONG,WA-TEDONG,LA-TEDONG",1
3296_test.jpg,KA,KA,"KA,NA-RAMBAT,KA-TEDONG,TA,SA-SAGA",1
3297_test.jpg,YA,YA,"YA,A,9,GANTUNGAN-A,YA-TEDONG",1
3298_test.jpg,SA,SA,"SA,CA,A-KARA,KA,SI",1
3299_test.jpg,NA,NA,"NA,CA,KA,GANTUNGAN-KA,SA",1
329_test.jpg,KA,KA,"KA,KU,KA-TEDONG,NA,NA-RAMBAT",1
32_test.jpg,YA,YA,"YA,A,9,GANTUNGAN-A,GANTUNGAN-CA",1
3300_test.jpg,TA,GANTUNGAN-TA,"GANTUNGAN-TA,TA,GANTUNGAN-JA,ULU-SARI,WA",0
3301_test.jpg,WA,WA,"WA,0,WI,CA,6",1
3302_test.jpg,WRE,TRA,"TRA,TIA,TUA,NING,GUWUNG-MACELEK",0
3303_test.jpg,LA-TEDONG,LA-TEDONG,"LA-TEDONG,7,GA-TEDONG,LA,A",1
3304_test.jpg,NGA,NGA,"NGA,GANTUNGAN-NGA,A,DA,YA",1
3305_test.jpg,9,9,"9,1,A-KARA,SI,7",1
3306_test.jpg,PEPET,GANTUNGAN-DA,"GANTUNGAN-DA,PEPET,GANTUNGAN-A,GANTUNGAN-TA-LATIK,SURANG",0
3307_test.jpg,RA,RA,"RA,TEDONG,GA,GANTUNGAN-GA,RA-TEDONG",1
3308_test.jpg,TU,TU,"TU,TRA,WU,TIA,RU",1
3309_test.jpg,NA,NA,"NA,GANTUNGAN-KA,DA,GANTUNGAN-GA,GANTUNGAN-MA",1
330_test.jpg,KA,NA-RAMBAT,"NA-RAMBAT,KA,BA,GANTUNGAN-BA,KU",0
3310_test.jpg,NA-RAMBAT-TEDONG,NA-RAMBAT-TEDONG,"NA-RAMBAT-TEDONG,GANTUNGAN-NYA,NYA,NA-RAMBAT,KA-TEDONG",1
3311_test.jpg,SA,SA,"SA,CA,A-KARA,NA,GANTUNGAN-LA",1
3312_test.jpg,NA,NA,"NA,BA-KEMBANG,GANTUNGAN-KA,CA,DA",1
3313_test.jpg,PU,PU,"PU,MU,WU,SU,LU",1
3314_test.jpg,NA,NA,"NA,BA-KEMBANG,DA,ULU-SARI,I-KARA",1
3315_test.jpg,DA,DA,"DA,BA-KEMBANG,NA,DA-MADU,DA-TEDONG",1
3316_test.jpg,2,2,"2,LA-LENGA,NGU,3,I-KARA",1
3317_test.jpg,ADEG-ADEG,ADEG-ADEG,"ADEG-ADEG,SUKU,NANIA,TALENG,SURANG",1
3318_test.jpg,JA,JA,"JA,SA-SAGA,KU,GU,RA",1
3319_test.jpg,NANIA,NANIA,"NANIA,TUA,IA,MA-TEDONG,NIA",1
331_test.jpg,MA,MA,"MA,SA-SAPA,A-KARA,PI,PA",1
3320_test.jpg,YA,YA,"YA,SA,ULU-CANDRA,LA,DA-MADU",1
3321_test.jpg,MA,MA,"MA,SA-SAPA,MA-TEDONG,GEMPELAN-SA-SAPA,A-KARA",1
3322_test.jpg,PEPET,PEPET,"PEPET,GANTUNGAN-GA,GANTUNGAN-MA,ULU,GANTUNGAN-DA",1
3323_test.jpg,A,A,"A,DA,NA-RAMBAT,GANTUNGAN-NGA,GANTUNGAN-CA",1
3324_test.jpg,RA,RA,"RA,RA-TEDONG,RU,ADEG-ADEG,NGA",1
3325_test.jpg,DA,DA,"DA,YA,NGA,A,DA-MADU",1
3326_test.jpg,NGA,NGA,"NGA,A,GANTUNGAN-NGA,WA-TEDONG,A-TEDONG",1
3327_test.jpg,NA,NA,"NA,GANTUNGAN-KA,BA-KEMBANG,DA,KA",1
3328_test.jpg,SURANG,SURANG,"SURANG,CECEK,GANTUNGAN-NA,TALENG,GANTUNGAN-MA",1
3329_test.jpg,JA,JA,"JA,RA,NU,4,BISAH",1
332_test.jpg,ADEG-ADEG,ADEG-ADEG,"ADEG-ADEG,SUKU,NANIA,GNA,TALENG",1
3330_test.jpg,SUKU-KEMBUNG,SUKU-KEMBUNG,"SUKU-KEMBUNG,PEPET,WA,GANTUNGAN-TA-TAWA,GUWUNG",1
3331_test.jpg,NA,NA,"NA,BA-KEMBANG,GANTUNGAN-KA,DA,KA",1
3332_test.jpg,JI,JI,"JI,NI,GI,GNA,NGI",1
3333_test.jpg,PEPET,PEPET,"PEPET,GANTUNGAN-MA,GANTUNGAN-DA,GANTUNGAN-GA,ULU-RICEM",1
3334_test.jpg,KA,KA,"KA,KA-TEDONG,KI,NA-TEDONG,GANTUNGAN-BA",1
3335_test.jpg,ADEG-ADEG,ADEG-ADEG,"ADEG-ADEG,RA,RU,TALENG,SUKU",1
3336_test.jpg,WA,WA,"WA,WA-TEDONG,WI,GRA,TRA",1
3337_test.jpg,BISAH,BISAH,"BISAH,JU,TALENG,RA,4",1
3338_test.jpg,GANTUNGAN-DA,GANTUNGAN-A,"GANTUNGAN-A,GANTUNGAN-DA,GANTUNGAN-GA,GANTUNGAN-JA,6",0
3339_test.jpg,TU,TU,"TU,TRA,TIA,TUA,RU",1
333_test.jpg,ULU-RICEM,ULU-SARI,"ULU-SARI,ULU-RICEM,PEPET,DA,BA-KEMBANG",0
3340_test.jpg,TU,TU,"TU,U,TRA,LU,TIA",1
3341_test.jpg,WUA,WUA,"WUA,TUA,WRE,WI,U-KARA",1
3342_test.jpg,CECEK,CECEK,"CECEK,ULU,TALENG,GANTUNGAN-KA,PEPET",1
3343_test.jpg,RA,RA,"RA,RU,RA-TEDONG,ADEG-ADEG,NANIA",1
3344_test.jpg,RA,RA,"RA,RU,MA,GA,RA-TEDONG",1
3345_test.jpg,TA,TA,"TA,GANTUNGAN-TA,A,TU,U",1
3346_test.jpg,SA,SA,"SA,CA,GEMPELAN-SA-SAPA,A-KARA,NA",1
3347_test.jpg,LA,LA,"LA,SA,GANTUNGAN-LA,7,GUWUNG-MACELEK",1
3348_test.jpg,TALENG,TALENG,"TALENG,BISAH,ADEG-ADEG,RA,JU",1
3349_test.jpg,CECEK,CECEK,"CECEK,ULU,TALENG,BISAH,ADEG-ADEG",1
334_test.jpg,WA,WA,"WA,5,WI,TA-TAWA,MA",1
3350_test.jpg,DA,DA,"DA,BA-KEMBANG,NA,DA-MADU,YA",1
3351_test.jpg,JA,JA,"JA,GANTUNGAN-NA,BISAH,RA,JA-TEDONG",1
3352_test.jpg,CECEK,CECEK,"CECEK,BISAH,TALENG,ULU,SURANG",1
3353_test.jpg,NA,NA,"NA,MA,GANTUNGAN-KA,NU,NA-TEDONG",1
3354_test.jpg,SURANG,SURANG,"SURANG,GANTUNGAN-NA,GANTUNGAN-TA-LATIK,TALENG,CECEK",1
3355_test.jpg,YU,YU,"YU,SU,LU,CU,DU",1
3356_test.jpg,SUKU-KEMBUNG,SUKU-KEMBUNG,"SUKU-KEMBUNG,GUWUNG,BRA,GRA,ULU",1
3357_test.jpg,ULU,ULU,"ULU,CECEK,TEDONG,RA,GU",1
3358_test.jpg,ULU,SUKU,"SUKU,GANTUNGAN-NA,JA,TALENG,I",0
3359_test.jpg,A,A,"A,U,GANTUNGAN-A,GA,GANTUNGAN-GA",1
335_test.jpg,U,U,"U,DU,YU,IA,LU",1
3360_test.jpg,CECEK,CECEK,"CECEK,BISAH,ULU,RA,4",1
3361_test.jpg,JA,JA,"JA,NA,JA-TEDONG,4,KU",1
3362_test.jpg,BISAH,BISAH,"BISAH,TALENG,4,CECEK,JU",1
3363_test.jpg,CA,CA,"CA,SA,7,GANTUNGAN-KA,NA",1
3364_test.jpg,NA,NA,"NA,BA-KEMBANG,CA,GANTUNGAN-KA,SA",1
3365_test.jpg,NA,NA,"NA,GANTUNGAN-KA,MA,DA,RA",1
3366_test.jpg,TA-TEDONG,TA-TEDONG,"TA-TEDONG,A-TEDONG,TI,RA-TEDONG,TA",1
3367_test.jpg,JA,JA,"JA,RA,JA-TEDONG,GANTUNGAN-KA,I-KARA",1
3368_test.jpg,NGA,GANTUNGAN-NGA,"GANTUNGAN-NGA,NGA,A,GANTUNGAN-A,A-TEDONG",0
3369_test.jpg,TALENG,ADEG-ADEG,"ADEG-ADEG,SUKU,RU,TALENG,NANIA",0
336_test.jpg,NGU,NGU,"NGU,2,U,I-KARA,3",1
3370_test.jpg,DA,RA,"RA,DA,NA,BA-KEMBANG,MA",0
3371_test.jpg,GA,GA,"GA,NA-RAMBAT,GANTUNGAN-GA,SA-SAGA,TA",1
3372_test.jpg,A,A,"A,U,LA,GANTUNGAN-GA,GA",1
3373_test.jpg,A,A,"A,U,NA-RAMBAT,TA,BA",1
3374_test.jpg,YA,YA,"YA,9,A,NGA,ULU-CANDRA",1
3375_test.jpg,SURANG,GUWUNG,"GUWUNG,SURANG,GANTUNGAN-TA-LATIK,GANTUNGAN-LA,GANTUNGAN-DA",0
3376_test.jpg,GU,GU,"GU,GNA,LU,KU,GRA",1
3377_test.jpg,WA,WA,"WA,PA,WI,GRA,A",1
3378_test.jpg,ULU,ULU,"ULU,PEPET,TEDONG,ULU-SARI,GANTUNGAN-GA",1
3379_test.jpg,BISAH,BISAH,"BISAH,ADEG-ADEG,TALENG,CECEK,RA",1
337_test.jpg,LA,LA,"LA,GUWUNG-MACELEK,SA,GA-TEDONG,GANTUNGAN-LA",1
3380_test.jpg,SA-SAGA,SA-SAGA,"SA-SAGA,JA,KU,GU,KA",1
3381_test.jpg,DA,DA,"DA,BA-KEMBANG,NA,TA-TAWA,DA-MADU",1
3382_test.jpg,BA,BA,"BA,NA-RAMBAT,GANTUNGAN-BA,NGA,A",1
3383_test.jpg,SA,SA,"SA,A-KARA,GEMPELAN-SA-SAPA,GANTUNGAN-LA,YA",1
3384_test.jpg,KA,KA,"KA,KA-TEDONG,NA-TEDONG,KU,NA-RAMBAT",1
3385_test.jpg,ADEG-ADEG,ADEG-ADEG,"ADEG-ADEG,5,SUKU,RI,GNA",1
3386_test.jpg,TEDONG,TEDONG,"TEDONG,GU,SUKU,4,ULU",1
3387_test.jpg,GANTUNGAN-TA,GANTUNGAN-TA,"GANTUNGAN-TA,GANTUNGAN-A,DA,WA,RA",1
3388_test.jpg,SI,SI,"SI,NI,DI,A-KARA,KI",1
3389_test.jpg,NA,NA,"NA,GANTUNGAN-KA,KA,CA,DA",1
338_test.jpg,SUKU,SUKU,"SUKU,TALENG,GANTUNGAN-NA,NANIA,U",1
3390_test.jpg,TA,TA,"TA,TA-TEDONG,TU,TI,A",1
3391_test.jpg,LA,LA,"LA,GANTUNGAN-LA,7,GA-TEDONG,GANTUNGAN-GA",1
3392_test.jpg,LA,LA,"LA,A,GANTUNGAN-LA,TA,7",1
3393_test.jpg,JA,JA,"JA,PEPET,GANTUNGAN-MA,GANTUNGAN-DA,ULU-SARI",1
3394_test.jpg,TALENG,SUKU,"SUKU,CECEK,GANTUNGAN-NA,ADEG-ADEG,TALENG",0
3395_test.jpg,SURANG,ADEG-ADEG,"ADEG-ADEG,BISAH,SURANG,PEPET,RI",0
3396_test.jpg,WA,WA,"WA,PA,WI,GANTUNGAN-TA,CA",1
3397_test.jpg,PEPET,PEPET,"PEPET,GANTUNGAN-MA,GANTUNGAN-GA,JA,ULU",1
3398_test.jpg,DA,DA,"DA,BA-KEMBANG,NA,DA-MADU,GANTUNGAN-A",1
3399_test.jpg,LA,LA,"LA,GANTUNGAN-LA,SA,7,GUWUNG-MACELEK",1
339_test.jpg,JA,JA,"JA,RA,GANTUNGAN-NA,6,ULU-SARI",1
33_test.jpg,TEDONG,TEDONG,"TEDONG,ULU,ADEG-ADEG,CECEK,GU",1
3400_test.jpg,TALENG,TALENG,"TALENG,BISAH,RA,5,CECEK",1
3401_test.jpg,3,3,"3,LA-LENGA,I-KARA,2,KNA",1
3402_test.jpg,DA,DA,"DA,BA-KEMBANG,DA-MADU,NA,YA",1
3403_test.jpg,SURANG,SURANG,"SURANG,CECEK,GANTUNGAN-NA,TALENG,BISAH",1
3404_test.jpg,9,SA,"SA,9,GANTUNGAN-LA,KA,A-KARA",0
3405_test.jpg,NYA,NYA,"NYA,GANTUNGAN-NYA,NA-RAMBAT-TEDONG,KA-TEDONG,GA-TEDONG",1
3406_test.jpg,TU,TU,"TU,KU,WU,TIA,MU",1
3407_test.jpg,MA,MA,"MA,SA-SAPA,PA,GEMPELAN-SA-SAPA,PI",1
3408_test.jpg,BISAH,BISAH,"BISAH,4,SUKU-ILUT,JU,SUKU",1
3409_test.jpg,SUKU,SUKU,"SUKU,GU,CECEK,GANTUNGAN-NA,JA",1
340_test.jpg,CECEK,CECEK,"CECEK,BISAH,ULU,TEDONG,TALENG",1
3410_test.jpg,ADEG-ADEG,ADEG-ADEG,"ADEG-ADEG,SUKU,NANIA,GNA,RI",1
3411_test.jpg,TEDONG,TEDONG,"TEDONG,SUKU-ILUT,4,GANTUNGAN-GA,0",1
3412_test.jpg,TALENG,TALENG,"TALENG,NU,JU,BISAH,CECEK",1
3413_test.jpg,U-KARA,U-KARA,"U-KARA,3,JI,GEMPELAN-SA-SAPA,GANTUNGAN-NA",1
3414_test.jpg,SUKU,SUKU,"SUKU,SUKU-KEMBUNG,GANTUNGAN-NA,PU,U",1
3415_test.jpg,CECEK,CECEK,"CECEK,ULU,BISAH,TEDONG,TALENG",1
3416_test.jpg,DA,DA,"DA,BA-KEMBANG,NA,DA-MADU,TA-TAWA",1
3417_test.jpg,TA,TA,"TA,TU,A,BA,WA",1
3418_test.jpg,PEPET,PEPET,"PEPET,ULU-RICEM,GANTUNGAN-MA,GANTUNGAN-GA,GA",1
3419_test.jpg,ULU,ULU,"ULU,GANTUNGAN-MA,GANTUNGAN-TA,WA,ULU-SARI",1
341_test.jpg,E-KARA,6,"6,E-KARA,GANTUNGAN-DA,GANTUNGAN-A,GANTUNGAN-TA-TAWA",0
3420_test.jpg,WA,WA,"WA,0,GANTUNGAN-TA,WI,ULU-SARI",1
3421_test.jpg,DA,DA,"DA,BA-KEMBANG,GANTUNGAN-MA,6,JA",1
3422_test.jpg,KU,KU,"KU,KA,KRA,NA-RAMBAT,LU",1
3423_test.jpg,SA,SA,"SA,CA,LA,A-KARA,NA",1
3424_test.jpg,RA,RA,"RA,TALENG,GANTUNGAN-A,WA,RA-TEDONG",1
3425_test.jpg,TU,TU,"TU,TRA,TIA,TUA,5",1
3426_test.jpg,BISAH,BISAH,"BISAH,TALENG,ADEG-ADEG,CECEK,4",1
3427_test.jpg,U,U,"U,TU,LU,TALENG,IA",1
3428_test.jpg,SURANG,SURANG,"SURANG,TALENG,GANTUNGAN-NA,GANTUNGAN-LA,GANTUNGAN-TA-LATIK",1
3429_test.jpg,JA-TEDONG,ULU-SARI,"ULU-SARI,PEPET,ULU-RICEM,NA,JA-TEDONG",0
342_test.jpg,ULU,GANTUNGAN-MA,"GANTUNGAN-MA,ULU,SUKU-KEMBUNG,PEPET,GRA",0
3430_test.jpg,BISAH,BISAH,"BISAH,CECEK,4,TALENG,SUKU-ILUT",1
3431_test.jpg,SA,SA,"SA,CA,SU,GANTUNGAN-LA,YA",1
3432_test.jpg,NGA,NGA,"NGA,A,GANTUNGAN-NGA,I-KARA,TA-TAWA",1
3433_test.jpg,CECEK,CECEK,"CECEK,BISAH,TALENG,4,ADEG-ADEG",1
3434_test.jpg,CECEK,CECEK,"CECEK,BISAH,TALENG,4,ULU",1
3435_test.jpg,WU,WU,"WU,CU,PU,MU,5",1
3436_test.jpg,SA,SA,"SA,A-KARA,GEMPELAN-SA-SAPA,MA,9",1
3437_test.jpg,SUKU,SUKU,"SUKU,NANIA,CECEK,PU,GEMPELAN-SA-SAPA",1
3438_test.jpg,ULU-SARI,ULU-SARI,"ULU-SARI,ULU-RICEM,ULU,TEDONG,SA-SAGA",1
3439_test.jpg,A,A,"A,U,NGA,WA-TEDONG,GANTUNGAN-GA",1
343_test.jpg,PA,PA,"PA,MA,SA-SAPA,8,GEMPELAN-SA-SAPA",1
3440_test.jpg,GANTUNGAN-GA,GANTUNGAN-GA,"GANTUNGAN-GA,GA,ULU,RA,PEPET",1
3441_test.jpg,A,A,"A,A-TEDONG,WA-TEDONG,U,LA-TEDONG",1
3442_test.jpg,JA,JA,"JA,RA,JA-TEDONG,SA-SAGA,JU",1
3443_test.jpg,SURANG,SURANG,"SURANG,CECEK,GANTUNGAN-TA-LATIK,GANTUNGAN-MA,GANTUNGAN-NA",1
3444_test.jpg,CECEK,CECEK,"CECEK,BISAH,TALENG,ULU,TEDONG",1
3445_test.jpg,NANIA,NANIA,"NANIA,IA,NIA,TUA,PAMADA",1
3446_test.jpg,NGA,NGA,"NGA,GANTUNGAN-NGA,A,GANTUNGAN-BA,BA",1
3447_test.jpg,NA,NA,"NA,BA-KEMBANG,GANTUNGAN-MA,DA,GANTUNGAN-KA",1
3448_test.jpg,WA,PA,"PA,GANTUNGAN-TA-LATIK,GANTUNGAN-A,SUKU-KEMBUNG,WA",0
3449_test.jpg,MA,MA,"MA,A-KARA,MA-TEDONG,SA-SAPA,GEMPELAN-SA-SAPA",1
344_test.jpg,MA,MA,"MA,PA,SA-SAPA,GEMPELAN-SA-SAPA,DA-MADU",1
3450_test.jpg,ULU,ULU,"ULU,ULU-SARI,NA,0,DA",1
3451_test.jpg,YA,YA,"YA,9,GANTUNGAN-TA-LATIK,ULU-CANDRA,LA",1
3452_test.jpg,TU,TU,"TU,GU,U,BU,TRA",1
3453_test.jpg,TEDONG,TEDONG,"TEDONG,GU,ULU,ADEG-ADEG,NU",1
3454_test.jpg,NA,NA,"NA,BA-KEMBANG,MA,NYA,RA-TEDONG",1
3455_test.jpg,TU,TU,"TU,TRA,RU,U,GU",1
3456_test.jpg,BA,GANTUNGAN-A,"GANTUNGAN-A,GANTUNGAN-KA,GANTUNGAN-TA,NYA,NGA",0
3457_test.jpg,BISAH,BISAH,"BISAH,4,MU,CECEK,TALENG",1
3458_test.jpg,GANTUNGAN-DA,GANTUNGAN-DA,"GANTUNGAN-DA,PEPET,GANTUNGAN-GA,GANTUNGAN-A,ULU",1
3459_test.jpg,WI,WI,"WI,DI,NGI,TI,I",1
345_test.jpg,SURANG,SURANG,"SURANG,CECEK,GANTUNGAN-NA,TALENG,GANTUNGAN-TA-LATIK",1
3460_test.jpg,MU,MU,"MU,WU,PU,LU,TUA",1
3461_test.jpg,NYA,GANTUNGAN-NYA,"GANTUNGAN-NYA,NA-RAMBAT-TEDONG,NYA,GA-TEDONG,KA-TEDONG",0
3462_test.jpg,TALENG,TALENG,"TALENG,CECEK,U,GU,ULU",1
3463_test.jpg,PEPET,GANTUNGAN-DA,"GANTUNGAN-DA,GANTUNGAN-A,GANTUNGAN-TA-LATIK,PEPET,GANTUNGAN-CA",0
3464_test.jpg,ADEG-ADEG,ADEG-ADEG,"ADEG-ADEG,SUKU,TALENG,NANIA,RI",1
3465_test.jpg,MA-TEDONG,MA-TEDONG,"MA-TEDONG,MA,GANTUNGAN-A,RA,NANIA",1
3466_test.jpg,SA,CA,"CA,WA,GANTUNGAN-TA,SA,7",0
3467_test.jpg,ULU,ULU,"ULU,TEDONG,ADEG-ADEG,ULU-SARI,GANTUNGAN-NA",1
3468_test.jpg,BISAH,BISAH,"BISAH,JU,JA,MU,NU",1
3469_test.jpg,DA,DA,"DA,YA,GANTUNGAN-A,DA-MADU,TA-TAWA",1
346_test.jpg,RA,CECEK,"CECEK,RA,ADEG-ADEG,TALENG,ULU",0
3470_test.jpg,BA,BA,"BA,GANTUNGAN-BA,1,GANTUNGAN-NGA,GANTUNGAN-NYA",1
3471_test.jpg,KA,KA,"KA,BA,KU,NA-RAMBAT,GANTUNGAN-KA",1
3472_test.jpg,RA,RA,"RA,TEDONG,MA,4,RA-TEDONG",1
3473_test.jpg,NA,NA,"NA,GANTUNGAN-KA,CA,KA,MA",1
3474_test.jpg,KU,KU,"KU,KRA,NIA,KNA,KA",1
3475_test.jpg,TEDONG,TEDONG,"TEDONG,GU,ADEG-ADEG,GA,RA",1
3476_test.jpg,TA,TA,"TA,BA,TA-TEDONG,TI,TU",1
3477_test.jpg,A,A,"A,U,GA,GANTUNGAN-GA,NA-RAMBAT",1
3478_test.jpg,RA,RA,"RA,CECEK,TALENG,GANTUNGAN-TA,WA",1
3479_test.jpg,KA,KA,"KA,LA,BA,KA-TEDONG,GANTUNGAN-BA",1
347_test.jpg,A,A,"A,LA,GANTUNGAN-LA,DA,U",1
3480_test.jpg,TALENG,TALENG,"TALENG,U,NGU,NGA,I-KARA",1
3481_test.jpg,TA,TA,"TA,TU,GANTUNGAN-TA,TI,TA-TEDONG",1
3482_test.jpg,ULU,ULU,"ULU,0,ULU-SARI,GANTUNGAN-MA,GANTUNGAN-TA",1
3483_test.jpg,LA,LA,"LA,GA-TEDONG,GANTUNGAN-LA,GANTUNGAN-GA,7",1
3484_test.jpg,NIA,NIA,"NIA,NANIA,IA,GUWUNG-MACELEK,SUKU",1
3485_test.jpg,ULU,ULU,"ULU,ULU-SARI,TEDONG,GANTUNGAN-GA,0",1
3486_test.jpg,A,NYA,"NYA,NGA,GANTUNGAN-NGA,GANTUNGAN-BA,GANTUNGAN-A",0
3487_test.jpg,MA,MA,"MA,SA-SAPA,A-KARA,MA-TEDONG,GEMPELAN-SA-SAPA",1
3488_test.jpg,CA,CA,"CA,GANTUNGAN-CA,NA,LA-TEDONG,SA",1
3489_test.jpg,JA,JA,"JA,RA,JU,6,JA-TEDONG",1
348_test.jpg,TALENG,TALENG,"TALENG,U,GANTUNGAN-A,I-KARA,NGA",1
3490_test.jpg,ULU,ULU,"ULU,CECEK,TALENG,ADEG-ADEG,TEDONG",1
3491_test.jpg,LA,LA,"LA,GANTUNGAN-LA,7,SA,GA-TEDONG",1
3492_test.jpg,LA,LA,"LA,GANTUNGAN-LA,GA-TEDONG,7,GANTUNGAN-GA",1
3493_test.jpg,A,A,"A,GANTUNGAN-A,U,GANTUNGAN-GA,GA",1
3494_test.jpg,BISAH,BISAH,"BISAH,TALENG,ADEG-ADEG,SURANG,NANIA",1
3495_test.jpg,SUKU,SUKU,"SUKU,RU,WU,DU,MI",1
3496_test.jpg,CA,CA,"CA,NA,GANTUNGAN-TA,SA,GANTUNGAN-CA",1
3497_test.jpg,NGA,NGA,"NGA,YA,DA-MADU,WA-TEDONG,A",1
3498_test.jpg,PEPET,PEPET,"PEPET,GANTUNGAN-DA,DA,ULU,TA",1
3499_test.jpg,SUKU,SUKU,"SUKU,NANIA,SUKU-KEMBUNG,IA,GANTUNGAN-NA",1
349_test.jpg,SUKU-KEMBUNG,SUKU-KEMBUNG,"SUKU-KEMBUNG,GUWUNG,BRA,0,GUWUNG-MACELEK",1
34_test.jpg,NI,NI,"NI,DI,NING,KI,SI",1
3500_test.jpg,LA,LA,"LA,GANTUNGAN-LA,7,GA-TEDONG,LU",1
3501_test.jpg,NU,NU,"NU,NIA,KU,KNA,DU",1
3502_test.jpg,NA-TEDONG,NA-TEDONG,"NA-TEDONG,MA-TEDONG,A-TEDONG,DA-TEDONG,LA-TEDONG",1
3503_test.jpg,SUKU,CECEK,"CECEK,SUKU,GANTUNGAN-NA,SURANG,TALENG",0
3504_test.jpg,TA,TA,"TA,GANTUNGAN-TA,A,WA,TU",1
3505_test.jpg,BISAH,NANIA,"NANIA,BISAH,SUKU,TALENG,4",0
3506_test.jpg,TALENG,TALENG,"TALENG,BISAH,ADEG-ADEG,SURANG,2",1
3507_test.jpg,TEDONG,TEDONG,"TEDONG,SUKU-ILUT,SUKU,GUWUNG-MACELEK,GU",1
3508_test.jpg,YA-TEDONG,YA-TEDONG,"YA-TEDONG,YA,LA-TEDONG,A-TEDONG,WA-TEDONG",1
3509_test.jpg,SUKU,SUKU,"SUKU,SUKU-KEMBUNG,GANTUNGAN-KA,GANTUNGAN-NA,5",1
350_test.jpg,PA,PA,"PA,8,WA,GUWUNG-MACELEK,LA",1
3510_test.jpg,KU,KU,"KU,KRA,NIA,KNA,NU",1
3511_test.jpg,TALENG,TALENG,"TALENG,2,5,ADEG-ADEG,WU",1
3512_test.jpg,JA,JA,"JA,BISAH,4,KU,RA",1
3513_test.jpg,SUKU,SUKU,"SUKU,GANTUNGAN-NA,2,4,TALENG",1
3514_test.jpg,NA,NA,"NA,BA-KEMBANG,CA,SA,DA",1
3515_test.jpg,TALENG,TALENG,"TALENG,GU,U,NGU,CECEK",1
3516_test.jpg,GANTUNGAN-GA,GANTUNGAN-A,"GANTUNGAN-A,GANTUNGAN-GA,A,GANTUNGAN-DA,NGA",0
3517_test.jpg,SUKU-ILUT,SUKU-ILUT,"SUKU-ILUT,GANTUNGAN-GA,GUWUNG-MACELEK,4,8",1
3518_test.jpg,BISAH,BISAH,"BISAH,TALENG,CECEK,4,ADEG-ADEG",1
3519_test.jpg,TA,TA,"TA,BA,A,KA,WA",1
351_test.jpg,SA,SA,"SA,CA,A-KARA,NA,KA",1
3520_test.jpg,NGI,DI,"DI,SI,ULU-CANDRA,BA-KEMBANG,9",0
3521_test.jpg,CECEK,CECEK,"CECEK,ADEG-ADEG,ULU,NANIA,BISAH",1
3522_test.jpg,JA,JA,"JA,6,NA,E-KARA,PEPET",1
3523_test.jpg,CECEK,CECEK,"CECEK,ULU,BISAH,TEDONG,TALENG",1
3524_test.jpg,WA,WA,"WA,GANTUNGAN-TA,WI,0,TRA",1
3525_test.jpg,WA,WA,"WA,TA-TAWA,GANTUNGAN-TA,WI,GUWUNG-MACELEK",1
3526_test.jpg,TALENG,TALENG,"TALENG,SUKU,GU,NANIA,U",1
3527_test.jpg,SA-SAGA,SA-SAGA,"SA-SAGA,JA,KU,JA-TEDONG,KA",1
3528_test.jpg,SU,SU,"SU,LU,MU,PU,YU",1
3529_test.jpg,ULU,ULU,"ULU,GA,WA,GANTUNGAN-GA,0",1
352_test.jpg,TA,TA,"TA,A,WA,TU,WA-TEDONG",1
3530_test.jpg,SA,SA,"SA,CA,A-KARA,LA,MA",1
3531_test.jpg,GA,GA,"GA,SA-SAGA,TA,BA,GANTUNGAN-GA",1
3532_test.jpg,A,A,"A,U,GANTUNGAN-A,LA,GANTUNGAN-GA",1
3533_test.jpg,A-KARA,A-KARA,"A-KARA,SA-SAPA,GEMPELAN-SA-SAPA,SA,MA",1
3534_test.jpg,MA,LA,"LA,PA,MA,SA,8",0
3535_test.jpg,DA-TEDONG,DA-TEDONG,"DA-TEDONG,YA-TEDONG,NGA,NA-RAMBAT,GANTUNGAN-NGA",1
3536_test.jpg,JA,JA,"JA,6,RA,4,BISAH",1
3537_test.jpg,I,I,"I,WI,NGI,TI,DI",1
3538_test.jpg,NA,NA,"NA,MA,GANTUNGAN-KA,CA,SA",1
3539_test.jpg,CA,CA,"CA,NA,GANTUNGAN-KA,SA,NA-TEDONG",1
353_test.jpg,WA,WA,"WA,WA-TEDONG,GANTUNGAN-JA,TA-TEDONG,LA-TEDONG",1
3540_test.jpg,TA,TA,"TA,GANTUNGAN-TA,A,TA-TEDONG,BA",1
3541_test.jpg,BISAH,BISAH,"BISAH,JU,4,TALENG,GRA",1
3542_test.jpg,JA,JA,"JA,JU,6,1,GRA",1
3543_test.jpg,GUWUNG,GUWUNG,"GUWUNG,GUWUNG-MACELEK,BRA,GANTUNGAN-LA,NANIA",1
3544_test.jpg,SURANG,SURANG,"SURANG,GUWUNG,GANTUNGAN-NA,GANTUNGAN-TA-LATIK,GANTUNGAN-MA",1
3545_test.jpg,LA,LA,"LA,GANTUNGAN-LA,GANTUNGAN-GA,GA-TEDONG,7",1
3546_test.jpg,SA,SA,"SA,CA,LA,GEMPELAN-PA,GEMPELAN-SA-SAPA",1
3547_test.jpg,DA,DA,"DA,BA-KEMBANG,DA-MADU,NA,DA-TEDONG",1
3548_test.jpg,SA,SA,"SA,LA,7,GANTUNGAN-LA,CA",1
3549_test.jpg,KA,KA,"KA,NA-RAMBAT,BA,GANTUNGAN-BA,KU",1
354_test.jpg,LU,LU,"LU,U,PU,YU,LA",1
3550_test.jpg,KA,KA,"KA,KA-TEDONG,A-KARA,SA,NA-RAMBAT",1
3551_test.jpg,BA,BA,"BA,A,GA,NA-RAMBAT,TA",1
3552_test.jpg,8,PU,"PU,WU,8,GANTUNGAN-A,U",0
3553_test.jpg,RA,TEDONG,"TEDONG,GA,GANTUNGAN-GA,RA,GU",0
3554_test.jpg,CECEK,CECEK,"CECEK,SUKU,BISAH,TALENG,ADEG-ADEG",1
3555_test.jpg,A,A,"A,U,GANTUNGAN-A,GANTUNGAN-NGA,NA-RAMBAT",1
3556_test.jpg,MA,MA-TEDONG,"MA-TEDONG,MA,DA,GEMPELAN-SA-SAPA,NANIA",0
3557_test.jpg,WA,WA,"WA,GANTUNGAN-TA,WI,GANTUNGAN-JA,PA",1
3558_test.jpg,CECEK,CECEK,"CECEK,BISAH,TALENG,ULU,4",1
3559_test.jpg,I-KARA,I-KARA,"I-KARA,2,GNA,3,BA-KEMBANG",1
355_test.jpg,TA,TA,"TA,TU,GANTUNGAN-TA,TA-TEDONG,TI",1
3560_test.jpg,TA,TA,"TA,A,BA,GA,U",1
3561_test.jpg,KA,KA,"KA,KA-TEDONG,NA-TEDONG,NA-RAMBAT,KU",1
3562_test.jpg,A,A,"A,U,NGA,YA,LA",1
3563_test.jpg,NA,NA,"NA,GANTUNGAN-KA,KNA,JNA,LI",1
3564_test.jpg,ADEG-ADEG,ADEG-ADEG,"ADEG-ADEG,SUKU,RI,GNA,NANIA",1
3565_test.jpg,YA,YA,"YA,9,A,YA-TEDONG,GANTUNGAN-A",1
3566_test.jpg,NANIA,NANIA,"NANIA,IA,NIA,PU,SUKU",1
3567_test.jpg,JA,JA,"JA,RA,GANTUNGAN-NA,SA-SAGA,JA-TEDONG",1
3568_test.jpg,A,1,"1,A,GANTUNGAN-LA,NA-RAMBAT,TI",0
3569_test.jpg,TU,TU,"TU,U,TIA,IA,TRA",1
356_test.jpg,DA,DA,"DA,BA-KEMBANG,NA,I-KARA,TA-TAWA",1
3570_test.jpg,BA,BA,"BA,NA-RAMBAT,GANTUNGAN-BA,A,GANTUNGAN-NGA",1
3571_test.jpg,SUKU,RU,"RU,WU,SUKU,TALENG,5",0
3572_test.jpg,PEPET,PEPET,"PEPET,GANTUNGAN-MA,GANTUNGAN-GA,GANTUNGAN-DA,JA",1
3573_test.jpg,A,A,"A,GA,U,GANTUNGAN-GA,LA",1
3574_test.jpg,ADEG-ADEG,ADEG-ADEG,"ADEG-ADEG,SUKU,RU,RA,5",1
3575_test.jpg,PEPET,PEPET,"PEPET,GANTUNGAN-GA,6,GANTUNGAN-A,ULU-RICEM",1
3576_test.jpg,SA,SA,"SA,CA,LA,GANTUNGAN-LA,YA",1
3577_test.jpg,A,NGA,"NGA,GANTUNGAN-NGA,A,GANTUNGAN-BA,BA",0
3578_test.jpg,ULU,ULU-SARI,"ULU-SARI,ULU-RICEM,NA,PEPET,SA-SAGA",0
3579_test.jpg,A,A,"A,U,GANTUNGAN-A,GANTUNGAN-GA,LA",1
357_test.jpg,TU,TU,"TU,U,TRA,TIA,BU",1
3580_test.jpg,LA,LA,"LA,GANTUNGAN-LA,7,SA,GANTUNGAN-BA",1
3581_test.jpg,PEPET,PEPET,"PEPET,GANTUNGAN-MA,ULU,ULU-SARI,GANTUNGAN-JA",1
3582_test.jpg,TALENG,TALENG,"TALENG,ADEG-ADEG,RU,RA,GU",1
3583_test.jpg,PU,PU,"PU,LU,WU,MU,SU",1
3584_test.jpg,TIA,TIA,"TIA,IA,PAMADA,TU,TRA",1
3585_test.jpg,NANIA,NANIA,"NANIA,IA,NIA,8,TIA",1
3586_test.jpg,TALENG,TALENG,"TALENG,BISAH,ADEG-ADEG,SURANG,GRA",1
3587_test.jpg,DA,DA,"DA,NA,BA-KEMBANG,DA-TEDONG,E-KARA",1
3588_test.jpg,CECEK,CECEK,"CECEK,ULU,TALENG,SURANG,BISAH",1
3589_test.jpg,ULU,ULU,"ULU,GANTUNGAN-GA,RA,GA,TEDONG",1
358_test.jpg,MA,MA,"MA,PA,SA-SAPA,MA-TEDONG,GEMPELAN-PA",1
3590_test.jpg,ADEG-ADEG,ADEG-ADEG,"ADEG-ADEG,SUKU,GNA,RU,NU",1
3591_test.jpg,JA,JA,"JA,SA-SAGA,ULU-RICEM,NA,ULU-SARI",1
3592_test.jpg,DA,DA,"DA,DA-MADU,GANTUNGAN-A,BA-KEMBANG,I-KARA",1
3593_test.jpg,SURANG,SURANG,"SURANG,GANTUNGAN-MA,GANTUNGAN-TA-LATIK,TALENG,GUWUNG",1
3594_test.jpg,GA,GA,"GA,GANTUNGAN-GA,GU,SA-SAGA,NA-RAMBAT",1
3595_test.jpg,SURANG,SURANG,"SURANG,CECEK,GANTUNGAN-JA,PEPET,BISAH",1
3596_test.jpg,TEDONG,TEDONG,"TEDONG,ADEG-ADEG,NANIA,CECEK,SUKU",1
3597_test.jpg,NGU,TU,"TU,U,RU,NGU,TRA",0
3598_test.jpg,GANTUNGAN-DA,GANTUNGAN-DA,"GANTUNGAN-DA,6,E-KARA,TEDONG,ULU",1
3599_test.jpg,PEPET,PEPET,"PEPET,GANTUNGAN-MA,GANTUNGAN-GA,ULU,SUKU-KEMBUNG",1
359_test.jpg,SUKU-ILUT,SUKU-ILUT,"SUKU-ILUT,TEDONG,4,GUWUNG-MACELEK,8",1
35_test.jpg,SA,CA,"CA,SA,NA,A-KARA,NA-TEDONG",0
3600_test.jpg,KA,KA,"KA,KU,NA-RAMBAT,GANTUNGAN-BA,GANTUNGAN-KA",1
3601_test.jpg,PA,PA,"PA,8,MA,WA,7",1
3602_test.jpg,BA,BA,"BA,KA,TA,SA-SAGA,NA-RAMBAT",1
3603_test.jpg,JA,JA,"JA,JU,BISAH,GU,KU",1
3604_test.jpg,TEDONG,TEDONG,"TEDONG,SUKU-ILUT,4,CECEK,SUKU",1
3605_test.jpg,SUKU,SUKU,"SUKU,NANIA,2,ADEG-ADEG,SU",1
3606_test.jpg,SUKU,SUKU,"SUKU,NANIA,SI,MI,TEDONG",1
3607_test.jpg,RA,RA,"RA,GA,WA,RA-TEDONG,JA",1
3608_test.jpg,ADEG-ADEG,ADEG-ADEG,"ADEG-ADEG,5,RA,RI,RU",1
3609_test.jpg,TALENG,TALENG,"TALENG,WU,U,PU,TU",1
360_test.jpg,KA,KA,"KA,LA,SA,GANTUNGAN-BA,KA-TEDONG",1
3610_test.jpg,YA,YA,"YA,LA,A,SA,GANTUNGAN-CA",1
3611_test.jpg,TALENG,TALENG,"TALENG,2,ADEG-ADEG,NGU,LA-LENGA",1
3612_test.jpg,DA,DA,"DA,NA,BA-KEMBANG,DA-TEDONG,GANTUNGAN-CA",1
3613_test.jpg,SA,SA,"SA,7,A-KARA,SU,MA",1
3614_test.jpg,A,A,"A,U,GANTUNGAN-A,YA,NA-RAMBAT",1
3615_test.jpg,GANTUNGAN-BA,GANTUNGAN-BA,"GANTUNGAN-BA,GANTUNGAN-NGA,GANTUNGAN-NYA,NA-RAMBAT,PEPET",1
3616_test.jpg,JA,JA,"JA,RU,BU,RA,TU",1
3617_test.jpg,NGA,A,"A,NGA,GANTUNGAN-A,GANTUNGAN-NGA,TALENG",0
3618_test.jpg,TALENG,TALENG,"TALENG,JU,DU,WU,BISAH",1
3619_test.jpg,KA,KA,"KA,NA-RAMBAT,KA-TEDONG,TA,GANTUNGAN-BA",1
361_test.jpg,A,A,"A,U,LA,GANTUNGAN-LA,GA",1
3620_test.jpg,WA,WA,"WA,PA,GANTUNGAN-TA,GANTUNGAN-CA,WA-TEDONG",1
3621_test.jpg,WA,6,"6,WI,GANTUNGAN-TA-LATIK,GANTUNGAN-TA-TAWA,GANTUNGAN-TA",0
3622_test.jpg,PEPET,PEPET,"PEPET,GANTUNGAN-GA,GANTUNGAN-DA,GA,GANTUNGAN-MA",1
3623_test.jpg,YA,YA,"YA,LA,A,SA,GANTUNGAN-CA",1
3624_test.jpg,TA,TA,"TA,GANTUNGAN-TA,TU,TI,TA-TEDONG",1
3625_test.jpg,RA,RA,"RA,WA,RA-TEDONG,GANTUNGAN-TA,TALENG",1
3626_test.jpg,TEDONG,TEDONG,"TEDONG,GANTUNGAN-GA,ULU,ULU-SARI,PEPET",1
3627_test.jpg,RA,RA,"RA,RU,RA-TEDONG,ADEG-ADEG,NANIA",1
3628_test.jpg,JA,JA,"JA,RA,6,JU,NA",1
3629_test.jpg,LA,LA,"LA,GANTUNGAN-LA,7,SA,A",1
362_test.jpg,MA,MA,"MA,SA-SAPA,A-KARA,GEMPELAN-SA-SAPA,MA-TEDONG",1
3630_test.jpg,CECEK,CECEK,"CECEK,ULU,BISAH,TALENG,TEDONG",1
3631_test.jpg,RA,RA,"RA,RA-TEDONG,WA,GANTUNGAN-TA,MA",1
3632_test.jpg,NGA,NGA,"NGA,GA-TEDONG,A,LA-TEDONG,NYA",1
3633_test.jpg,TALENG,TALENG,"TALENG,ADEG-ADEG,BISAH,NANIA,2",1
3634_test.jpg,BA,BA,"BA,GANTUNGAN-BA,NYA,1,NA-RAMBAT",1
3635_test.jpg,BISAH,BISAH,"BISAH,TALENG,ADEG-ADEG,CECEK,GANTUNGAN-NA",1
3636_test.jpg,KA,KA,"KA,NA-RAMBAT,GANTUNGAN-KA,TA,SA-SAGA",1
3637_test.jpg,GANTUNGAN-A,GANTUNGAN-A,"GANTUNGAN-A,GANTUNGAN-GA,A,DA,GANTUNGAN-TA",1
3638_test.jpg,TA,TA,"TA,TU,BA,A,NA-RAMBAT",1
3639_test.jpg,JA,JA,"JA,GU,JU,GNA,BU",1
363_test.jpg,SA,SA,"SA,CA,NA,GANTUNGAN-LA,LA",1
3640_test.jpg,WI,WI,"WI,PI,MI,LI,WUA",1
3641_test.jpg,NGU,NGU,"NGU,U,BU,2,IA",1
3642_test.jpg,WA,WA,"WA,WI,GANTUNGAN-TA,0,4",1
3643_test.jpg,TALENG,TALENG,"TALENG,U,RU,NGU,JU",1
3644_test.jpg,BA,BA,"BA,NA-RAMBAT,GANTUNGAN-BA,GANTUNGAN-NGA,1",1
3645_test.jpg,NA,NA,"NA,KNA,KA,GANTUNGAN-KA,NU",1
3646_test.jpg,TALENG,TALENG,"TALENG,GANTUNGAN-A,GANTUNGAN-DA,U,I-KARA",1
3647_test.jpg,TALENG,TALENG,"TALENG,2,ADEG-ADEG,SUKU,CECEK",1
3648_test.jpg,MA,MA,"MA,SA-SAPA,PI,A-KARA,4",1
3649_test.jpg,A,A,"A,U,TA,LA,YA",1
364_test.jpg,NYA,NYA,"NYA,GANTUNGAN-NYA,GANTUNGAN-NGA,NA-RAMBAT,NA-RAMBAT-TEDONG",1
3650_test.jpg,TU,TU,"TU,TRA,TIA,PAMADA,BU",1
3651_test.jpg,JA,JA,"JA,GANTUNGAN-KA,BISAH,GANTUNGAN-NA,NA",1
3652_test.jpg,TEDONG,TEDONG,"TEDONG,GA,RA,JA,LA",1
3653_test.jpg,GA,GA,"GA,GANTUNGAN-GA,SA-SAGA,LA,PEPET",1
3654_test.jpg,PA,PA,"PA,MA,GEMPELAN-PA,SA,GEMPELAN-SA-SAPA",1
3655_test.jpg,TALENG,BISAH,"BISAH,GU,TALENG,JU,ULU",0
3656_test.jpg,LA,LA,"LA,GANTUNGAN-LA,SA,7,YA",1
3657_test.jpg,LA,LA,"LA,GANTUNGAN-LA,7,GA-TEDONG,LU",1
3658_test.jpg,NGA,NGA,"NGA,KA-TEDONG,GANTUNGAN-NGA,GANTUNGAN-KA,GANTUNGAN-BA",1
3659_test.jpg,NYA,NYA,"NYA,BA,GANTUNGAN-NYA,GANTUNGAN-NGA,1",1
365_test.jpg,ADEG-ADEG,ADEG-ADEG,"ADEG-ADEG,SUKU,NANIA,GNA,RI",1
3660_test.jpg,BA,BA,"BA,GANTUNGAN-BA,NGA,GANTUNGAN-NGA,1",1
3661_test.jpg,RA,RA,"RA,RU,MA,NGA,RA-TEDONG",1
3662_test.jpg,GUWUNG-MACELEK,GUWUNG-MACELEK,"GUWUNG-MACELEK,GUWUNG,BRA,KRA,GANTUNGAN-MA",1
3663_test.jpg,CA,CA,"CA,GANTUNGAN-CA,NA,SA,GANTUNGAN-TA",1
3664_test.jpg,TA-TAWA,TA-TAWA,"TA-TAWA,SA-SAPA,DA,NGA,DA-MADU",1
3665_test.jpg,TA,TA,"TA,BA,TU,KA,TI",1
3666_test.jpg,SURANG,SURANG,"SURANG,GANTUNGAN-MA,TALENG,GANTUNGAN-NA,GANTUNGAN-TA-LATIK",1
3667_test.jpg,KU,KU,"KU,KRA,KA,NA-RAMBAT,NIA",1
3668_test.jpg,A,A,"A,U,TA,BA,NA-RAMBAT",1
3669_test.jpg,GA,ULU,"ULU,GA,SUKU-KEMBUNG,GANTUNGAN-MA,PEPET",0
366_test.jpg,GANTUNGAN-NGA,NA-RAMBAT,"NA-RAMBAT,GANTUNGAN-DA,A,GANTUNGAN-TA-LATIK,GANTUNGAN-JA",0
3670_test.jpg,LA-LENGA,LA-LENGA,"LA-LENGA,KNA,2,I-KARA,3",1
3671_test.jpg,SUKU,SUKU,"SUKU,GANTUNGAN-NA,2,TALENG,ADEG-ADEG",1
3672_test.jpg,PEPET,PEPET,"PEPET,ULU,GANTUNGAN-MA,GANTUNGAN-GA,GA",1
3673_test.jpg,NA,NA,"NA,BA-KEMBANG,CA,SA,MA",1
3674_test.jpg,BA,BA,"BA,GANTUNGAN-BA,NA-RAMBAT,1,KA",1
3675_test.jpg,PEPET,PEPET,"PEPET,GANTUNGAN-DA,GANTUNGAN-GA,ULU,GANTUNGAN-MA",1
3676_test.jpg,PEPET,PEPET,"PEPET,GANTUNGAN-GA,GANTUNGAN-KA,ULU-RICEM,GANTUNGAN-DA",1
3677_test.jpg,NA,NA,"NA,DA,BA-KEMBANG,NU,JA-TEDONG",1
3678_test.jpg,RA,RA,"RA,RA-TEDONG,MA,WA,MA-TEDONG",1
3679_test.jpg,KA,KA,"KA,GANTUNGAN-KA,KA-TEDONG,KU,NA",1
367_test.jpg,NGA,NGA,"NGA,A,GANTUNGAN-BA,NA-RAMBAT,GANTUNGAN-NGA",1
3680_test.jpg,NGA,NGA,"NGA,GANTUNGAN-NGA,A,GANTUNGAN-BA,WA-TEDONG",1
3681_test.jpg,SUKU,SUKU,"SUKU,NANIA,GANTUNGAN-NA,MU,PU",1
3682_test.jpg,NANIA,NANIA,"NANIA,IA,NIA,TUA,PI",1
3683_test.jpg,SA,SA,"SA,CA,LA,MA,A-KARA",1
3684_test.jpg,CECEK,CECEK,"CECEK,BISAH,ADEG-ADEG,SUKU,ULU",1
3685_test.jpg,DA,DA,"DA,NA,BA-KEMBANG,DA-MADU,TA-TAWA",1
3686_test.jpg,TEDONG,TEDONG,"TEDONG,RA,CECEK,GU,ADEG-ADEG",1
3687_test.jpg,CECEK,CECEK,"CECEK,ULU,PEPET,SURANG,BISAH",1
3688_test.jpg,TEDONG,SUKU-ILUT,"SUKU-ILUT,0,TEDONG,MI,4",0
3689_test.jpg,KA,KA,"KA,BA,KU,SA,GANTUNGAN-BA",1
368_test.jpg,JA,JA,"JA,SA-SAGA,ULU-SARI,6,ULU-RICEM",1
3690_test.jpg,CECEK,CECEK,"CECEK,SURANG,BISAH,TALENG,GANTUNGAN-NA",1
3691_test.jpg,YU,YU,"YU,SU,CU,LU,SI",1
3692_test.jpg,JA,JA,"JA,SA-SAGA,RA,GANTUNGAN-NA,JA-TEDONG",1
3693_test.jpg,NA,NA,"NA,CA,BA-KEMBANG,SA,KA",1
3694_test.jpg,JI,JI,"JI,NI,GI,KI,GNA",1
3695_test.jpg,SA,SA,"SA,CA,GANTUNGAN-LA,7,LA",1
3696_test.jpg,PAMADA,PAMADA,"PAMADA,NIA,KNA,LA-LENGA,NANIA",1
3697_test.jpg,TALENG,TALENG,"TALENG,U,GANTUNGAN-A,I-KARA,A",1
3698_test.jpg,ADEG-ADEG,ADEG-ADEG,"ADEG-ADEG,SUKU,RI,GNA,NANIA",1
3699_test.jpg,SUKU,SUKU,"SUKU,NANIA,IA,GU,NIA",1
369_test.jpg,DA,DA,"DA,NA,BA-KEMBANG,WA-TEDONG,GUWUNG-MACELEK",1
36_test.jpg,SA,SA,"SA,MA,CA,PA,GANTUNGAN-LA",1
3700_test.jpg,SURANG,SURANG,"SURANG,GANTUNGAN-MA,TALENG,GANTUNGAN-TA-LATIK,GUWUNG",1
3701_test.jpg,NGA,NGA,"NGA,DA,DA-MADU,DA-TEDONG,TA-TAWA",1
3702_test.jpg,TEDONG,TEDONG,"TEDONG,ULU,CECEK,4,GU",1
3703_test.jpg,RU,RU,"RU,MU,NANIA,TU,WU",1
3704_test.jpg,SURANG,SURANG,"SURANG,CECEK,GANTUNGAN-TA-LATIK,GANTUNGAN-NA,GANTUNGAN-CA",1
3705_test.jpg,MA,MA,"MA,SA,GEMPELAN-SA-SAPA,MA-TEDONG,CA",1
3706_test.jpg,JA,GANTUNGAN-NA,"GANTUNGAN-NA,JA,JNA,GANTUNGAN-KA,NA",0
3707_test.jpg,SUKU,SUKU,"SUKU,NANIA,ADEG-ADEG,NIA,RU",1
3708_test.jpg,DA,DA,"DA,DA-MADU,BA-KEMBANG,NA,TA-TAWA",1
3709_test.jpg,GEMPELAN-SA-SAPA,GEMPELAN-SA-SAPA,"GEMPELAN-SA-SAPA,SA-SAPA,A-KARA,GEMPELAN-PA,TI",1
370_test.jpg,BA,BA,"BA,NA-RAMBAT,NYA,GANTUNGAN-NYA,GANTUNGAN-BA",1
3710_test.jpg,TA,TA,"TA,KA,BA,TU,GANTUNGAN-TA",1
3711_test.jpg,PA,GUWUNG,"GUWUNG,PA,SUKU-KEMBUNG,GANTUNGAN-MA,ULU",0
3712_test.jpg,MA,MA,"MA,MA-TEDONG,SA-SAPA,A-KARA,GEMPELAN-SA-SAPA",1
3713_test.jpg,LA,LA,"LA,GANTUNGAN-LA,7,GA,GANTUNGAN-GA",1
3714_test.jpg,TEDONG,TEDONG,"TEDONG,GU,ULU,ADEG-ADEG,NU",1
3715_test.jpg,SURANG,SURANG,"SURANG,CECEK,GANTUNGAN-TA-LATIK,GANTUNGAN-JA,BISAH",1
3716_test.jpg,YA,YA,"YA,9,ULU-CANDRA,YA-TEDONG,SA",1
3717_test.jpg,TALENG,TALENG,"TALENG,ADEG-ADEG,NANIA,BISAH,2",1
3718_test.jpg,NA,NA,"NA,CA,GANTUNGAN-KA,SA,KA",1
3719_test.jpg,ADEG-ADEG,ADEG-ADEG,"ADEG-ADEG,NANIA,TALENG,BISAH,SUKU",1
371_test.jpg,LA,LA,"LA,GANTUNGAN-LA,LU,7,GA-TEDONG",1
3720_test.jpg,NA,NA,"NA,GANTUNGAN-KA,DA,CA,KA",1
3721_test.jpg,CA,CA,"CA,SA,NA,DA-MADU,GANTUNGAN-CA",1
3722_test.jpg,RA,RA,"RA,RA-TEDONG,RU,ADEG-ADEG,NANIA",1
3723_test.jpg,KI,KI,"KI,NI,LI,I,KA",1
3724_test.jpg,PU,PU,"PU,8,WU,PA,TA-TAWA",1
3725_test.jpg,A,A-TEDONG,"A-TEDONG,A,TA-TEDONG,NYA,U",0
3726_test.jpg,NGA,NGA,"NGA,GANTUNGAN-NGA,A,RA-TEDONG,GANTUNGAN-BA",1
3727_test.jpg,ULU,PA,"PA,0,SA-SAPA,4,WA",0
3728_test.jpg,A,A,"A,U,LA,WA-TEDONG,TA",1
3729_test.jpg,RI,RI,"RI,NGI,WI,DU,NU",1
372_test.jpg,YA,YA,"YA,GANTUNGAN-TA-LATIK,LA,ULU-CANDRA,SA",1
3730_test.jpg,A,A,"A,U,NA-RAMBAT,GA,LA",1
3731_test.jpg,TA,TA,"TA,A,WA,BA,WA-TEDONG",1
3732_test.jpg,WA,WA,"WA,GANTUNGAN-TA,MA,WU,WA-TEDONG",1
3733_test.jpg,TU,TU,"TU,TIA,KU,TRA,WU",1
3734_test.jpg,BA,BA,"BA,SA-SAGA,KA,TA,A",1
3735_test.jpg,TU,LU,"LU,YU,U,TU,IA",0
3736_test.jpg,DA-TEDONG,DA-TEDONG,"DA-TEDONG,NA-RAMBAT,YA-TEDONG,DA-MADU,BA-KEMBANG",1
3737_test.jpg,NGA,NGA,"NGA,A,NA-RAMBAT,GANTUNGAN-NGA,1",1
3738_test.jpg,SURANG,SURANG,"SURANG,GUWUNG,GANTUNGAN-TA-LATIK,GANTUNGAN-JA,GANTUNGAN-LA",1
3739_test.jpg,MA,MA,"MA,PA,GEMPELAN-SA-SAPA,GEMPELAN-PA,8",1
373_test.jpg,4,4,"4,JNA,MI,I,SI",1
3740_test.jpg,ADEG-ADEG,ADEG-ADEG,"ADEG-ADEG,SUKU,NANIA,TALENG,GNA",1
3741_test.jpg,TALENG,TALENG,"TALENG,NGU,U,2,SUKU",1
3742_test.jpg,TA,TA,"TA,GANTUNGAN-TA,TU,TA-TEDONG,TI",1
3743_test.jpg,BISAH,BISAH,"BISAH,TALENG,SUKU,ADEG-ADEG,4",1
3744_test.jpg,SUKU,SUKU,"SUKU,NANIA,2,GANTUNGAN-NA,MU",1
3745_test.jpg,DA,DA,"DA,YA,DA-MADU,GANTUNGAN-CA,A",1
3746_test.jpg,PA,PA,"PA,LA,WA,8,GANTUNGAN-TA-LATIK",1
3747_test.jpg,BA,BA,"BA,NA-RAMBAT,GANTUNGAN-BA,A,KA",1
3748_test.jpg,NANIA,NANIA,"NANIA,MU,RU,SUKU,WU",1
3749_test.jpg,NA,NA,"NA,GANTUNGAN-KA,DA,KA,CA",1
374_test.jpg,A-KARA,A-KARA,"A-KARA,SA-SAPA,GEMPELAN-SA-SAPA,9,MA",1
3750_test.jpg,KU,KU,"KU,KA,KNA,GU,KRA",1
3751_test.jpg,TA,TA,"TA,BA,KA,NA-RAMBAT,TU",1
3752_test.jpg,MA,MA,"MA,PA,SA-SAPA,PI,SUKU-KEMBUNG",1
3753_test.jpg,SUKU,SUKU,"SUKU,TEDONG,GEMPELAN-PA,NANIA,SUKU-KEMBUNG",1
3754_test.jpg,BISAH,BISAH,"BISAH,TALENG,DU,JU,MU",1
3755_test.jpg,ULU,ULU,"ULU,CECEK,TEDONG,TALENG,ADEG-ADEG",1
3756_test.jpg,A,A,"A,U,GANTUNGAN-A,LA,WA-TEDONG",1
3757_test.jpg,BISAH,BISAH,"BISAH,TALENG,ADEG-ADEG,JU,4",1
3758_test.jpg,BA,BA,"BA,KA,NA-RAMBAT,GANTUNGAN-BA,A",1
3759_test.jpg,A,SA,"SA,NA-RAMBAT,GANTUNGAN-BA,LA,A",0
375_test.jpg,A,A,"A,U,GANTUNGAN-A,GANTUNGAN-GA,DA",1
3760_test.jpg,NANIA,NANIA,"NANIA,NIA,TIA,TUA,IA",1
3761_test.jpg,BISAH,BISAH,"BISAH,4,TALENG,GANTUNGAN-NA,JU",1
3762_test.jpg,SA,SA,"SA,9,YA,LA,CA",1
3763_test.jpg,LA,LA,"LA,GANTUNGAN-LA,7,SA,LU",1
3764_test.jpg,SA,SA,"SA,I,A-KARA,GANTUNGAN-NA,SI",1
3765_test.jpg,TEDONG,TEDONG,"TEDONG,ULU,GANTUNGAN-GA,GA,ULU-SARI",1
3766_test.jpg,JA,JA,"JA,BISAH,JU,KU,SA-SAGA",1
3767_test.jpg,A,A,"A,U,NA-RAMBAT,GANTUNGAN-GA,GA",1
3768_test.jpg,TA,TA,"TA,A,BA,WA,WA-TEDONG",1
3769_test.jpg,GANTUNGAN-TA,GANTUNGAN-TA,"GANTUNGAN-TA,MA-TEDONG,DA-MADU,WA,ULU-RICEM",1
376_test.jpg,TALENG,TALENG,"TALENG,BISAH,CECEK,ADEG-ADEG,GU",1
3770_test.jpg,9,9,"9,LI,I,8,SI",1
3771_test.jpg,BISAH,BISAH,"BISAH,4,TALENG,CECEK,SUKU-ILUT",1
3772_test.jpg,KA,KA,"KA,NA-RAMBAT,LA,GANTUNGAN-BA,BA",1
3773_test.jpg,CECEK,CECEK,"CECEK,BISAH,TALENG,ULU,GANTUNGAN-NA",1
3774_test.jpg,WA,WA,"WA,CA,GANTUNGAN-TA,PA,TA-TAWA",1
3775_test.jpg,YA,LA,"LA,BA,A,GANTUNGAN-BA,YA",0
3776_test.jpg,ADEG-ADEG,ADEG-ADEG,"ADEG-ADEG,SUKU,NANIA,TALENG,GNA",1
3777_test.jpg,GANTUNGAN-JA,GANTUNGAN-TA,"GANTUNGAN-TA,GANTUNGAN-JA,WA,ULU-RICEM,GANTUNGAN-A",0
3778_test.jpg,LA,LA,"LA,GANTUNGAN-LA,GA-TEDONG,GANTUNGAN-GA,7",1
3779_test.jpg,TA,TU,"TU,TA,BA,TIA,KA",0
377_test.jpg,U-KARA,3,"3,U-KARA,I-KARA,2,LA-LENGA",0
3780_test.jpg,NA,NA,"NA,GANTUNGAN-KA,JA,DA,SA-SAGA",1
3781_test.jpg,RA-TEDONG,RA-TEDONG,"RA-TEDONG,NA-TEDONG,TA-TEDONG,WA-TEDONG,RA",1
3782_test.jpg,ULU,ULU,"ULU,GANTUNGAN-MA,TALENG,GANTUNGAN-GA,PEPET",1
3783_test.jpg,YA,YA,"YA,9,YA-TEDONG,NGA,GANTUNGAN-NGA",1
3784_test.jpg,DA,DA,"DA,DA-MADU,BA-KEMBANG,DA-TEDONG,NA",1
3785_test.jpg,KNA,KNA,"KNA,LA-LENGA,NIA,NING,GNA",1
3786_test.jpg,YA,YA,"YA,LA,SA,ULU-CANDRA,GANTUNGAN-TA-LATIK",1
3787_test.jpg,SA-SAPA,LA,"LA,7,SA-SAPA,LU,TA-TAWA",0
3788_test.jpg,PEPET,PEPET,"PEPET,GANTUNGAN-MA,ULU,6,ULU-SARI",1
3789_test.jpg,KU,KU,"KU,GU,KA,KRA,KNA",1
378_test.jpg,TA,TA,"TA,BA,A,GANTUNGAN-BA,LA",1
3790_test.jpg,MA,MA,"MA,MA-TEDONG,GEMPELAN-PA,GEMPELAN-SA-SAPA,SA-SAPA",1
3791_test.jpg,SURANG,SURANG,"SURANG,GANTUNGAN-DA,7,9,GANTUNGAN-LA",1
3792_test.jpg,CECEK,CECEK,"CECEK,PEPET,SURANG,DA,GANTUNGAN-DA",1
3793_test.jpg,MA,MA,"MA,MA-TEDONG,PI,WA,WI",1
3794_test.jpg,NU,NU,"NU,NIA,CU,NA,KNA",1
3795_test.jpg,LA-LENGA,LA-LENGA,"LA-LENGA,2,3,I-KARA,KNA",1
3796_test.jpg,DA,DA,"DA,BA-KEMBANG,TA-TAWA,DA-MADU,I-KARA",1
3797_test.jpg,JA,JA,"JA,RA,GANTUNGAN-GA,SA-SAGA,JA-TEDONG",1
3798_test.jpg,RA,RA,"RA,RA-TEDONG,NGA,MA,GANTUNGAN-GA",1
3799_test.jpg,TALENG,TALENG,"TALENG,ADEG-ADEG,BISAH,NGU,2",1
379_test.jpg,SA,SA,"SA,LA,CA,GANTUNGAN-LA,7",1
37_test.jpg,RA,RA,"RA,WA,RA-TEDONG,GANTUNGAN-TA,MA",1
3800_test.jpg,TEDONG,TEDONG,"TEDONG,SUKU-ILUT,4,SUKU,0",1
3801_test.jpg,KU,KU,"KU,KRA,KA,LU,BU",1
3802_test.jpg,KU,KU,"KU,KRA,KA,KNA,NIA",1
3803_test.jpg,MA,MA,"MA,A-KARA,PI,SA-SAPA,MA-TEDONG",1
3804_test.jpg,GANTUNGAN-TA,GANTUNGAN-TA,"GANTUNGAN-TA,GANTUNGAN-A,GANTUNGAN-JA,TA,GANTUNGAN-CA",1
3805_test.jpg,PEPET,PEPET,"PEPET,GANTUNGAN-KA,6,GANTUNGAN-GA,GANTUNGAN-A",1
3806_test.jpg,KA,KA,"KA,KA-TEDONG,NA-RAMBAT,GANTUNGAN-BA,SA-SAGA",1
3807_test.jpg,MA,MA,"MA,GEMPELAN-SA-SAPA,A-KARA,SA-SAPA,SA",1
3808_test.jpg,GA,GA,"GA,KA,GU,GANTUNGAN-GA,RA",1
3809_test.jpg,SA,SA,"SA,CA,GANTUNGAN-LA,LA,7",1
380_test.jpg,DA,DA,"DA,NA,DA-MADU,BA-KEMBANG,DA-TEDONG",1
3810_test.jpg,CECEK,CECEK,"CECEK,TALENG,BISAH,SUKU,ULU",1
3811_test.jpg,BISAH,BISAH,"BISAH,TALENG,ADEG-ADEG,JU,SURANG",1
3812_test.jpg,GEMPELAN-SA-SAPA,GEMPELAN-SA-SAPA,"GEMPELAN-SA-SAPA,I,GEMPELAN-PA,SUKU,TI",1
3813_test.jpg,NA,GANTUNGAN-KA,"GANTUNGAN-KA,KA,KA-TEDONG,NA,CA",0
3814_test.jpg,BA,BA,"BA,NA-RAMBAT,GANTUNGAN-BA,KA,TA",1
3815_test.jpg,TALENG,TALENG,"TALENG,2,SUKU,U,NGU",1
3816_test.jpg,NGA,NGA,"NGA,A,DA,I,A-TEDONG",1
3817_test.jpg,NANIA,NANIA,"NANIA,SUKU,RU,GU,IA",1
3818_test.jpg,SURANG,SURANG,"SURANG,CECEK,GANTUNGAN-NA,GANTUNGAN-MA,GEMPELAN-SA-SAPA",1
3819_test.jpg,NANIA,NANIA,"NANIA,NIA,IA,PAMADA,LI",1
381_test.jpg,NGA,NGA,"NGA,WA-TEDONG,GANTUNGAN-NGA,RA-TEDONG,TA-TEDONG",1
3820_test.jpg,KA,KA,"KA,KA-TEDONG,NA-RAMBAT,DA-TEDONG,NA-TEDONG",1
3821_test.jpg,SUKU,SUKU,"SUKU,I,2,NANIA,IA",1
3822_test.jpg,RA,RA,"RA,RA-TEDONG,WA,RU,5",1
3823_test.jpg,SUKU-KEMBUNG,SUKU-KEMBUNG,"SUKU-KEMBUNG,ULU,GUWUNG,GANTUNGAN-MA,BRA",1
3824_test.jpg,ULU,ULU,"ULU,TEDONG,GU,ADEG-ADEG,CECEK",1
3825_test.jpg,SUKU,SUKU,"SUKU,TEDONG,GANTUNGAN-NA,PU,2",1
3826_test.jpg,TA,TA,"TA,A,TI,TA-TEDONG,TU",1
3827_test.jpg,GANTUNGAN-BA,GANTUNGAN-BA,"GANTUNGAN-BA,GANTUNGAN-NGA,BA,A,GANTUNGAN-LA",1
3828_test.jpg,SURANG,SURANG,"SURANG,GANTUNGAN-MA,GANTUNGAN-TA-LATIK,GUWUNG,TALENG",1
3829_test.jpg,NU,NU,"NU,KU,DU,CU,NIA",1
382_test.jpg,U,U,"U,LU,A,IA,TU",1
3830_test.jpg,BISAH,BISAH,"BISAH,GANTUNGAN-NA,4,MU,PU",1
3831_test.jpg,GA,GA,"GA,GANTUNGAN-GA,PEPET,SA-SAGA,LA",1
3832_test.jpg,KA,KA,"KA,NA-RAMBAT,SA-SAGA,BA,KU",1
3833_test.jpg,DA,DA,"DA,BA-KEMBANG,NA,A,I",1
3834_test.jpg,DA,DA,"DA,BA-KEMBANG,NA,TALENG,GANTUNGAN-A",1
3835_test.jpg,PEPET,PEPET,"PEPET,GANTUNGAN-MA,6,GANTUNGAN-DA,SUKU-KEMBUNG",1
3836_test.jpg,WA,WA,"WA,PA,GANTUNGAN-TA,WI,MA-TEDONG",1
3837_test.jpg,SURANG,SURANG,"SURANG,GANTUNGAN-NA,GANTUNGAN-MA,GANTUNGAN-TA-LATIK,TALENG",1
3838_test.jpg,NGA,NGA,"NGA,A,NA-RAMBAT,GANTUNGAN-NGA,GANTUNGAN-BA",1
3839_test.jpg,BA,BA,"BA,KA,TA,NA-RAMBAT,KU",1
383_test.jpg,SA,SA,"SA,CA,LA,GANTUNGAN-LA,GANTUNGAN-CA",1
3840_test.jpg,TA,TA,"TA,A,BA,TU,NA-RAMBAT",1
3841_test.jpg,GANTUNGAN-TA,GANTUNGAN-TA,"GANTUNGAN-TA,GANTUNGAN-CA,GANTUNGAN-A,CA,NA",1
3842_test.jpg,BA,BA,"BA,NA-RAMBAT,TA,GANTUNGAN-BA,KA",1
3843_test.jpg,NYA,NYA,"NYA,GANTUNGAN-NYA,NA-RAMBAT-TEDONG,A-TEDONG,TA-TEDONG",1
3844_test.jpg,KA,KA,"KA,KA-TEDONG,LA,KU,GANTUNGAN-KA",1
3845_test.jpg,GANTUNGAN-TA-LATIK,GANTUNGAN-TA-LATIK,"GANTUNGAN-TA-LATIK,PEPET,GANTUNGAN-TA,DA,GANTUNGAN-A",1
3846_test.jpg,YA,YA,"YA,TA-TAWA,GANTUNGAN-TA-LATIK,LA,9",1
3847_test.jpg,RU,RU,"RU,JU,NU,MI,WU",1
3848_test.jpg,KA,KI,"KI,KA,1,KA-TEDONG,NA-TEDONG",0
3849_test.jpg,WU,WU,"WU,CU,PU,DU,MU",1
384_test.jpg,YA,YA,"YA,GANTUNGAN-TA-LATIK,A,GANTUNGAN-CA,NGA",1
3850_test.jpg,GI,GI,"GI,JI,GNA,LA-LENGA,KI",1
3851_test.jpg,BA,BA,"BA,NA-RAMBAT,KA,GANTUNGAN-BA,A",1
3852_test.jpg,PEPET,GANTUNGAN-DA,"GANTUNGAN-DA,PEPET,GANTUNGAN-GA,6,GANTUNGAN-A",0
3853_test.jpg,SA,SA,"SA,CA,7,A-KARA,LA",1
3854_test.jpg,NING,NING,"NING,U-KARA,TUA,3,A-KARA",1
3855_test.jpg,SA,SA,"SA,CA,LA,GANTUNGAN-LA,7",1
3856_test.jpg,RA,RA,"RA,TALENG,CECEK,GANTUNGAN-TA,RA-TEDONG",1
3857_test.jpg,JA,JA,"JA,BU,KU,JU,LU",1
3858_test.jpg,TU,TU,"TU,TRA,RU,TIA,U",1
3859_test.jpg,TA,TA,"TA,TI,TA-TEDONG,WA-TEDONG,TRA",1
385_test.jpg,TALENG,TALENG,"TALENG,CECEK,TEDONG,SUKU,BISAH",1
3860_test.jpg,A,A,"A,U,GA,BA,NA-RAMBAT",1
3861_test.jpg,PEPET,PEPET,"PEPET,1,6,GANTUNGAN-BA,JA",1
3862_test.jpg,DA,DA,"DA,NA,BA-KEMBANG,TA-TAWA,ULU-RICEM",1
3863_test.jpg,MA,MA,"MA,SA,GEMPELAN-SA-SAPA,SA-SAPA,PA",1
3864_test.jpg,TA-TAWA,TA-TAWA,"TA-TAWA,SA-SAPA,GANTUNGAN-TA-TAWA,GUWUNG-MACELEK,5",1
3865_test.jpg,GA,GA,"GA,GANTUNGAN-GA,GU,JA,NA-RAMBAT",1
3866_test.jpg,RA,RA,"RA,RA-TEDONG,WA,MA,GANTUNGAN-TA",1
3867_test.jpg,A,A,"A,U,LA,NA-RAMBAT,BA",1
3868_test.jpg,NANIA,NANIA,"NANIA,IA,NIA,TUA,SUKU",1
3869_test.jpg,KA,KA,"KA,KU,LA,NA-RAMBAT,1",1
386_test.jpg,TEDONG,ULU,"ULU,TEDONG,6,JA,4",0
3870_test.jpg,KA,KA,"KA,NA-RAMBAT,GANTUNGAN-GA,GA,GANTUNGAN-KA",1
3871_test.jpg,KA,KA,"KA,GANTUNGAN-KA,NA-RAMBAT,GANTUNGAN-BA,KA-TEDONG",1
3872_test.jpg,BISAH,SURANG,"SURANG,TALENG,BISAH,GANTUNGAN-MA,ADEG-ADEG",0
3873_test.jpg,YA,YA,"YA,9,LA,YA-TEDONG,A",1
3874_test.jpg,SA,SA,"SA,LA,7,A-KARA,9",1
3875_test.jpg,WU,WU,"WU,TALENG,5,DU,TU",1
3876_test.jpg,TALENG,TALENG,"TALENG,U,DU,I-KARA,GANTUNGAN-A",1
3877_test.jpg,TEDONG,GANTUNGAN-A,"GANTUNGAN-A,GANTUNGAN-DA,GANTUNGAN-GA,6,TEDONG",0
3878_test.jpg,TEDONG,TEDONG,"TEDONG,CECEK,ULU,4,RA",1
3879_test.jpg,SA,SA,"SA,CA,YA,A-KARA,GANTUNGAN-LA",1
387_test.jpg,SUKU,GANTUNGAN-NA,"GANTUNGAN-NA,SUKU,4,JNA,CECEK",0
3880_test.jpg,PEPET,PEPET,"PEPET,SUKU,GANTUNGAN-NA,SURANG,GANTUNGAN-KA",1
3881_test.jpg,NANIA,NANIA,"NANIA,IA,NIA,MA,TUA",1
3882_test.jpg,NANIA,TIA,"TIA,NANIA,IA,NIA,PAMADA",0
3883_test.jpg,ULU,ULU,"ULU,SUKU-KEMBUNG,GANTUNGAN-MA,PEPET,0",1
3884_test.jpg,BA,BA,"BA,GANTUNGAN-BA,NGA,GANTUNGAN-NGA,A",1
3885_test.jpg,ULU,GANTUNGAN-TA,"GANTUNGAN-TA,ULU,BA-KEMBANG,NA,DA",0
3886_test.jpg,6,6,"6,GANTUNGAN-DA,E-KARA,GANTUNGAN-A,GANTUNGAN-TA-LATIK",1
3887_test.jpg,BU,LU,"LU,BU,KU,U,GU",0
3888_test.jpg,TU,TU,"TU,TRA,GU,RU,TIA",1
3889_test.jpg,TALENG,TALENG,"TALENG,U,TU,GANTUNGAN-A,ULU",1
388_test.jpg,DA,DA,"DA,NA,BA-KEMBANG,DA-MADU,E-KARA",1
3890_test.jpg,7,LI,"LI,7,LA,GANTUNGAN-LA,SI",0
3891_test.jpg,WUA,TUA,"TUA,WUA,WRE,3,U-KARA",0
3892_test.jpg,SUKU,SUKU,"SUKU,MU,PU,GANTUNGAN-NA,CECEK",1
3893_test.jpg,SURANG,SURANG,"SURANG,GANTUNGAN-MA,GANTUNGAN-NA,TALENG,GANTUNGAN-TA-LATIK",1
3894_test.jpg,PEPET,PEPET,"PEPET,GANTUNGAN-DA,GANTUNGAN-A,CECEK,GANTUNGAN-GA",1
3895_test.jpg,TA,TA,"TA,TA-TEDONG,TI,TU,A",1
3896_test.jpg,BA,BA,"BA,NA-RAMBAT,KA,GANTUNGAN-BA,TA",1
3897_test.jpg,PA,GUWUNG,"GUWUNG,PA,SUKU-KEMBUNG,NANIA,GUWUNG-MACELEK",0
3898_test.jpg,JA,JA,"JA,JA-TEDONG,4,KU,6",1
3899_test.jpg,PEPET,PEPET,"PEPET,GANTUNGAN-GA,GANTUNGAN-BA,GA,GANTUNGAN-MA",1
389_test.jpg,LA,LA,"LA,7,GANTUNGAN-LA,LA-TEDONG,GA-TEDONG",1
38_test.jpg,RA,RA,"RA,GANTUNGAN-GA,WA,GANTUNGAN-A,GANTUNGAN-TA",1
3900_test.jpg,PA,MA,"MA,PA,GEMPELAN-PA,8,GEMPELAN-SA-SAPA",0
3901_test.jpg,TEDONG,TEDONG,"TEDONG,ULU,GU,SUKU-ILUT,SUKU",1
3902_test.jpg,MA,MA,"MA,SA-SAPA,SA,GEMPELAN-SA-SAPA,A-KARA",1
3903_test.jpg,ULU,ULU,"ULU,TEDONG,GANTUNGAN-GA,PEPET,SUKU-KEMBUNG",1
3904_test.jpg,SA,SA,"SA,CA,A-KARA,MA,NA",1
3905_test.jpg,TA,TA,"TA,TU,BA,KA,A",1
3906_test.jpg,SA,RA,"RA,MA,SA,LA,BA",0
3907_test.jpg,NGA,GANTUNGAN-NGA,"GANTUNGAN-NGA,NGA,A,NA-RAMBAT,GANTUNGAN-BA",0
3908_test.jpg,YA,YA,"YA,9,LA,A,GANTUNGAN-A",1
3909_test.jpg,RA,RA,"RA,GANTUNGAN-TA,WA,GEMPELAN-PA,MA-TEDONG",1
390_test.jpg,ADEG-ADEG,ADEG-ADEG,"ADEG-ADEG,SUKU,NANIA,TALENG,GNA",1
3910_test.jpg,I,I,"I,LI,BI,TI,U",1
3911_test.jpg,KU,KU,"KU,KNA,KRA,NIA,KA",1
3912_test.jpg,PEPET,PEPET,"PEPET,GANTUNGAN-MA,ULU,ULU-SARI,E-KARA",1
3913_test.jpg,NGA,NGA,"NGA,JA,1,A,GANTUNGAN-NGA",1
3914_test.jpg,TALENG,TALENG,"TALENG,GANTUNGAN-A,U,GANTUNGAN-DA,I-KARA",1
3915_test.jpg,SUKU,SUKU,"SUKU,ADEG-ADEG,GANTUNGAN-NA,MU,PU",1
3916_test.jpg,GANTUNGAN-DA,GANTUNGAN-DA,"GANTUNGAN-DA,GANTUNGAN-LA,GANTUNGAN-TA-LATIK,E-KARA,GANTUNGAN-CA",1
3917_test.jpg,TALENG,TALENG,"TALENG,BISAH,ADEG-ADEG,ULU,RA",1
3918_test.jpg,RA,RA,"RA,RA-TEDONG,WA,GANTUNGAN-A,GANTUNGAN-TA",1
3919_test.jpg,MA,MA,"MA,MA-TEDONG,NANIA,A-KARA,NIA",1
391_test.jpg,DA,DA,"DA,BA-KEMBANG,DA-MADU,NA,6",1
3920_test.jpg,BA,BA,"BA,GA,NA-RAMBAT,A,SA-SAGA",1
3921_test.jpg,NGA,NGA,"NGA,GANTUNGAN-NGA,A,7,WA-TEDONG",1
3922_test.jpg,GA-TEDONG,GA-TEDONG,"GA-TEDONG,GA,SA-SAGA,TA-TEDONG,LA",1
3923_test.jpg,KA,KA,"KA,KU,1,A-KARA,KI",1
3924_test.jpg,ULU,TEDONG,"TEDONG,CECEK,SUKU,ULU,SUKU-ILUT",0
3925_test.jpg,NGU,NGU,"NGU,WU,RU,TU,I-KARA",1
3926_test.jpg,A,A,"A,U,NA-RAMBAT,GANTUNGAN-GA,TA",1
3927_test.jpg,TI,TI,"TI,TA-TEDONG,1,KI,TA",1
3928_test.jpg,ADEG-ADEG,ADEG-ADEG,"ADEG-ADEG,SUKU,CECEK,TALENG,RI",1
3929_test.jpg,A,A,"A,GA,U,NA-RAMBAT,GANTUNGAN-LA",1
392_test.jpg,PEPET,PEPET,"PEPET,ULU-RICEM,GANTUNGAN-KA,DA,NA",1
3930_test.jpg,SUKU,SUKU,"SUKU,2,U,GANTUNGAN-NA,4",1
3931_test.jpg,WA,WA,"WA,PA,A,TA-TAWA,GUWUNG-MACELEK",1
3932_test.jpg,SA,SA,"SA,CA,A-KARA,7,LA",1
3933_test.jpg,BA-KEMBANG,BA-KEMBANG,"BA-KEMBANG,DA,NA,JA,I",1
3934_test.jpg,TALENG,TALENG,"TALENG,I-KARA,RA,U,RU",1
3935_test.jpg,TU,TU,"TU,U,RU,DU,2",1
3936_test.jpg,SUKU-KEMBUNG,SUKU-KEMBUNG,"SUKU-KEMBUNG,GUWUNG,GUWUNG-MACELEK,BRA,WA",1
3937_test.jpg,GA,GA,"GA,NA-RAMBAT,TA,GU,GANTUNGAN-GA",1
3938_test.jpg,A,A,"A,U,LA,NGA,GANTUNGAN-GA",1
3939_test.jpg,TALENG,TALENG,"TALENG,U,NGU,NGA,TU",1
393_test.jpg,BA,BA,"BA,1,GANTUNGAN-BA,NYA,NA-RAMBAT",1
3940_test.jpg,WUA,WUA,"WUA,WU,WRE,WI,TUA",1
3941_test.jpg,PU,PU,"PU,MU,WU,LU,SU",1
3942_test.jpg,GA,GA,"GA,TA,GANTUNGAN-GA,BA,SA-SAGA",1
3943_test.jpg,BA,BA,"BA,NA-RAMBAT,KA,GANTUNGAN-BA,TA",1
3944_test.jpg,JA,JA,"JA,4,GANTUNGAN-KA,RA,KA",1
3945_test.jpg,A,A,"A,U,NA-RAMBAT,TA,BA",1
3946_test.jpg,ULU,ULU,"ULU,ULU-SARI,0,GANTUNGAN-MA,GANTUNGAN-GA",1
3947_test.jpg,BISAH,BISAH,"BISAH,4,TALENG,CECEK,JU",1
3948_test.jpg,NANIA,NANIA,"NANIA,IA,NIA,TUA,TIA",1
3949_test.jpg,BA,BA,"BA,GANTUNGAN-BA,KA,NA-RAMBAT,GANTUNGAN-NGA",1
394_test.jpg,GANTUNGAN-LA,GANTUNGAN-LA,"GANTUNGAN-LA,GANTUNGAN-DA,7,GUWUNG,GUWUNG-MACELEK",1
3950_test.jpg,TA,TA,"TA,GANTUNGAN-TA,A,TU,TA-TEDONG",1
3951_test.jpg,GANTUNGAN-TA,GANTUNGAN-TA,"GANTUNGAN-TA,WA,GANTUNGAN-A,GANTUNGAN-DA,RA",1
3952_test.jpg,NGA,NGA,"NGA,GANTUNGAN-NGA,A,A-TEDONG,WA-TEDONG",1
3953_test.jpg,BRA,BRA,"BRA,GUWUNG,GUWUNG-MACELEK,KRA,GRA",1
3954_test.jpg,GANTUNGAN-TA-TAWA,GANTUNGAN-TA-TAWA,"GANTUNGAN-TA-TAWA,GUWUNG-MACELEK,8,WI,ULU-SARI",1
3955_test.jpg,SA,SA,"SA,LA,GANTUNGAN-LA,YA,GEMPELAN-SA-SAPA",1
3956_test.jpg,ADEG-ADEG,ADEG-ADEG,"ADEG-ADEG,SUKU,NANIA,SURANG,TALENG",1
3957_test.jpg,SA,SA,"SA,CA,A-KARA,MA,NA",1
3958_test.jpg,PEPET,PEPET,"PEPET,JA,GANTUNGAN-MA,GANTUNGAN-DA,ULU-RICEM",1
3959_test.jpg,ULU-RICEM,ULU-RICEM,"ULU-RICEM,ULU-SARI,SA-SAGA,GANTUNGAN-NA,GANTUNGAN-KA",1
395_test.jpg,WA,WA,"WA,GUWUNG-MACELEK,0,PA,GRA",1
3960_test.jpg,TU,TU,"TU,TRA,TIA,RU,U",1
3961_test.jpg,YA,YA,"YA,SA,LA,ULU-CANDRA,GANTUNGAN-CA",1
3962_test.jpg,MA,MA,"MA,SA-SAPA,GEMPELAN-SA-SAPA,MU,MA-TEDONG",1
3963_test.jpg,A,A,"A,U,SA-SAGA,NA-RAMBAT,KA",1
3964_test.jpg,A,A,"A,GANTUNGAN-A,U,GANTUNGAN-NGA,GANTUNGAN-LA",1
3965_test.jpg,ULU,ULU,"ULU,PEPET,GANTUNGAN-GA,ULU-SARI,GANTUNGAN-MA",1
3966_test.jpg,NANIA,NANIA,"NANIA,NIA,IA,PAMADA,TIA",1
3967_test.jpg,ULU,ULU,"ULU,MA,TALENG,GEMPELAN-PA,PA",1
3968_test.jpg,TEDONG,TEDONG,"TEDONG,0,ULU,4,RA",1
3969_test.jpg,A,A,"A,U,NA-RAMBAT,GANTUNGAN-A,GANTUNGAN-LA",1
396_test.jpg,KA,KA,"KA,KA-TEDONG,GANTUNGAN-KA,NA-TEDONG,NA",1
3970_test.jpg,BA,BA,"BA,NA-RAMBAT,NGA,TA,A",1
3971_test.jpg,DA,DA,"DA,BA-KEMBANG,DA-MADU,YA,TA-TAWA",1
3972_test.jpg,NGA,NGA,"NGA,GANTUNGAN-NGA,A,BA,GANTUNGAN-BA",1
3973_test.jpg,SURANG,SURANG,"SURANG,GANTUNGAN-MA,GANTUNGAN-TA-LATIK,GUWUNG,GANTUNGAN-NA",1
3974_test.jpg,SUKU,SUKU,"SUKU,NANIA,TEDONG,SU,MI",1
3975_test.jpg,KA,KA,"KA,SA-SAGA,KU,JA,KA-TEDONG",1
3976_test.jpg,TA,TA,"TA,KA,SA-SAGA,BA,GA",1
3977_test.jpg,GA,JA-TEDONG,"JA-TEDONG,PEPET,GA,GA-TEDONG,SA-SAGA",0
3978_test.jpg,PA,PA,"PA,GEMPELAN-PA,PI,8,MA",1
3979_test.jpg,GA,GA,"GA,GANTUNGAN-GA,LA,BA,KA",1
397_test.jpg,WA-TEDONG,WA-TEDONG,"WA-TEDONG,TA-TEDONG,RA-TEDONG,A-TEDONG,MA-TEDONG",1
3980_test.jpg,CECEK,CECEK,"CECEK,TALENG,BISAH,ULU,GANTUNGAN-NA",1
3981_test.jpg,MA,MA,"MA,MA-TEDONG,PA,8,SA-SAPA",1
3982_test.jpg,KA,KA,"KA,KA-TEDONG,KU,NA-RAMBAT,SA-SAGA",1
3983_test.jpg,GA,GA,"GA,GU,GANTUNGAN-GA,SA-SAGA,JA",1
3984_test.jpg,PA,PA,"PA,SUKU-KEMBUNG,ULU,GEMPELAN-PA,0",1
3985_test.jpg,GANTUNGAN-GA,GANTUNGAN-GA,"GANTUNGAN-GA,GA,PEPET,ULU,JA",1
3986_test.jpg,TEDONG,TEDONG,"TEDONG,SUKU-KEMBUNG,ULU,SUKU-ILUT,PEPET",1
3987_test.jpg,NA,NA,"NA,NI,GANTUNGAN-KA,CA,KA",1
3988_test.jpg,YA,YA,"YA,LA,SA,ULU-CANDRA,9",1
3989_test.jpg,SUKU-KEMBUNG,SUKU-KEMBUNG,"SUKU-KEMBUNG,BRA,PEPET,TRA,GUWUNG",1
398_test.jpg,BISAH,BISAH,"BISAH,CECEK,TALENG,4,GANTUNGAN-NA",1
3990_test.jpg,TU,U,"U,TU,TRA,IA,LU",0
3991_test.jpg,NYA,NYA,"NYA,GANTUNGAN-NYA,NA-RAMBAT-TEDONG,KA-TEDONG,TA-TEDONG",1
3992_test.jpg,SUKU,SUKU,"SUKU,GANTUNGAN-NA,0,2,SUKU-KEMBUNG",1
3993_test.jpg,U-KARA,3,"3,2,I-KARA,LA-LENGA,U-KARA",0
3994_test.jpg,TA,TA,"TA,GANTUNGAN-TA,TU,BA,A",1
3995_test.jpg,ADEG-ADEG,ADEG-ADEG,"ADEG-ADEG,CECEK,SUKU,NANIA,RA",1
3996_test.jpg,I-KARA,U,"U,I-KARA,TA-TAWA,6,PU",0
3997_test.jpg,SURANG,SURANG,"SURANG,GANTUNGAN-NA,TALENG,CECEK,GANTUNGAN-TA-LATIK",1
3998_test.jpg,CECEK,CECEK,"CECEK,BISAH,TALENG,ULU,GANTUNGAN-NA",1
3999_test.jpg,ULU,ULU,"ULU,0,ULU-SARI,GANTUNGAN-MA,TALENG",1
399_test.jpg,MA,MA,"MA,MA-TEDONG,SA-SAPA,A-KARA,GEMPELAN-SA-SAPA",1
39_test.jpg,KA,KA,"KA,NA-RAMBAT,KU,KA-TEDONG,DA-TEDONG",1
3_test.jpg,U,U,"U,TU,TALENG,A,LU",1
4000_test.jpg,DA,NA,"NA,BA-KEMBANG,DA,NYA,MA",0
4001_test.jpg,TALENG,TALENG,"TALENG,JU,BISAH,ADEG-ADEG,RA",1
4002_test.jpg,TU,TU,"TU,TRA,TIA,GU,BU",1
4003_test.jpg,TEDONG,TEDONG,"TEDONG,ULU-SARI,ULU,GA,0",1
4004_test.jpg,GANTUNGAN-NYA,TA-TEDONG,"TA-TEDONG,NYA,GA-TEDONG,KA-TEDONG,SA-SAGA",0
4005_test.jpg,NGA,NGA,"NGA,A,GANTUNGAN-NGA,WA-TEDONG,DA-MADU",1
4006_test.jpg,SA,SA,"SA,CA,7,LA,MA",1
4007_test.jpg,CECEK,CECEK,"CECEK,TALENG,BISAH,ULU,TEDONG",1
4008_test.jpg,BA,BA,"BA,NYA,1,GANTUNGAN-BA,BU",1
4009_test.jpg,KA,KA,"KA,KA-TEDONG,KU,NA-TEDONG,NA-RAMBAT",1
400_test.jpg,TU,TU,"TU,TRA,TIA,U,RU",1
4010_test.jpg,A,A,"A,GANTUNGAN-CA,YA,DA,U",1
4011_test.jpg,PA,PA,"PA,GANTUNGAN-TA-LATIK,8,SA,GANTUNGAN-A",1
4012_test.jpg,WA,WA,"WA,GANTUNGAN-TA,PA,DA,GANTUNGAN-A",1
4013_test.jpg,BISAH,SUKU,"SUKU,GANTUNGAN-KA,GANTUNGAN-NA,PEPET,JA",0
4014_test.jpg,KNA,KU,"KU,KNA,PAMADA,NIA,NING",0
4015_test.jpg,RA,RA,"RA,CECEK,MA-TEDONG,GEMPELAN-PA,MA",1
4016_test.jpg,SA,SA,"SA,CA,A-KARA,GEMPELAN-SA-SAPA,MA",1
4017_test.jpg,CECEK,CECEK,"CECEK,ULU,TALENG,BISAH,TEDONG",1
4018_test.jpg,NANIA,NANIA,"NANIA,IA,SUKU,RU,NIA",1
4019_test.jpg,MA,MA,"MA,GEMPELAN-SA-SAPA,PA,GEMPELAN-PA,MA-TEDONG",1
401_test.jpg,A,LU,"LU,YU,A,U,NA-RAMBAT",0
4020_test.jpg,KA,KA,"KA,NA-RAMBAT,KU,SA-SAGA,KA-TEDONG",1
4021_test.jpg,PA,PA,"PA,MA,WA,RA,GANTUNGAN-TA",1
4022_test.jpg,GA,GA,"GA,SA-SAGA,GANTUNGAN-GA,GU,JA",1
4023_test.jpg,RA,RA,"RA,GANTUNGAN-GA,TEDONG,GA,GU",1
4024_test.jpg,GA,GA,"GA,SA-SAGA,GANTUNGAN-GA,LA,TA",1
4025_test.jpg,GA,GA,"GA,GANTUNGAN-GA,PEPET,SA-SAGA,GU",1
4026_test.jpg,ULU,ULU,"ULU,0,TALENG,ULU-SARI,CECEK",1
4027_test.jpg,MA,MA,"MA,GEMPELAN-SA-SAPA,RA,PI,MA-TEDONG",1
4028_test.jpg,BISAH,BISAH,"BISAH,TALENG,CECEK,4,ADEG-ADEG",1
4029_test.jpg,TEDONG,TEDONG,"TEDONG,SUKU-KEMBUNG,ULU,PEPET,GU",1
402_test.jpg,NGA,NGA,"NGA,A,GANTUNGAN-NGA,YU,DU",1
4030_test.jpg,BA,BA,"BA,NGA,GANTUNGAN-BA,GANTUNGAN-NGA,1",1
4031_test.jpg,TEDONG,TEDONG,"TEDONG,GU,SUKU,SUKU-ILUT,SUKU-KEMBUNG",1
4032_test.jpg,NANIA,NANIA,"NANIA,NIA,IA,TIA,PAMADA",1
4033_test.jpg,RA,RA,"RA,RU,MA,NANIA,MA-TEDONG",1
4034_test.jpg,BA,BA,"BA,NA-RAMBAT,NGA,GANTUNGAN-BA,A",1
4035_test.jpg,ULU,ULU,"ULU,0,ULU-SARI,GANTUNGAN-MA,TALENG",1
4036_test.jpg,RA,RA,"RA,MA,GEMPELAN-PA,MA-TEDONG,GEMPELAN-SA-SAPA",1
4037_test.jpg,PA,PA,"PA,GEMPELAN-PA,MA,WA,0",1
4038_test.jpg,ADEG-ADEG,ADEG-ADEG,"ADEG-ADEG,RI,RA,BISAH,5",1
4039_test.jpg,MA,MA,"MA,MA-TEDONG,WA,GANTUNGAN-TA,DA-MADU",1
403_test.jpg,TALENG,DU,"DU,TALENG,PU,WU,GEMPELAN-SA-SAPA",0
4040_test.jpg,KA,KA,"KA,GANTUNGAN-KA,NA,KA-TEDONG,KU",1
4041_test.jpg,GUWUNG,GUWUNG,"GUWUNG,GUWUNG-MACELEK,GANTUNGAN-MA,SURANG,NANIA",1
4042_test.jpg,ULU,ULU,"ULU,GANTUNGAN-MA,PEPET,SUKU-KEMBUNG,GANTUNGAN-GA",1
4043_test.jpg,NANIA,NANIA,"NANIA,IA,NIA,TUA,8",1
4044_test.jpg,LA,LA,"LA,GANTUNGAN-LA,GA-TEDONG,7,SA",1
4045_test.jpg,CECEK,ADEG-ADEG,"ADEG-ADEG,CECEK,SUKU,TALENG,NANIA",0
4046_test.jpg,NANIA,NANIA,"NANIA,IA,NIA,PAMADA,NGU",1
4047_test.jpg,BA,BA,"BA,GANTUNGAN-BA,BU,NA-RAMBAT,1",1
4048_test.jpg,KA,KA,"KA,KA-TEDONG,KU,GANTUNGAN-KA,NA-TEDONG",1
4049_test.jpg,SA,SA,"SA,CA,MA,GANTUNGAN-TA,NA",1
404_test.jpg,TA,TA,"TA,TA-TEDONG,TI,BA,TU",1
4050_test.jpg,SURANG,SURANG,"SURANG,GANTUNGAN-MA,GANTUNGAN-TA-LATIK,GUWUNG,TALENG",1
4051_test.jpg,SA,SA,"SA,A-KARA,CA,MA,SI",1
4052_test.jpg,GNA,GNA,"GNA,SUKU,RU,ADEG-ADEG,RI",1
4053_test.jpg,JA,JA,"JA,BISAH,4,JU,DA",1
4054_test.jpg,CECEK,CECEK,"CECEK,BISAH,4,ULU,GANTUNGAN-KA",1
4055_test.jpg,TA,TA,"TA,A,TA-TEDONG,TU,GANTUNGAN-TA",1
4056_test.jpg,6,6,"6,GANTUNGAN-DA,GANTUNGAN-A,TU,E-KARA",1
4057_test.jpg,SA,SA,"SA,CA,MA,SI,A-KARA",1
4058_test.jpg,TEDONG,TEDONG,"TEDONG,GU,ADEG-ADEG,GA,ULU",1
4059_test.jpg,SA,SA,"SA,GEMPELAN-SA-SAPA,A-KARA,CA,MA",1
405_test.jpg,TALENG,TALENG,"TALENG,U,GANTUNGAN-A,NGU,I-KARA",1
4060_test.jpg,RA,RA,"RA,WA,RA-TEDONG,MA,5",1
4061_test.jpg,TEDONG,TEDONG,"TEDONG,SUKU-ILUT,SUKU,GU,0",1
4062_test.jpg,RA,RA,"RA,RU,ADEG-ADEG,NANIA,RA-TEDONG",1
4063_test.jpg,A,A,"A,U,NA-RAMBAT,TA,BA",1
4064_test.jpg,TEDONG,TEDONG,"TEDONG,ULU,GU,SUKU-KEMBUNG,SUKU-ILUT",1
4065_test.jpg,PEPET,PEPET,"PEPET,GANTUNGAN-MA,GANTUNGAN-TA-LATIK,6,GANTUNGAN-TA",1
4066_test.jpg,GANTUNGAN-TA-TAWA,GANTUNGAN-TA-TAWA,"GANTUNGAN-TA-TAWA,GANTUNGAN-MA,GUWUNG-MACELEK,4,BRA",1
4067_test.jpg,ULU,0,"0,ULU,GANTUNGAN-TA,DA,WA",0
4068_test.jpg,ULU,ULU,"ULU,GANTUNGAN-GA,PEPET,GANTUNGAN-MA,TEDONG",1
4069_test.jpg,TEDONG,CECEK,"CECEK,TEDONG,BISAH,4,SUKU-ILUT",0
406_test.jpg,NA,NA,"NA,NA-TEDONG,GANTUNGAN-KA,NI,CA",1
4070_test.jpg,BISAH,TALENG,"TALENG,SUKU,BISAH,2,CECEK",0
4071_test.jpg,KU,KU,"KU,KRA,NIA,KA,NU",1
4072_test.jpg,MA,MA,"MA,NANIA,SUKU,PI,GANTUNGAN-NA",1
4073_test.jpg,BA,NYA,"NYA,BA,GANTUNGAN-NYA,GANTUNGAN-BA,NGA",0
4074_test.jpg,NGU,NGU,"NGU,U,BU,3,2",1
4075_test.jpg,TEDONG,TEDONG,"TEDONG,SUKU,MI,GU,4",1
4076_test.jpg,BISAH,BISAH,"BISAH,CECEK,TALENG,4,MU",1
4077_test.jpg,NA,NA,"NA,DA,BA-KEMBANG,GANTUNGAN-KA,NYA",1
4078_test.jpg,BISAH,BISAH,"BISAH,JU,GANTUNGAN-NA,RA,TALENG",1
4079_test.jpg,NANIA,NANIA,"NANIA,IA,NIA,PU,MA",1
407_test.jpg,TEDONG,TEDONG,"TEDONG,GU,SUKU,4,NU",1
4080_test.jpg,SURANG,SURANG,"SURANG,GUWUNG,GANTUNGAN-MA,GANTUNGAN-NA,GANTUNGAN-TA-LATIK",1
4081_test.jpg,PEPET,PEPET,"PEPET,GANTUNGAN-MA,JA,GANTUNGAN-DA,GANTUNGAN-GA",1
4082_test.jpg,ADEG-ADEG,ADEG-ADEG,"ADEG-ADEG,SUKU,NANIA,SURANG,2",1
4083_test.jpg,KA-TEDONG,KA-TEDONG,"KA-TEDONG,GANTUNGAN-KA,KA,GA-TEDONG,GANTUNGAN-NYA",1
4084_test.jpg,DA,DA,"DA,NA,5,TA-TAWA,ULU-SARI",1
4085_test.jpg,U-KARA,U-KARA,"U-KARA,3,E-KARA,GANTUNGAN-DA,GANTUNGAN-MA",1
4086_test.jpg,YA,A,"A,YA,NGA,9,BA",0
4087_test.jpg,TALENG,TALENG,"TALENG,U,GANTUNGAN-DA,CECEK,ULU",1
4088_test.jpg,9,SI,"SI,9,LI,GANTUNGAN-NA,MI",0
4089_test.jpg,SA,SA,"SA,9,YA,CA,A-KARA",1
408_test.jpg,RA,RA,"RA,MA,RU,NGA,MA-TEDONG",1
4090_test.jpg,WA,WA,"WA,GANTUNGAN-TA,TA-TAWA,DA-MADU,DA",1
4091_test.jpg,KA,KA,"KA,GANTUNGAN-BA,NA-RAMBAT,BA,KU",1
4092_test.jpg,RA,RA,"RA,RA-TEDONG,MA,MA-TEDONG,WA",1
4093_test.jpg,BISAH,BISAH,"BISAH,JA,4,NU,MU",1
4094_test.jpg,BU,BU,"BU,YU,LU,U,MU",1
4095_test.jpg,YA,YA,"YA,A,GANTUNGAN-A,GANTUNGAN-CA,LA",1
4096_test.jpg,BISAH,BISAH,"BISAH,TALENG,4,SURANG,GANTUNGAN-NA",1
4097_test.jpg,DA,DA,"DA,BA-KEMBANG,NA,DA-MADU,DA-TEDONG",1
4098_test.jpg,ULU-RICEM,ULU-RICEM,"ULU-RICEM,GANTUNGAN-KA,PEPET,ULU-SARI,SA-SAGA",1
4099_test.jpg,GANTUNGAN-A,GANTUNGAN-A,"GANTUNGAN-A,DA,A,MA-TEDONG,GANTUNGAN-GA",1
409_test.jpg,BA,BA,"BA,1,RA-TEDONG,GANTUNGAN-BA,A",1
40_test.jpg,TEDONG,TEDONG,"TEDONG,SUKU,SUKU-ILUT,GU,GUWUNG-MACELEK",1
4100_test.jpg,ULU,ULU,"ULU,0,ULU-SARI,NA,GANTUNGAN-MA",1
4101_test.jpg,GA,KA,"KA,LA,BA,NA-RAMBAT,GANTUNGAN-BA",0
4102_test.jpg,JA,JA,"JA,BISAH,JU,RA,E-KARA",1
4103_test.jpg,RU,RU,"RU,NANIA,SUKU,GU,WU",1
4104_test.jpg,RA,RA,"RA,RA-TEDONG,WA,RU,5",1
4105_test.jpg,PEPET,PEPET,"PEPET,GANTUNGAN-KA,ULU-RICEM,ULU,GANTUNGAN-A",1
4106_test.jpg,DA,GANTUNGAN-KA,"GANTUNGAN-KA,NA,DA,KA,I-KARA",0
4107_test.jpg,MA,MA,"MA,PI,PA,NANIA,SUKU",1
4108_test.jpg,DA,DA,"DA,NA,BA-KEMBANG,GANTUNGAN-JA,TA-TAWA",1
4109_test.jpg,DA,DA,"DA,BA-KEMBANG,NA,DA-MADU,DA-TEDONG",1
410_test.jpg,ULU-RICEM,ULU-RICEM,"ULU-RICEM,ULU-SARI,SA-SAGA,GANTUNGAN-KA,NA",1
4110_test.jpg,TU,KU,"KU,NIA,2,NGU,TRA",0
4111_test.jpg,BISAH,BISAH,"BISAH,4,CECEK,JU,TALENG",1
4112_test.jpg,NA,NA,"NA,GANTUNGAN-KA,DA,BA-KEMBANG,RA",1
4113_test.jpg,YA,YA,"YA,9,A,NGA,SA",1
4114_test.jpg,BA,BA,"BA,GANTUNGAN-BA,A,GANTUNGAN-NGA,NGA",1
4115_test.jpg,BISAH,BISAH,"BISAH,4,MU,JU,CECEK",1
4116_test.jpg,JA-TEDONG,JA-TEDONG,"JA-TEDONG,DA-TEDONG,NA-TEDONG,PEPET,NGA",1
4117_test.jpg,WA,WA,"WA,GANTUNGAN-TA,DA-MADU,TA-TAWA,ULU",1
4118_test.jpg,4,4,"4,MU,SUKU,SUKU-ILUT,WUA",1
4119_test.jpg,PA,PA,"PA,MA,GEMPELAN-PA,SA,SA-SAPA",1
411_test.jpg,LA,LA,"LA,GANTUNGAN-LA,SA,8,7",1
4120_test.jpg,TALENG,TALENG,"TALENG,GU,RU,U,RA",1
4121_test.jpg,WA,WA,"WA,6,GANTUNGAN-TA-LATIK,PA,GANTUNGAN-TA",1
4122_test.jpg,BA,BA,"BA,NYA,NA-RAMBAT,GANTUNGAN-NYA,GANTUNGAN-BA",1
4123_test.jpg,SUKU,NANIA,"NANIA,SUKU,GU,U,TALENG",0
4124_test.jpg,A,A,"A,GA,U,NA-RAMBAT,GANTUNGAN-GA",1
4125_test.jpg,JA,JA,"JA,GANTUNGAN-NA,RA,GANTUNGAN-DA,SA-SAGA",1
4126_test.jpg,ULU,ULU,"ULU,GANTUNGAN-MA,ULU-SARI,PEPET,SUKU-KEMBUNG",1
4127_test.jpg,SA,SA,"SA,CA,A-KARA,MA,LA",1
4128_test.jpg,TEDONG,TEDONG,"TEDONG,ADEG-ADEG,MI,RA,SUKU",1
4129_test.jpg,ULU,ULU,"ULU,ULU-SARI,0,TEDONG,GANTUNGAN-MA",1
412_test.jpg,GANTUNGAN-A,GANTUNGAN-DA,"GANTUNGAN-DA,GANTUNGAN-A,GANTUNGAN-GA,6,GANTUNGAN-TA",0
4130_test.jpg,BA,BA,"BA,GANTUNGAN-NYA,NYA,GANTUNGAN-BA,NA-RAMBAT",1
4131_test.jpg,ADEG-ADEG,ADEG-ADEG,"ADEG-ADEG,CECEK,SUKU,BISAH,RA",1
4132_test.jpg,SUKU,SUKU,"SUKU,NANIA,U,2,SU",1
4133_test.jpg,ULU,ULU,"ULU,GANTUNGAN-MA,PEPET,GANTUNGAN-GA,SUKU-KEMBUNG",1
4134_test.jpg,BA,BA,"BA,NA-RAMBAT,GANTUNGAN-BA,NGA,A",1
4135_test.jpg,SA-SAPA,SA-SAPA,"SA-SAPA,A-KARA,MA,4,PA",1
4136_test.jpg,ADEG-ADEG,ADEG-ADEG,"ADEG-ADEG,RI,5,TALENG,BISAH",1
4137_test.jpg,YA,YA,"YA,LA,SA,ULU-CANDRA,GANTUNGAN-TA-LATIK",1
4138_test.jpg,MA,MA,"MA,PA,SA,MA-TEDONG,NIA",1
4139_test.jpg,A,A,"A,U,NA-RAMBAT,TA,BA",1
413_test.jpg,ULU,ULU,"ULU,GANTUNGAN-MA,ULU-SARI,TEDONG,0",1
4140_test.jpg,TA,A,"A,U,I,YA,BA",0
4141_test.jpg,NGA,NGA,"NGA,GANTUNGAN-NGA,A,NA-RAMBAT,RA-TEDONG",1
4142_test.jpg,LA,LA,"LA,7,SA,GANTUNGAN-LA,LA-TEDONG",1
4143_test.jpg,LA,LA,"LA,GANTUNGAN-LA,7,GA,GANTUNGAN-GA",1
4144_test.jpg,SA,SA,"SA,CA,GANTUNGAN-LA,GANTUNGAN-NA,BA-KEMBANG",1
4145_test.jpg,PA,PA,"PA,8,SA,LA,NIA",1
4146_test.jpg,TU,TRA,"TRA,TU,KU,BU,TIA",0
4147_test.jpg,WA,WA,"WA,GANTUNGAN-TA,DA,TA-TAWA,WI",1
4148_test.jpg,LA,LA,"LA,GANTUNGAN-LA,7,YA,SA",1
4149_test.jpg,NGU,YU,"YU,LU,SU,NGU,BU",0
414_test.jpg,SUKU,SUKU,"SUKU,NANIA,MU,PU,RU",1
4150_test.jpg,GA,GA,"GA,GANTUNGAN-GA,JA,PEPET,LA",1
4151_test.jpg,ULU,TEDONG,"TEDONG,RA,ULU,CECEK,GU",0
4152_test.jpg,SA,SA,"SA,MA,CA,A-KARA,PA",1
4153_test.jpg,GANTUNGAN-MA,GANTUNGAN-MA,"GANTUNGAN-MA,ULU,0,ULU-SARI,PEPET",1
4154_test.jpg,WA,WA,"WA,PA,GANTUNGAN-TA,A,GANTUNGAN-TA-LATIK",1
4155_test.jpg,TU,TU,"TU,TRA,TIA,NING,PAMADA",1
4156_test.jpg,KU,KU,"KU,NIA,NU,KNA,KRA",1
4157_test.jpg,GANTUNGAN-TA,GANTUNGAN-TA,"GANTUNGAN-TA,WA,ULU-RICEM,ULU-SARI,GANTUNGAN-JA",1
4158_test.jpg,GEMPELAN-PA,GEMPELAN-PA,"GEMPELAN-PA,PA,ULU,CECEK,GEMPELAN-SA-SAPA",1
4159_test.jpg,CECEK,SURANG,"SURANG,CECEK,GANTUNGAN-NA,BISAH,4",0
415_test.jpg,CECEK,CECEK,"CECEK,BISAH,ULU,TALENG,TEDONG",1
4160_test.jpg,BISAH,BISAH,"BISAH,TALENG,SUKU-ILUT,TEDONG,4",1
4161_test.jpg,BISAH,BISAH,"BISAH,CECEK,TALENG,4,SUKU-ILUT",1
4162_test.jpg,TU,TU,"TU,TRA,KU,BU,TIA",1
4163_test.jpg,NA,NA,"NA,DA,BA-KEMBANG,GANTUNGAN-KA,KA",1
4164_test.jpg,PEPET,PEPET,"PEPET,GANTUNGAN-MA,GANTUNGAN-GA,SUKU-KEMBUNG,6",1
4165_test.jpg,ADEG-ADEG,ADEG-ADEG,"ADEG-ADEG,SUKU,NANIA,GNA,RI",1
4166_test.jpg,NGA,NGA,"NGA,A,GANTUNGAN-NGA,GA-TEDONG,GANTUNGAN-A",1
4167_test.jpg,GUWUNG-MACELEK,GUWUNG-MACELEK,"GUWUNG-MACELEK,GUWUNG,ULU-CANDRA,NANIA,8",1
4168_test.jpg,MA,MA,"MA,SA-SAPA,A-KARA,GEMPELAN-SA-SAPA,MA-TEDONG",1
4169_test.jpg,NYA,NYA,"NYA,GANTUNGAN-NYA,NA-RAMBAT-TEDONG,GANTUNGAN-NGA,NA-RAMBAT",1
416_test.jpg,BA-KEMBANG,BA-KEMBANG,"BA-KEMBANG,DA,DA-MADU,NA,GANTUNGAN-A",1
4170_test.jpg,NING,NING,"NING,SI,A-KARA,NI,DI",1
4171_test.jpg,E-KARA,6,"6,E-KARA,GANTUNGAN-DA,GANTUNGAN-TA-TAWA,GANTUNGAN-A",0
4172_test.jpg,RA,RA,"RA,GANTUNGAN-TA,WA,RA-TEDONG,5",1
4173_test.jpg,GA,GA,"GA,TA-TEDONG,GA-TEDONG,GANTUNGAN-GA,RA-TEDONG",1
4174_test.jpg,TALENG,ADEG-ADEG,"ADEG-ADEG,CECEK,SUKU,BISAH,TALENG",0
4175_test.jpg,NANIA,NANIA,"NANIA,TUA,IA,NIA,PAMADA",1
4176_test.jpg,JA,JA,"JA,JU,BISAH,4,RA",1
4177_test.jpg,YA,YA,"YA,GANTUNGAN-TA-LATIK,A,GANTUNGAN-CA,9",1
4178_test.jpg,MA,MA,"MA,MA-TEDONG,GEMPELAN-SA-SAPA,GEMPELAN-PA,SA-SAPA",1
4179_test.jpg,MA,MA,"MA,SA-SAPA,GEMPELAN-SA-SAPA,DA-MADU,MA-TEDONG",1
417_test.jpg,GA,GA,"GA,GANTUNGAN-GA,PEPET,SA-SAGA,LA",1
4180_test.jpg,KA,KA,"KA,GANTUNGAN-KA,KU,JA,NA-RAMBAT",1
4181_test.jpg,MA,MA,"MA,PA,8,MA-TEDONG,GEMPELAN-SA-SAPA",1
4182_test.jpg,PEPET,3,"3,U-KARA,5,4,I-KARA",0
4183_test.jpg,JA,JA,"JA,JU,RA,DA,BISAH",1
4184_test.jpg,ADEG-ADEG,ADEG-ADEG,"ADEG-ADEG,RU,TALENG,GNA,5",1
4185_test.jpg,TU,TU,"TU,TIA,TRA,RU,TUA",1
4186_test.jpg,YA,SA-SAPA,"SA-SAPA,TRA,TIA,1,WRE",0
4187_test.jpg,NA,NA,"NA,KNA,GANTUNGAN-KA,LI,JNA",1
4188_test.jpg,JA,JA,"JA,JU,DU,1,U",1
4189_test.jpg,TALENG,TALENG,"TALENG,BISAH,ADEG-ADEG,JU,RA",1
418_test.jpg,BA,BA,"BA,1,GANTUNGAN-BA,NA-RAMBAT,GANTUNGAN-NGA",1
4190_test.jpg,RU,RU,"RU,SUKU,WU,NU,MI",1
4191_test.jpg,JU,JU,"JU,JA,TALENG,JNA,DU",1
4192_test.jpg,KNA,KU,"KU,KNA,SA-SAGA,LA-LENGA,3",0
4193_test.jpg,BISAH,BISAH,"BISAH,CECEK,TALENG,ADEG-ADEG,TEDONG",1
4194_test.jpg,TEDONG,TEDONG,"TEDONG,GU,4,SUKU-ILUT,MI",1
4195_test.jpg,KRA,KRA,"KRA,3,NIA,KU,GUWUNG-MACELEK",1
4196_test.jpg,TA,TA,"TA,TA-TEDONG,A,TU,RA-TEDONG",1
4197_test.jpg,KU,KU,"KU,GU,LU,BU,KRA",1
4198_test.jpg,NGA,NGA,"NGA,A,GANTUNGAN-NGA,TA-TAWA,SA-SAPA",1
4199_test.jpg,PA,PA,"PA,GEMPELAN-PA,GANTUNGAN-TA-LATIK,SA,GANTUNGAN-A",1
419_test.jpg,BISAH,BISAH,"BISAH,TALENG,4,CECEK,SUKU-ILUT",1
41_test.jpg,KA,KA,"KA,KA-TEDONG,KU,LA,NA-RAMBAT",1
4200_test.jpg,NANIA,NANIA,"NANIA,NIA,TUA,TRA,PAMADA",1
4201_test.jpg,BA,BA,"BA,KA,NA-RAMBAT,SA-SAGA,GANTUNGAN-BA",1
4202_test.jpg,DA,DA,"DA,NA,BA-KEMBANG,ULU-SARI,ULU-RICEM",1
4203_test.jpg,SUKU,ADEG-ADEG,"ADEG-ADEG,SUKU,NANIA,RU,2",0
4204_test.jpg,MA,MA,"MA,SA-SAPA,MA-TEDONG,PI,A-KARA",1
4205_test.jpg,SA,SA,"SA,CA,KA,NA-TEDONG,KA-TEDONG",1
4206_test.jpg,NANIA,SUKU-ILUT,"SUKU-ILUT,4,PU,SUKU,MU",0
4207_test.jpg,U,U,"U,TU,IA,2,TALENG",1
4208_test.jpg,WA,WA,"WA,PA,TA-TAWA,WI,GANTUNGAN-TA-LATIK",1
4209_test.jpg,GANTUNGAN-CA,GANTUNGAN-CA,"GANTUNGAN-CA,BA-KEMBANG,DA-TEDONG,DA-MADU,DA",1
420_test.jpg,NA,GANTUNGAN-KA,"GANTUNGAN-KA,KA,NA,KA-TEDONG,NA-TEDONG",0
4210_test.jpg,DA,DA,"DA,DA-MADU,GANTUNGAN-A,TA-TAWA,I-KARA",1
4211_test.jpg,TEDONG,GANTUNGAN-NA,"GANTUNGAN-NA,TEDONG,JNA,CECEK,JA",0
4212_test.jpg,LA,LA,"LA,GANTUNGAN-LA,SA,7,GANTUNGAN-BA",1
4213_test.jpg,KRA,KRA,"KRA,WI,TRA,GRA,WA",1
4214_test.jpg,SURANG,SURANG,"SURANG,GUWUNG,GANTUNGAN-TA-LATIK,GANTUNGAN-JA,PEPET",1
4215_test.jpg,BISAH,BISAH,"BISAH,JU,4,TALENG,ADEG-ADEG",1
4216_test.jpg,NGA,GANTUNGAN-A,"GANTUNGAN-A,GANTUNGAN-GA,GANTUNGAN-BA,NGA,NYA",0
4217_test.jpg,TA,TA,"TA,TU,A,TA-TEDONG,BA",1
4218_test.jpg,PU,SU,"SU,PU,LU,MU,YU",0
4219_test.jpg,A,A,"A,U,YA,WA-TEDONG,GANTUNGAN-A",1
421_test.jpg,GANTUNGAN-GA,GANTUNGAN-GA,"GANTUNGAN-GA,GA,GANTUNGAN-A,TEDONG,PEPET",1
4220_test.jpg,JA-TEDONG,SA-SAGA,"SA-SAGA,JA-TEDONG,JA,GA-TEDONG,KU",0
4221_test.jpg,GA,GA,"GA,GU,LA,SA-SAGA,NA-RAMBAT",1
4222_test.jpg,DA,DA,"DA,NA,BA-KEMBANG,ULU-SARI,E-KARA",1
4223_test.jpg,JA,JA,"JA,SA-SAGA,RA,6,JU",1
4224_test.jpg,CECEK,CECEK,"CECEK,RA,TALENG,ULU,BISAH",1
4225_test.jpg,LA,LA,"LA,GANTUNGAN-LA,GA-TEDONG,GANTUNGAN-GA,7",1
4226_test.jpg,TEDONG,TEDONG,"TEDONG,ULU,SUKU-ILUT,GU,0",1
4227_test.jpg,LA,LA,"LA,GANTUNGAN-LA,7,8,YA",1
4228_test.jpg,SUKU,SUKU,"SUKU,RI,PU,WI,GANTUNGAN-NA",1
4229_test.jpg,ULU,ULU,"ULU,TALENG,GANTUNGAN-GA,0,PEPET",1
422_test.jpg,NA,NA,"NA,DA,GANTUNGAN-KA,KA,BA-KEMBANG",1
4230_test.jpg,NA,NA,"NA,GANTUNGAN-KA,KA-TEDONG,KA,CA",1
4231_test.jpg,SUKU,SUKU,"SUKU,NANIA,SUKU-KEMBUNG,NIA,MU",1
4232_test.jpg,GANTUNGAN-TA,GANTUNGAN-TA,"GANTUNGAN-TA,TA,GANTUNGAN-JA,GANTUNGAN-KA,GANTUNGAN-A",1
4233_test.jpg,BA,BA,"BA,NA-RAMBAT,GANTUNGAN-BA,GANTUNGAN-NGA,1",1
4234_test.jpg,0,0,"0,GUWUNG-MACELEK,4,SUKU-ILUT,8",1
4235_test.jpg,SUKU,SUKU,"SUKU,NANIA,IA,SUKU-KEMBUNG,GANTUNGAN-NA",1
4236_test.jpg,ADEG-ADEG,ADEG-ADEG,"ADEG-ADEG,SUKU,NANIA,RU,GNA",1
4237_test.jpg,YA,YA,"YA,GANTUNGAN-CA,A,YA-TEDONG,9",1
4238_test.jpg,BISAH,BISAH,"BISAH,SUKU-ILUT,TALENG,4,JU",1
4239_test.jpg,NA,NA,"NA,MA,GANTUNGAN-KA,CA,DA",1
423_test.jpg,RA,CECEK,"CECEK,TEDONG,RA,ADEG-ADEG,GANTUNGAN-NA",0
4240_test.jpg,SUKU,ADEG-ADEG,"ADEG-ADEG,SUKU,NANIA,BISAH,TALENG",0
4241_test.jpg,KA,KA,"KA,KA-TEDONG,KU,NA-RAMBAT,GANTUNGAN-KA",1
4242_test.jpg,CU,CU,"CU,NU,WRE,SU,NIA",1
4243_test.jpg,BA,BA,"BA,KA,NA-RAMBAT,GANTUNGAN-BA,TA",1
4244_test.jpg,MA,MA,"MA,SA-SAPA,PA,GEMPELAN-SA-SAPA,8",1
4245_test.jpg,DA,DA,"DA,DA-MADU,BA-KEMBANG,NA,TA-TAWA",1
4246_test.jpg,ULU,ULU,"ULU,SUKU-KEMBUNG,GANTUNGAN-GA,PEPET,GANTUNGAN-MA",1
4247_test.jpg,TU,TU,"TU,TRA,TIA,KU,BU",1
4248_test.jpg,BISAH,CECEK,"CECEK,BISAH,TALENG,ADEG-ADEG,SUKU",0
4249_test.jpg,A,A,"A,U,I,BA,1",1
424_test.jpg,RA,RA,"RA,RA-TEDONG,NGA,WA,RU",1
4250_test.jpg,MA,MA,"MA,GEMPELAN-SA-SAPA,PA,GEMPELAN-PA,MA-TEDONG",1
4251_test.jpg,ADEG-ADEG,ADEG-ADEG,"ADEG-ADEG,RA,CECEK,RI,BISAH",1
4252_test.jpg,KA,KA,"KA,NA,KA-TEDONG,KI,JA",1
4253_test.jpg,LA,LA,"LA,GA,A,GUWUNG-MACELEK,LU",1
4254_test.jpg,ADEG-ADEG,ADEG-ADEG,"ADEG-ADEG,SUKU,NANIA,GNA,RU",1
4255_test.jpg,BA,BA,"BA,NYA,GANTUNGAN-BA,NA-RAMBAT,GANTUNGAN-NYA",1
4256_test.jpg,PEPET,GA,"GA,GANTUNGAN-GA,LA,PEPET,KA",0
4257_test.jpg,MA,MA,"MA,SA-SAPA,A-KARA,PA,GEMPELAN-SA-SAPA",1
4258_test.jpg,ULU-CANDRA,ULU-CANDRA,"ULU-CANDRA,ULU-RICEM,GUWUNG-MACELEK,GUWUNG,GANTUNGAN-LA",1
4259_test.jpg,TA,TA,"TA,WA,A,GANTUNGAN-TA,BA",1
425_test.jpg,PEPET,PEPET,"PEPET,GANTUNGAN-MA,GANTUNGAN-GA,ULU,DA",1
4260_test.jpg,BA,BA,"BA,GANTUNGAN-BA,GANTUNGAN-NGA,1,A",1
4261_test.jpg,TALENG,TALENG,"TALENG,BISAH,ADEG-ADEG,NGU,2",1
4262_test.jpg,A,A,"A,U,LA,GA,GANTUNGAN-A",1
4263_test.jpg,SA,SA,"SA,CA,A-KARA,GEMPELAN-SA-SAPA,NA",1
4264_test.jpg,DA-MADU,DA-MADU,"DA-MADU,DA,YA,9,TA-TAWA",1
4265_test.jpg,GANTUNGAN-DA,GANTUNGAN-DA,"GANTUNGAN-DA,E-KARA,6,GANTUNGAN-LA,GANTUNGAN-JA",1
4266_test.jpg,CECEK,CECEK,"CECEK,ULU,BISAH,TALENG,TEDONG",1
4267_test.jpg,TU,KU,"KU,TU,U,BU,IA",0
4268_test.jpg,NA,NA,"NA,GANTUNGAN-KA,DA,KA,CA",1
4269_test.jpg,TEDONG,TEDONG,"TEDONG,ULU,SUKU-ILUT,GU,GANTUNGAN-GA",1
426_test.jpg,RA,RA,"RA,WA,RA-TEDONG,MA,TALENG",1
4270_test.jpg,TALENG,TALENG,"TALENG,BISAH,ADEG-ADEG,NANIA,SUKU",1
4271_test.jpg,SA,SA,"SA,SU,7,GANTUNGAN-LA,NIA",1
4272_test.jpg,MA,MA,"MA,MA-TEDONG,SA-SAPA,PA,A-KARA",1
4273_test.jpg,YA,YA,"YA,LA,SA,ULU-CANDRA,A",1
4274_test.jpg,BISAH,BISAH,"BISAH,JU,4,RA,MU",1
4275_test.jpg,KNA,KNA,"KNA,KU,NIA,KA,NA",1
4276_test.jpg,PEPET,PEPET,"PEPET,GANTUNGAN-DA,GANTUNGAN-MA,SUKU-KEMBUNG,U-KARA",1
4277_test.jpg,NYA,NYA,"NYA,GANTUNGAN-NYA,NA-RAMBAT-TEDONG,TA-TEDONG,A-TEDONG",1
4278_test.jpg,SUKU,SUKU,"SUKU,GANTUNGAN-NA,CECEK,PU,TALENG",1
4279_test.jpg,CECEK,CECEK,"CECEK,TALENG,ULU,BISAH,SURANG",1
427_test.jpg,MA,MA,"MA,PA,SA-SAPA,GEMPELAN-SA-SAPA,8",1
4280_test.jpg,PEPET,PEPET,"PEPET,ULU,CECEK,TEDONG,GANTUNGAN-GA",1
4281_test.jpg,PEPET,GANTUNGAN-MA,"GANTUNGAN-MA,PEPET,U-KARA,SUKU-KEMBUNG,GANTUNGAN-TA-TAWA",0
4282_test.jpg,LA,LA,"LA,GA-TEDONG,LA-TEDONG,SA-SAGA,7",1
4283_test.jpg,SUKU,SUKU,"SUKU,GANTUNGAN-NA,ADEG-ADEG,TALENG,4",1
4284_test.jpg,PI,PI,"PI,WI,8,SI,MI",1
4285_test.jpg,LA,LA,"LA,GANTUNGAN-LA,GANTUNGAN-DA,SA,7",1
4286_test.jpg,TALENG,TALENG,"TALENG,ADEG-ADEG,CECEK,RA,RU",1
4287_test.jpg,SUKU-KEMBUNG,SUKU-KEMBUNG,"SUKU-KEMBUNG,GUWUNG,BRA,GRA,PEPET",1
4288_test.jpg,ADEG-ADEG,ADEG-ADEG,"ADEG-ADEG,SUKU,NANIA,TALENG,GNA",1
4289_test.jpg,BA,BA,"BA,NA-RAMBAT,GANTUNGAN-BA,GA,KA",1
428_test.jpg,JA,JU,"JU,DU,JA,U,GU",0
4290_test.jpg,0,GANTUNGAN-NA,"GANTUNGAN-NA,4,TEDONG,JNA,0",0
4291_test.jpg,SUKU,SUKU,"SUKU,PU,GANTUNGAN-NA,4,WU",1
4292_test.jpg,TA,TA,"TA,TU,TI,TA-TEDONG,A",1
4293_test.jpg,GI,GI,"GI,KI,JI,BI,TI",1
4294_test.jpg,YA,YA,"YA,LA,A,SA,GANTUNGAN-CA",1
4295_test.jpg,RA-TEDONG,RA-TEDONG,"RA-TEDONG,NGA,GANTUNGAN-BA,1,A",1
4296_test.jpg,ADEG-ADEG,ADEG-ADEG,"ADEG-ADEG,5,GNA,RU,NANIA",1
4297_test.jpg,GANTUNGAN-NYA,NA-RAMBAT-TEDONG,"NA-RAMBAT-TEDONG,NA-RAMBAT,GANTUNGAN-NYA,NYA,YA-TEDONG",0
4298_test.jpg,KU,KU,"KU,KRA,NIA,KNA,KA",1
4299_test.jpg,BI,1,"1,BI,NGA,I,A",0
429_test.jpg,BA,BA,"BA,NA-RAMBAT,NYA,GANTUNGAN-BA,1",1
42_test.jpg,BA,BA,"BA,NA-RAMBAT,GANTUNGAN-BA,GANTUNGAN-NGA,KA",1
4300_test.jpg,SURANG,SURANG,"SURANG,GANTUNGAN-JA,GUWUNG,GANTUNGAN-TA-LATIK,PEPET",1
4301_test.jpg,NGA,NGA,"NGA,DA-MADU,WA-TEDONG,TA-TAWA,A",1
4302_test.jpg,U,U,"U,TU,IA,DU,LU",1
4303_test.jpg,TRA,TRA,"TRA,WRE,TU,TIA,TUA",1
4304_test.jpg,ADEG-ADEG,ADEG-ADEG,"ADEG-ADEG,TALENG,RI,SUKU,RA",1
4305_test.jpg,SUKU,ADEG-ADEG,"ADEG-ADEG,SUKU,RI,GANTUNGAN-NA,GNA",0
4306_test.jpg,YA,GANTUNGAN-TA-LATIK,"GANTUNGAN-TA-LATIK,ULU-CANDRA,GANTUNGAN-DA,YA,GANTUNGAN-LA",0
4307_test.jpg,RA,RA,"RA,RA-TEDONG,NGA,ADEG-ADEG,RU",1
4308_test.jpg,DA,DA,"DA,MA-TEDONG,NA,BA-KEMBANG,PEPET",1
4309_test.jpg,TA,TA,"TA,A,TU,WA,BA",1
430_test.jpg,SURANG,SURANG,"SURANG,GANTUNGAN-NA,GANTUNGAN-LA,GUWUNG-MACELEK,7",1
4310_test.jpg,GANTUNGAN-TA-TAWA,GANTUNGAN-TA-TAWA,"GANTUNGAN-TA-TAWA,GUWUNG-MACELEK,ULU-SARI,GRA,E-KARA",1
4311_test.jpg,SA,SA,"SA,CA,GANTUNGAN-LA,7,LA",1
4312_test.jpg,MA,MA,"MA,PA,GEMPELAN-SA-SAPA,SA,8",1
4313_test.jpg,SUKU,SUKU,"SUKU,NANIA,IA,NIA,MI",1
4314_test.jpg,BISAH,BISAH,"BISAH,TALENG,4,CECEK,ADEG-ADEG",1
4315_test.jpg,RA,RA,"RA,MA,MA-TEDONG,NGA,GANTUNGAN-A",1
4316_test.jpg,GANTUNGAN-NA,GANTUNGAN-NA,"GANTUNGAN-NA,TALENG,2,RA,GNA",1
4317_test.jpg,NANIA,NANIA,"NANIA,NIA,IA,PAMADA,SUKU-KEMBUNG",1
4318_test.jpg,WA,WA,"WA,GANTUNGAN-TA,PA,A,GANTUNGAN-CA",1
4319_test.jpg,JA,JA,"JA,JU,E-KARA,6,BISAH",1
431_test.jpg,SURANG,SURANG,"SURANG,GUWUNG,GANTUNGAN-DA,PEPET,GANTUNGAN-TA-LATIK",1
4320_test.jpg,TALENG,TALENG,"TALENG,RA,ULU,CECEK,GANTUNGAN-A",1
4321_test.jpg,TALENG,TALENG,"TALENG,ADEG-ADEG,5,WU,2",1
4322_test.jpg,SUKU,SUKU,"SUKU,GEMPELAN-PA,SURANG,SUKU-KEMBUNG,NANIA",1
4323_test.jpg,ULU,ULU,"ULU,GANTUNGAN-GA,TALENG,GANTUNGAN-NA,0",1
4324_test.jpg,9,9,"9,DA-MADU,DI,ULU-CANDRA,SI",1
4325_test.jpg,NA,NA,"NA,GANTUNGAN-KA,MA,CA,DA",1
4326_test.jpg,GUWUNG-MACELEK,SUKU-ILUT,"SUKU-ILUT,4,GUWUNG-MACELEK,GANTUNGAN-NA,8",0
4327_test.jpg,BA,1,"1,GANTUNGAN-NYA,BA,NYA,NA-RAMBAT",0
4328_test.jpg,TIA,TIA,"TIA,IA,TU,TRA,TUA",1
4329_test.jpg,GA,GA,"GA,GANTUNGAN-GA,KA,GU,TA",1
432_test.jpg,PEPET,PEPET,"PEPET,GANTUNGAN-DA,GANTUNGAN-GA,GANTUNGAN-MA,DA",1
4330_test.jpg,BA,NYA,"NYA,BA,NA-RAMBAT,GANTUNGAN-NGA,NGA",0
4331_test.jpg,SUKU,SUKU,"SUKU,NANIA,SUKU-KEMBUNG,TEDONG,GU",1
4332_test.jpg,YA,YA,"YA,9,GANTUNGAN-CA,SA,YA-TEDONG",1
4333_test.jpg,WA,WA,"WA,GANTUNGAN-TA,CA,MA,PA",1
4334_test.jpg,ULU,ULU,"ULU,TEDONG,PEPET,GANTUNGAN-GA,ULU-SARI",1
4335_test.jpg,SA,SA,"SA,MA,CA,NIA,LA",1
4336_test.jpg,JA,JA,"JA,BISAH,JU,DA,KU",1
4337_test.jpg,BISAH,TALENG,"TALENG,SUKU,GANTUNGAN-NA,CECEK,BISAH",0
4338_test.jpg,PEPET,PEPET,"PEPET,GANTUNGAN-GA,GANTUNGAN-MA,GA,NA-RAMBAT",1
4339_test.jpg,WA,MA,"MA,PA,WU,8,GEMPELAN-PA",0
433_test.jpg,DA,DA,"DA,BA-KEMBANG,NA,DA-MADU,WA-TEDONG",1
4340_test.jpg,DA,DA,"DA,NA,BA-KEMBANG,ULU-SARI,E-KARA",1
4341_test.jpg,YA,YA,"YA,LA,A,GANTUNGAN-TA-LATIK,SA",1
4342_test.jpg,SUKU,SUKU,"SUKU,4,GANTUNGAN-NA,MU,PU",1
4343_test.jpg,CECEK,CECEK,"CECEK,SUKU,TALENG,ADEG-ADEG,NANIA",1
4344_test.jpg,TU,TU,"TU,TRA,TIA,U,GU",1
4345_test.jpg,TEDONG,TEDONG,"TEDONG,SUKU-ILUT,SUKU,4,CECEK",1
4346_test.jpg,0,0,"0,ULU,ULU-SARI,GANTUNGAN-TA,WA",1
4347_test.jpg,1,1,"1,BA,NYA,GANTUNGAN-BA,TI",1
4348_test.jpg,ULU,ULU,"ULU,CECEK,TALENG,0,GANTUNGAN-TA",1
4349_test.jpg,GANTUNGAN-GA,GA,"GA,GANTUNGAN-GA,GANTUNGAN-KA,GA-TEDONG,GANTUNGAN-LA",0
434_test.jpg,NYA,NYA,"NYA,GA-TEDONG,GANTUNGAN-NYA,GANTUNGAN-BA,GANTUNGAN-NGA",1
4350_test.jpg,CECEK,CECEK,"CECEK,ULU,TALENG,GANTUNGAN-NA,TEDONG",1
4351_test.jpg,BISAH,BISAH,"BISAH,JU,4,TALENG,SUKU-ILUT",1
4352_test.jpg,NANIA,NANIA,"NANIA,IA,NIA,TIA,PAMADA",1
4353_test.jpg,GA,GA,"GA,GANTUNGAN-GA,ULU,PEPET,TA",1
4354_test.jpg,PEPET,PEPET,"PEPET,GANTUNGAN-GA,GANTUNGAN-DA,GANTUNGAN-A,DA",1
4355_test.jpg,TIA,TIA,"TIA,IA,3,2,TUA",1
4356_test.jpg,6,6,"6,GANTUNGAN-DA,E-KARA,JA,GANTUNGAN-A",1
4357_test.jpg,NA,NA,"NA,GANTUNGAN-KA,DA,KA,NU",1
4358_test.jpg,TU,TU,"TU,TRA,RU,U,TIA",1
4359_test.jpg,TA,TA,"TA,TA-TEDONG,TI,TU,A",1
435_test.jpg,ULU,ULU,"ULU,0,GANTUNGAN-MA,ULU-SARI,TALENG",1
4360_test.jpg,NING,SI,"SI,A-KARA,NING,PAMADA,LA-LENGA",0
4361_test.jpg,A,A,"A,GANTUNGAN-A,U,YA,GANTUNGAN-CA",1
4362_test.jpg,LA,LA,"LA,GANTUNGAN-LA,GA-TEDONG,7,GUWUNG-MACELEK",1
4363_test.jpg,SA-SAPA,SA-SAPA,"SA-SAPA,PA,GEMPELAN-SA-SAPA,8,MA",1
4364_test.jpg,TALENG,TALENG,"TALENG,ADEG-ADEG,RU,CECEK,GU",1
4365_test.jpg,TA,TA,"TA,GANTUNGAN-TA,A,TU,KA",1
4366_test.jpg,BA,BA,"BA,GANTUNGAN-BA,NYA,1,NA-RAMBAT",1
4367_test.jpg,ULU,ULU,"ULU,TEDONG,ULU-SARI,GU,PEPET",1
4368_test.jpg,A,A,"A,U,LA,GA,GANTUNGAN-GA",1
4369_test.jpg,ADEG-ADEG,ADEG-ADEG,"ADEG-ADEG,SUKU,NANIA,GNA,SURANG",1
436_test.jpg,GA,GA,"GA,BA,KA,RA,GANTUNGAN-GA",1
4370_test.jpg,NGA,NGA,"NGA,GANTUNGAN-NGA,A,NYA,6",1
4371_test.jpg,WA,WA,"WA,GANTUNGAN-TA,CA,5,GANTUNGAN-JA",1
4372_test.jpg,WA,WA,"WA,PA,GANTUNGAN-TA,TA-TAWA,CA",1
4373_test.jpg,TEDONG,TEDONG,"TEDONG,SUKU-ILUT,4,GANTUNGAN-GA,ULU",1
4374_test.jpg,SA,SA,"SA,CA,KA,NA-TEDONG,GANTUNGAN-CA",1
4375_test.jpg,ADEG-ADEG,ADEG-ADEG,"ADEG-ADEG,SUKU,NANIA,GNA,RI",1
4376_test.jpg,TEDONG,TEDONG,"TEDONG,ULU-RICEM,ULU-SARI,GANTUNGAN-KA,SA-SAGA",1
4377_test.jpg,ADEG-ADEG,ADEG-ADEG,"ADEG-ADEG,TALENG,RA,RU,NANIA",1
4378_test.jpg,NING,NING,"NING,SI,KI,A-KARA,NI",1
4379_test.jpg,ADEG-ADEG,ADEG-ADEG,"ADEG-ADEG,5,GNA,RI,I-KARA",1
437_test.jpg,GANTUNGAN-KA,KA,"KA,NA-TEDONG,GANTUNGAN-KA,KA-TEDONG,NA",0
4380_test.jpg,BA,BA,"BA,NA-RAMBAT,GANTUNGAN-BA,GANTUNGAN-NGA,NGA",1
4381_test.jpg,KA,KA,"KA,NA-RAMBAT,SA-SAGA,KU,BA",1
4382_test.jpg,GANTUNGAN-A,GANTUNGAN-A,"GANTUNGAN-A,GANTUNGAN-DA,6,DA,BA-KEMBANG",1
4383_test.jpg,8,WU,"WU,PU,MU,TA-TAWA,8",0
4384_test.jpg,ADEG-ADEG,ADEG-ADEG,"ADEG-ADEG,SUKU,GNA,NANIA,RI",1
4385_test.jpg,ADEG-ADEG,TALENG,"TALENG,RA,WU,RU,5",0
4386_test.jpg,LA,LA,"LA,GANTUNGAN-LA,YA,7,SA",1
4387_test.jpg,ULU,ULU,"ULU,TALENG,RA,ULU-SARI,NA",1
4388_test.jpg,BISAH,BISAH,"BISAH,4,JU,SUKU-ILUT,MU",1
4389_test.jpg,A,A,"A,U,GA,LA,NA-RAMBAT",1
438_test.jpg,CECEK,CECEK,"CECEK,ULU,BISAH,TALENG,TEDONG",1
4390_test.jpg,A,A,"A,U,NA-RAMBAT,GA,LA",1
4391_test.jpg,NA,NA,"NA,MA,GANTUNGAN-KA,DA,ULU-SARI",1
4392_test.jpg,KA,KA,"KA,KU,NIA,KRA,KNA",1
4393_test.jpg,SUKU,SUKU,"SUKU,GANTUNGAN-NA,TALENG,PU,NANIA",1
4394_test.jpg,GANTUNGAN-JA,GANTUNGAN-JA,"GANTUNGAN-JA,GANTUNGAN-TA,GANTUNGAN-TA-LATIK,TA,WA",1
4395_test.jpg,KA,KA,"KA,KU,NA-RAMBAT,SA-SAGA,BA",1
4396_test.jpg,RA,RA,"RA,GANTUNGAN-TA,WA,CECEK,TALENG",1
4397_test.jpg,LA,JA,"JA,I-KARA,NGA,RA,NA",0
4398_test.jpg,TEDONG,TEDONG,"TEDONG,GU,RU,NU,ADEG-ADEG",1
4399_test.jpg,NGA,NGA,"NGA,WA-TEDONG,A,GANTUNGAN-NGA,GANTUNGAN-GA",1
439_test.jpg,CECEK,CECEK,"CECEK,BISAH,TALENG,ULU,TEDONG",1
43_test.jpg,TA,TA,"TA,TU,TI,GANTUNGAN-TA,WA",1
4400_test.jpg,TALENG,TALENG,"TALENG,U,GANTUNGAN-A,ULU,RA",1
4401_test.jpg,PEPET,PEPET,"PEPET,DA,GANTUNGAN-KA,JA,JA-TEDONG",1
4402_test.jpg,NGU,NGU,"NGU,2,CU,KU,3",1
4403_test.jpg,TU,TU,"TU,BA,U,1,GANTUNGAN-BA",1
4404_test.jpg,ADEG-ADEG,ADEG-ADEG,"ADEG-ADEG,TALENG,RA,SUKU,BISAH",1
4405_test.jpg,WA,WA,"WA,WI,DA-MADU,GANTUNGAN-TA,WA-TEDONG",1
4406_test.jpg,KA,KA,"KA,KA-TEDONG,KU,SA-SAGA,KI",1
4407_test.jpg,NA,NA,"NA,GANTUNGAN-KA,CA,NA-TEDONG,KA",1
4408_test.jpg,WA,SA,"SA,GEMPELAN-SA-SAPA,CECEK,LA,GANTUNGAN-NA",0
4409_test.jpg,LA,LA,"LA,GA,GANTUNGAN-LA,SA,BA",1
440_test.jpg,NA,NA,"NA,BA-KEMBANG,DA,MA,GANTUNGAN-MA",1
4410_test.jpg,DU,DU,"DU,NU,CU,NGU,NIA",1
4411_test.jpg,PEPET,PEPET,"PEPET,GANTUNGAN-GA,ULU-RICEM,GANTUNGAN-DA,DA",1
4412_test.jpg,GA,GA,"GA,LA,SA-SAGA,GANTUNGAN-GA,TA",1
4413_test.jpg,RA,RA,"RA,GANTUNGAN-TA,WA,RA-TEDONG,4",1
4414_test.jpg,CECEK,CECEK,"CECEK,ULU,TALENG,GANTUNGAN-NA,BISAH",1
4415_test.jpg,GA,GA,"GA,SA-SAGA,LA,GANTUNGAN-GA,TA",1
4416_test.jpg,DA,DA,"DA,NA,BA-KEMBANG,I-KARA,JA",1
4417_test.jpg,TEDONG,TEDONG,"TEDONG,ADEG-ADEG,RA,CECEK,GANTUNGAN-NA",1
4418_test.jpg,BISAH,BISAH,"BISAH,TALENG,4,CECEK,ADEG-ADEG",1
4419_test.jpg,JA,JA,"JA,GANTUNGAN-NA,PEPET,SA-SAGA,NA",1
441_test.jpg,BA,BA,"BA,NA-RAMBAT,GANTUNGAN-BA,GANTUNGAN-NYA,BU",1
4420_test.jpg,DA,DA,"DA,ULU-SARI,NA,GUWUNG-MACELEK,GANTUNGAN-JA",1
4421_test.jpg,BA-KEMBANG,NA,"NA,BA-KEMBANG,DA,GANTUNGAN-KA,RA",0
4422_test.jpg,RA-TEDONG,RA,"RA,RA-TEDONG,GANTUNGAN-GA,WA,TA-TEDONG",0
4423_test.jpg,NA,NA,"NA,GANTUNGAN-KA,DA,KA,JA",1
4424_test.jpg,LA,LA,"LA,GANTUNGAN-LA,7,A,GA-TEDONG",1
4425_test.jpg,ULU,ULU,"ULU,PEPET,GANTUNGAN-GA,GANTUNGAN-DA,CECEK",1
4426_test.jpg,LA,LA,"LA,SA,7,NIA,SU",1
4427_test.jpg,NGA,NGA,"NGA,GANTUNGAN-KA,NA-TEDONG,KA,GANTUNGAN-BA",1
4428_test.jpg,PA,PA,"PA,MA,GEMPELAN-PA,GEMPELAN-SA-SAPA,SA-SAPA",1
4429_test.jpg,GA,GA,"GA,GANTUNGAN-GA,JA,PEPET,GU",1
442_test.jpg,4,BISAH,"BISAH,4,CECEK,TALENG,SUKU-ILUT",0
4430_test.jpg,PA,PA,"PA,MA,SA-SAPA,8,PU",1
4431_test.jpg,MA,MA,"MA,MA-TEDONG,PI,A-KARA,PA",1
4432_test.jpg,PEPET,PEPET,"PEPET,GANTUNGAN-MA,ULU,ULU-RICEM,GANTUNGAN-GA",1
4433_test.jpg,ULU-SARI,ULU-SARI,"ULU-SARI,ULU-RICEM,NA,DA,GANTUNGAN-TA-TAWA",1
4434_test.jpg,WA,WA,"WA,DA,5,DA-MADU,TA-TAWA",1
4435_test.jpg,ULU,ULU,"ULU,GANTUNGAN-MA,GRA,GANTUNGAN-NA,GANTUNGAN-GA",1
4436_test.jpg,SURANG,SURANG,"SURANG,GANTUNGAN-NA,GANTUNGAN-MA,TALENG,GUWUNG",1
4437_test.jpg,GA,GA,"GA,SA-SAGA,GU,NA-RAMBAT,TA",1
4438_test.jpg,BISAH,BISAH,"BISAH,TALENG,ADEG-ADEG,JU,RA",1
4439_test.jpg,TEDONG,TEDONG,"TEDONG,SUKU-KEMBUNG,ULU,PEPET,GU",1
443_test.jpg,ADEG-ADEG,ADEG-ADEG,"ADEG-ADEG,SUKU,NANIA,TALENG,RU",1
4440_test.jpg,LU,LU,"LU,PU,LA,SU,GU",1
4441_test.jpg,ULU-SARI,ULU-SARI,"ULU-SARI,GANTUNGAN-MA,ULU,0,NA",1
4442_test.jpg,TALENG,TALENG,"TALENG,GU,BISAH,JU,CECEK",1
4443_test.jpg,NA,NA,"NA,GANTUNGAN-KA,DA,BA-KEMBANG,JA",1
4444_test.jpg,A,A,"A,U,NA-RAMBAT,GANTUNGAN-GA,GANTUNGAN-A",1
4445_test.jpg,A,A,"A,GANTUNGAN-A,U,GANTUNGAN-GA,GANTUNGAN-LA",1
4446_test.jpg,TALENG,TALENG,"TALENG,U,GANTUNGAN-A,GANTUNGAN-DA,TU",1
4447_test.jpg,SURANG,SURANG,"SURANG,GANTUNGAN-MA,GANTUNGAN-NA,TALENG,GANTUNGAN-TA-LATIK",1
4448_test.jpg,GANTUNGAN-TA,GANTUNGAN-TA,"GANTUNGAN-TA,TA,GANTUNGAN-A,GANTUNGAN-JA,MA-TEDONG",1
4449_test.jpg,NGA,RA-TEDONG,"RA-TEDONG,RA,NGA,TA-TEDONG,GANTUNGAN-NGA",0
444_test.jpg,RA,RA,"RA,RA-TEDONG,MA,5,NGA",1
4450_test.jpg,NANIA,NANIA,"NANIA,IA,NIA,SUKU,TIA",1
4451_test.jpg,NA-RAMBAT,NA-RAMBAT,"NA-RAMBAT,GANTUNGAN-LA,KA,GANTUNGAN-BA,A",1
4452_test.jpg,LA,LA,"LA,SA-SAGA,GANTUNGAN-LA,GA-TEDONG,SA",1
4453_test.jpg,GANTUNGAN-TA,TA,"TA,GANTUNGAN-TA,WA,KA,TA-TEDONG",0
4454_test.jpg,BISAH,BISAH,"BISAH,4,TALENG,CECEK,JU",1
4455_test.jpg,ULU,ULU,"ULU,GANTUNGAN-MA,PEPET,GANTUNGAN-GA,SUKU-KEMBUNG",1
4456_test.jpg,KU,KU,"KU,KNA,NIA,KRA,GU",1
4457_test.jpg,7,7,"7,LA,LU,1,KA",1
4458_test.jpg,GANTUNGAN-KA,NA,"NA,GANTUNGAN-KA,DA,ULU-SARI,KA",0
4459_test.jpg,NA,NA,"NA,GANTUNGAN-KA,MA,CA,BA-KEMBANG",1
445_test.jpg,CECEK,CECEK,"CECEK,SUKU,TALENG,NANIA,MU",1
4460_test.jpg,ULU-RICEM,TEDONG,"TEDONG,ULU-SARI,ULU-RICEM,PEPET,SA-SAGA",0
4461_test.jpg,TA,TA,"TA,TU,BA,TA-TEDONG,TI",1
4462_test.jpg,CECEK,CECEK,"CECEK,TALENG,ULU,BISAH,TEDONG",1
4463_test.jpg,ADEG-ADEG,ADEG-ADEG,"ADEG-ADEG,5,MI,RA-TEDONG,RI",1
4464_test.jpg,ULU,ULU,"ULU,GANTUNGAN-TA,GANTUNGAN-A,GANTUNGAN-GA,ULU-SARI",1
4465_test.jpg,LA,LA,"LA,GANTUNGAN-LA,7,GA-TEDONG,GANTUNGAN-GA",1
4466_test.jpg,PEPET,PEPET,"PEPET,NA-RAMBAT,TA,BA,GANTUNGAN-BA",1
4467_test.jpg,CECEK,CECEK,"CECEK,ULU,BISAH,TALENG,TEDONG",1
4468_test.jpg,BISAH,BISAH,"BISAH,TALENG,SURANG,ADEG-ADEG,GRA",1
4469_test.jpg,TA,TA,"TA,TU,A,BA,TI",1
446_test.jpg,BI,NI,"NI,DI,KI,SI,A-KARA",0
4470_test.jpg,TALENG,TALENG,"TALENG,BISAH,ADEG-ADEG,2,NGU",1
4471_test.jpg,NA,NA,"NA,GANTUNGAN-KA,CA,DA,KA",1
4472_test.jpg,TALENG,TALENG,"TALENG,CECEK,RA,BISAH,ULU",1
4473_test.jpg,DA,DA,"DA,NA,BA-KEMBANG,JA,DA-MADU",1
4474_test.jpg,YA,YA,"YA,9,SA,LA,YA-TEDONG",1
4475_test.jpg,GANTUNGAN-NGA,NGA,"NGA,GANTUNGAN-A,GANTUNGAN-NGA,A,RA",0
4476_test.jpg,GA,GA,"GA,GANTUNGAN-GA,BA,NA-RAMBAT,GU",1
4477_test.jpg,TRA,TRA,"TRA,TIA,TUA,WRE,GUWUNG-MACELEK",1
4478_test.jpg,LA,LA,"LA,GANTUNGAN-GA,GA-TEDONG,SA-SAGA,GANTUNGAN-MA",1
4479_test.jpg,BA,BA,"BA,NA-RAMBAT,KA,TA,GANTUNGAN-BA",1
447_test.jpg,NANIA,NANIA,"NANIA,TEDONG,PA,SUKU,GEMPELAN-PA",1
4480_test.jpg,BISAH,BISAH,"BISAH,TALENG,CECEK,ADEG-ADEG,4",1
4481_test.jpg,TU,TU,"TU,TRA,TIA,KU,TUA",1
4482_test.jpg,NGA,NGA,"NGA,GANTUNGAN-NGA,A,RA-TEDONG,NGU",1
4483_test.jpg,TA,TA,"TA,TU,KA,BA,GANTUNGAN-TA",1
4484_test.jpg,GA,GA,"GA,TA,GANTUNGAN-GA,KA,LA",1
4485_test.jpg,ULU,ULU,"ULU,TEDONG,PEPET,SUKU-KEMBUNG,TALENG",1
4486_test.jpg,WA,WA,"WA,GANTUNGAN-TA,WA-TEDONG,GANTUNGAN-JA,CA",1
4487_test.jpg,YA,YA,"YA,LA,ULU-CANDRA,GANTUNGAN-TA-LATIK,SA",1
4488_test.jpg,CECEK,CECEK,"CECEK,BISAH,TALENG,TEDONG,ULU",1
4489_test.jpg,BA,BA,"BA,NA-RAMBAT,GANTUNGAN-BA,NYA,GANTUNGAN-NYA",1
448_test.jpg,JA,JA,"JA,BISAH,GANTUNGAN-NA,6,SA-SAGA",1
4490_test.jpg,SUKU,SUKU,"SUKU,NANIA,U,GU,SU",1
4491_test.jpg,ADEG-ADEG,ADEG-ADEG,"ADEG-ADEG,SUKU,NANIA,SURANG,GNA",1
4492_test.jpg,YA,YA,"YA,LA,ULU-CANDRA,SA,GANTUNGAN-TA-LATIK",1
4493_test.jpg,BA,5,"5,I,RU,KU,NIA",0
4494_test.jpg,SURANG,GANTUNGAN-DA,"GANTUNGAN-DA,SURANG,PEPET,GANTUNGAN-TA-LATIK,NA-RAMBAT",0
4495_test.jpg,RA,RA,"RA,TALENG,WA,GANTUNGAN-TA,RA-TEDONG",1
4496_test.jpg,BISAH,BISAH,"BISAH,MU,E-KARA,4,PU",1
4497_test.jpg,ULU,ULU,"ULU,TEDONG,ADEG-ADEG,CECEK,GU",1
4498_test.jpg,DA,DA,"DA,BA-KEMBANG,NA,ULU-RICEM,DA-TEDONG",1
4499_test.jpg,SA,SA,"SA,CA,NA,KA,A-KARA",1
449_test.jpg,DA,BA-KEMBANG,"BA-KEMBANG,DA,NA,DA-TEDONG,GANTUNGAN-A",0
44_test.jpg,WA,WA,"WA,PA,WI,GANTUNGAN-TA,GUWUNG-MACELEK",1
4500_test.jpg,RA,RA,"RA,WA,RA-TEDONG,MA,5",1
4501_test.jpg,ADEG-ADEG,ADEG-ADEG,"ADEG-ADEG,SUKU,GNA,RU,NANIA",1
4502_test.jpg,NA,NA,"NA,GANTUNGAN-KA,CA,KA,SA",1
4503_test.jpg,NANIA,NANIA,"NANIA,IA,NIA,PAMADA,TUA",1
4504_test.jpg,SURANG,SUKU,"SUKU,SURANG,GANTUNGAN-NA,SUKU-KEMBUNG,PEPET",0
4505_test.jpg,MA,MA,"MA,SA,PA,RA,NANIA",1
4506_test.jpg,MA,MA,"MA,SA-SAPA,MA-TEDONG,PA,PI",1
4507_test.jpg,TRA,TRA,"TRA,WRE,TUA,TIA,NIA",1
4508_test.jpg,WA,WA,"WA,PA,GRA,0,GUWUNG-MACELEK",1
4509_test.jpg,BA-KEMBANG,BA-KEMBANG,"BA-KEMBANG,DA,NA,NA-RAMBAT,DA-MADU",1
450_test.jpg,NU,NU,"NU,KU,KNA,NIA,CU",1
4510_test.jpg,BA,A,"A,6,NGA,NA-RAMBAT,JA-TEDONG",0
4511_test.jpg,GA,GA,"GA,GANTUNGAN-GA,SA-SAGA,LA,PEPET",1
4512_test.jpg,BRA,BRA,"BRA,GRA,KRA,TRA,SUKU-KEMBUNG",1
4513_test.jpg,ADEG-ADEG,ADEG-ADEG,"ADEG-ADEG,RA,RI,TALENG,BISAH",1
4514_test.jpg,NA,NA,"NA,GANTUNGAN-KA,NA-TEDONG,DA,KA-TEDONG",1
4515_test.jpg,YA,YA,"YA,LA,GANTUNGAN-TA-LATIK,A,ULU-CANDRA",1
4516_test.jpg,GANTUNGAN-TA,GANTUNGAN-TA,"GANTUNGAN-TA,GANTUNGAN-A,PA,MA,ULU",1
4517_test.jpg,BA,KA,"KA,GA,BA,NA-RAMBAT,LA",0
4518_test.jpg,YA,YA,"YA,A,LA,GANTUNGAN-TA-LATIK,NGA",1
4519_test.jpg,GANTUNGAN-NA,GANTUNGAN-NA,"GANTUNGAN-NA,SUKU,2,SU,SI",1
451_test.jpg,0,0,"0,ULU,4,CECEK,TEDONG",1
4520_test.jpg,JNA,JNA,"JNA,KNA,GANTUNGAN-NA,4,2",1
4521_test.jpg,JA,JA,"JA,RA,SA-SAGA,I-KARA,GANTUNGAN-NA",1
4522_test.jpg,JA,JA,"JA,GANTUNGAN-NA,NA,JA-TEDONG,SA-SAGA",1
4523_test.jpg,SUKU,SUKU,"SUKU,WU,NANIA,IA,SUKU-KEMBUNG",1
4524_test.jpg,ULU,ULU,"ULU,0,GANTUNGAN-MA,SUKU-KEMBUNG,PEPET",1
4525_test.jpg,JA,JA,"JA,RA,4,BISAH,DU",1
4526_test.jpg,TA,WA,"WA,TA,GANTUNGAN-TA,WI,TA-TEDONG",0
4527_test.jpg,SURANG,SURANG,"SURANG,GANTUNGAN-NA,GANTUNGAN-LA,GANTUNGAN-MA,CECEK",1
4528_test.jpg,TU,TU,"TU,TRA,BU,TIA,3",1
4529_test.jpg,DA,DA,"DA,BA-KEMBANG,DA-MADU,NA,TA-TAWA",1
452_test.jpg,PEPET,PEPET,"PEPET,ULU,GANTUNGAN-KA,DA,GANTUNGAN-DA",1
4530_test.jpg,TU,TU,"TU,TRA,TIA,U,RU",1
4531_test.jpg,GU,GU,"GU,LU,KU,GNA,U",1
4532_test.jpg,TA,TA,"TA,TU,TA-TEDONG,BA,WA",1
4533_test.jpg,BA-KEMBANG,NA,"NA,BA-KEMBANG,DA,PEPET,GI",0
4534_test.jpg,BA,BA,"BA,GANTUNGAN-BA,NGA,LA,KA",1
4535_test.jpg,SA,SA,"SA,CA,LA,7,GANTUNGAN-LA",1
4536_test.jpg,BA,BA,"BA,NA-RAMBAT,NYA,GANTUNGAN-BA,GANTUNGAN-NGA",1
4537_test.jpg,SUKU,CECEK,"CECEK,SUKU,GEMPELAN-SA-SAPA,GEMPELAN-PA,NANIA",0
4538_test.jpg,I-KARA,I-KARA,"I-KARA,GNA,2,LA-LENGA,5",1
4539_test.jpg,ADEG-ADEG,ADEG-ADEG,"ADEG-ADEG,SUKU,NANIA,CECEK,TALENG",1
453_test.jpg,WA,WA,"WA,WI,TA-TAWA,GUWUNG-MACELEK,A",1
4540_test.jpg,YA,YA,"YA,9,GANTUNGAN-CA,A,SA",1
4541_test.jpg,NANIA,NANIA,"NANIA,IA,NGU,U,NIA",1
4542_test.jpg,NGA,RA-TEDONG,"RA-TEDONG,NGA,GANTUNGAN-NGA,GANTUNGAN-BA,WA-TEDONG",0
4543_test.jpg,DA,DA,"DA,NA,BA-KEMBANG,TA-TAWA,ULU-SARI",1
4544_test.jpg,WA,WA,"WA,GANTUNGAN-TA,PA,0,DA",1
4545_test.jpg,GA,GA,"GA,PEPET,GANTUNGAN-GA,LA,TA",1
4546_test.jpg,NA,NA,"NA,DA,BA-KEMBANG,ULU-SARI,GANTUNGAN-KA",1
4547_test.jpg,KU,KU,"KU,GU,NIA,NU,KNA",1
4548_test.jpg,NANIA,NANIA,"NANIA,IA,NIA,8,SUKU-KEMBUNG",1
4549_test.jpg,KU,KU,"KU,NIA,KNA,KRA,NU",1
454_test.jpg,BISAH,BISAH,"BISAH,TALENG,ADEG-ADEG,CECEK,RA",1
4550_test.jpg,DA-MADU,YA,"YA,LA,SA,ULU-CANDRA,9",0
4551_test.jpg,NANIA,SUKU,"SUKU,NANIA,CECEK,ADEG-ADEG,TEDONG",0
4552_test.jpg,SA,SA,"SA,YA,CA,GANTUNGAN-LA,7",1
4553_test.jpg,A-KARA,A-KARA,"A-KARA,SI,SA,NING,SA-SAPA",1
4554_test.jpg,MA,MA,"MA,SA-SAPA,MA-TEDONG,GEMPELAN-SA-SAPA,PA",1
4555_test.jpg,WA,WA,"WA,PA,GANTUNGAN-TA,GANTUNGAN-JA,MA",1
4556_test.jpg,GANTUNGAN-A,GANTUNGAN-A,"GANTUNGAN-A,GANTUNGAN-DA,A,GANTUNGAN-GA,NGA",1
4557_test.jpg,MA,MA,"MA,MA-TEDONG,PA,PI,SA-SAPA",1
4558_test.jpg,0,0,"0,ULU,ULU-SARI,SUKU-ILUT,GANTUNGAN-TA",1
4559_test.jpg,A,NGA,"NGA,A,8,GEMPELAN-SA-SAPA,TA-TAWA",0
455_test.jpg,TALENG,TALENG,"TALENG,NU,DU,CECEK,BISAH",1
4560_test.jpg,ULU,TEDONG,"TEDONG,ULU-SARI,PEPET,GI,TA-TEDONG",0
4561_test.jpg,ADEG-ADEG,ADEG-ADEG,"ADEG-ADEG,5,RI,GNA,I-KARA",1
4562_test.jpg,ADEG-ADEG,ADEG-ADEG,"ADEG-ADEG,SUKU,NANIA,GNA,TALENG",1
4563_test.jpg,YA,YA,"YA,9,SA,LA,A",1
4564_test.jpg,PA,PA,"PA,WA,MA,SA,GANTUNGAN-TA-LATIK",1
4565_test.jpg,ADEG-ADEG,ADEG-ADEG,"ADEG-ADEG,SUKU,RU,GNA,NANIA",1
4566_test.jpg,BI,BI,"BI,TI,I,GI,NGI",1
4567_test.jpg,NA,NA,"NA,BA-KEMBANG,DA,MA,GANTUNGAN-KA",1
4568_test.jpg,NA-TEDONG,NA-TEDONG,"NA-TEDONG,KA-TEDONG,KI,NI,KA",1
4569_test.jpg,KA,KA,"KA,KU,BA,GANTUNGAN-KA,NA-RAMBAT",1
456_test.jpg,NA,NA,"NA,DA,GANTUNGAN-KA,BA-KEMBANG,CA",1
4570_test.jpg,WA,WA,"WA,WI,GUWUNG-MACELEK,WA-TEDONG,TA-TAWA",1
4571_test.jpg,WA,WA,"WA,WI,PA,GANTUNGAN-TA,A",1
4572_test.jpg,TA,TA,"TA,BA,TU,KA,A",1
4573_test.jpg,TA,TA,"TA,A,GANTUNGAN-TA,WA-TEDONG,BA",1
4574_test.jpg,DA,DA,"DA,BA-KEMBANG,NA,SA-SAGA,DA-MADU",1
4575_test.jpg,TEDONG,ULU,"ULU,CECEK,TEDONG,GU,TALENG",0
4576_test.jpg,RA,RA,"RA,RA-TEDONG,WA,RU,ADEG-ADEG",1
4577_test.jpg,TA-TEDONG,TA-TEDONG,"TA-TEDONG,A-TEDONG,TI,GA-TEDONG,NYA",1
4578_test.jpg,GANTUNGAN-NA,GANTUNGAN-NA,"GANTUNGAN-NA,2,SUKU,MU,KNA",1
4579_test.jpg,DA,DA-MADU,"DA-MADU,TA-TAWA,DA,GANTUNGAN-CA,DA-TEDONG",0
457_test.jpg,MA,MA,"MA,PI,SA-SAPA,MA-TEDONG,PA",1
4580_test.jpg,TEDONG,TEDONG,"TEDONG,CECEK,ULU,ADEG-ADEG,GU",1
4581_test.jpg,GA,GA,"GA,GANTUNGAN-GA,LA,SA-SAGA,BA",1
4582_test.jpg,TA,TA,"TA,GANTUNGAN-TA,TU,A,WA",1
4583_test.jpg,8,PA,"PA,8,7,PI,0",0
4584_test.jpg,SA,SA,"SA,CA,MA,A-KARA,NA",1
4585_test.jpg,CECEK,CECEK,"CECEK,ULU,TALENG,TEDONG,BISAH",1
4586_test.jpg,RA,RA,"RA,RA-TEDONG,WA,CECEK,TALENG",1
4587_test.jpg,TA,TA,"TA,TA-TEDONG,A,TU,BA",1
4588_test.jpg,SURANG,SURANG,"SURANG,CECEK,GANTUNGAN-NA,BISAH,TALENG",1
4589_test.jpg,PEPET,PEPET,"PEPET,GANTUNGAN-GA,GANTUNGAN-DA,GANTUNGAN-MA,GANTUNGAN-A",1
458_test.jpg,LA,LA,"LA,GANTUNGAN-GA,GUWUNG-MACELEK,GA,SA-SAGA",1
4590_test.jpg,YA,YA,"YA,9,A,GANTUNGAN-CA,GANTUNGAN-A",1
4591_test.jpg,I-KARA,I-KARA,"I-KARA,3,2,KNA,GNA",1
4592_test.jpg,MA,MA,"MA,GANTUNGAN-MA,GEMPELAN-SA-SAPA,8,GANTUNGAN-TA-LATIK",1
4593_test.jpg,GUWUNG,GUWUNG,"GUWUNG,GUWUNG-MACELEK,GANTUNGAN-LA,ULU-CANDRA,SUKU-KEMBUNG",1
4594_test.jpg,JA,JA,"JA,JA-TEDONG,GANTUNGAN-NA,PEPET,BISAH",1
4595_test.jpg,SA,SA,"SA,CA,7,LA,A-KARA",1
4596_test.jpg,ADEG-ADEG,ADEG-ADEG,"ADEG-ADEG,SUKU,NANIA,GNA,RI",1
4597_test.jpg,MA,MA,"MA,NANIA,GEMPELAN-SA-SAPA,MA-TEDONG,GEMPELAN-PA",1
4598_test.jpg,GANTUNGAN-TA,GANTUNGAN-TA,"GANTUNGAN-TA,GANTUNGAN-CA,GANTUNGAN-JA,GANTUNGAN-A,GANTUNGAN-DA",1
4599_test.jpg,DA,DA,"DA,BA-KEMBANG,DA-MADU,YA,NA",1
459_test.jpg,A,A,"A,U,LA,WA-TEDONG,MA-TEDONG",1
45_test.jpg,LA,LA,"LA,GANTUNGAN-LA,7,GA-TEDONG,LU",1
4600_test.jpg,KA,KA,"KA,BA,NA-RAMBAT,KU,GA",1
4601_test.jpg,NA,NA,"NA,BA-KEMBANG,DA,CA,GANTUNGAN-KA",1
4602_test.jpg,NGA,NGA,"NGA,GANTUNGAN-NGA,A,WA-TEDONG,TA-TAWA",1
4603_test.jpg,GUWUNG,GUWUNG,"GUWUNG,GANTUNGAN-MA,GUWUNG-MACELEK,SURANG,GANTUNGAN-LA",1
4604_test.jpg,TU,TU,"TU,TRA,U,TIA,LU",1
4605_test.jpg,SUKU-KEMBUNG,SUKU-KEMBUNG,"SUKU-KEMBUNG,NANIA,TUA,WUA,BRA",1
4606_test.jpg,A,A,"A,U,NA-RAMBAT,TA,BA",1
4607_test.jpg,WA,WA,"WA,WI,PA,0,GRA",1
4608_test.jpg,GA,GA,"GA,GANTUNGAN-GA,SA-SAGA,NA-RAMBAT,GU",1
4609_test.jpg,LA,LA,"LA,GANTUNGAN-LA,GANTUNGAN-BA,A,SA",1
460_test.jpg,TALENG,TALENG,"TALENG,U,GANTUNGAN-A,6,DU",1
4610_test.jpg,KA,KA,"KA,KA-TEDONG,GANTUNGAN-KA,KU,NA-RAMBAT",1
4611_test.jpg,CECEK,CECEK,"CECEK,ULU,TEDONG,TALENG,BISAH",1
4612_test.jpg,BA,BA,"BA,GANTUNGAN-NGA,GANTUNGAN-BA,NA-RAMBAT,NYA",1
4613_test.jpg,DA,DA,"DA,BA-KEMBANG,NA,DA-MADU,GANTUNGAN-A",1
4614_test.jpg,KA,KA,"KA,KA-TEDONG,GANTUNGAN-KA,NA-TEDONG,KU",1
4615_test.jpg,0,0,"0,ULU,ULU-SARI,GANTUNGAN-TA,GANTUNGAN-GA",1
4616_test.jpg,MU,MU,"MU,PU,WU,SU,TUA",1
4617_test.jpg,BISAH,BISAH,"BISAH,JU,TALENG,ADEG-ADEG,NU",1
4618_test.jpg,TU,TU,"TU,U,TRA,RU,BU",1
4619_test.jpg,TA,TA,"TA,TA-TEDONG,TU,TI,A",1
461_test.jpg,NA,NA,"NA,MA,BA-KEMBANG,GANTUNGAN-KA,CA",1
4620_test.jpg,ADEG-ADEG,ADEG-ADEG,"ADEG-ADEG,CECEK,BISAH,SUKU,NANIA",1
4621_test.jpg,CECEK,CECEK,"CECEK,ULU,TEDONG,TALENG,BISAH",1
4622_test.jpg,NGA,NGA,"NGA,BU,NGU,RA-TEDONG,NA-TEDONG",1
4623_test.jpg,YA,9,"9,YA,SA-SAPA,LA,TA-TAWA",0
4624_test.jpg,RA,RA,"RA,RU,TALENG,WU,U",1
4625_test.jpg,NANIA,NANIA,"NANIA,SUKU,TEDONG,GU,SUKU-KEMBUNG",1
4626_test.jpg,PA,PA,"PA,GEMPELAN-PA,SA,GANTUNGAN-TA-LATIK,WA",1
4627_test.jpg,NA,NA,"NA,CA,SA,GANTUNGAN-KA,MA",1
4628_test.jpg,LA,LA,"LA,SA,GANTUNGAN-LA,7,YA",1
4629_test.jpg,YA,YA,"YA,A,GANTUNGAN-CA,9,NGA",1
462_test.jpg,GANTUNGAN-TA-TAWA,4,"4,SUKU-ILUT,8,0,WI",0
4630_test.jpg,TALENG,TALENG,"TALENG,GANTUNGAN-A,RA,I-KARA,ULU",1
4631_test.jpg,PEPET,PEPET,"PEPET,E-KARA,GANTUNGAN-TA-LATIK,U-KARA,DA",1
4632_test.jpg,DA,DA,"DA,BA-KEMBANG,DA-MADU,NA,DA-TEDONG",1
4633_test.jpg,BISAH,BISAH,"BISAH,JU,DU,NU,4",1
4634_test.jpg,GEMPELAN-PA,MA,"MA,GEMPELAN-PA,PA,NANIA,NIA",0
4635_test.jpg,CECEK,CECEK,"CECEK,ULU,TEDONG,BISAH,TALENG",1
4636_test.jpg,NANIA,8,"8,TA-TAWA,ULU-CANDRA,PU,A",0
4637_test.jpg,TU,TU,"TU,TRA,TIA,TUA,BU",1
4638_test.jpg,6,GANTUNGAN-DA,"GANTUNGAN-DA,E-KARA,6,GANTUNGAN-A,GANTUNGAN-GA",0
4639_test.jpg,KA-TEDONG,KA-TEDONG,"KA-TEDONG,KA,NA-TEDONG,DA-TEDONG,NA-RAMBAT-TEDONG",1
463_test.jpg,LA,LA,"LA,GANTUNGAN-LA,GANTUNGAN-GA,GA-TEDONG,7",1
4640_test.jpg,BISAH,BISAH,"BISAH,TALENG,4,CECEK,ADEG-ADEG",1
4641_test.jpg,MA,MA,"MA,MA-TEDONG,SA-SAPA,A-KARA,GEMPELAN-SA-SAPA",1
4642_test.jpg,BA-KEMBANG,BA-KEMBANG,"BA-KEMBANG,DA,DA-MADU,NA,A-KARA",1
4643_test.jpg,NANIA,NANIA,"NANIA,IA,NIA,PAMADA,SUKU",1
4644_test.jpg,TA,TA,"TA,BA,TU,A,KA",1
4645_test.jpg,BISAH,BISAH,"BISAH,TALENG,ADEG-ADEG,CECEK,4",1
4646_test.jpg,NGA,NGA,"NGA,GANTUNGAN-NGA,NA-TEDONG,NYA,GA-TEDONG",1
4647_test.jpg,NA,NA,"NA,BA-KEMBANG,GANTUNGAN-KA,CA,SA",1
4648_test.jpg,TU,TU,"TU,TRA,TIA,U,BU",1
4649_test.jpg,BA,BA,"BA,GANTUNGAN-BA,1,GANTUNGAN-NGA,NGA",1
464_test.jpg,TEDONG,TEDONG,"TEDONG,GANTUNGAN-GA,ULU,PEPET,GA",1
4650_test.jpg,ULU,ULU,"ULU,GANTUNGAN-MA,SUKU-KEMBUNG,PEPET,GANTUNGAN-GA",1
4651_test.jpg,PU,PU,"PU,SA,GEMPELAN-SA-SAPA,NANIA,GEMPELAN-PA",1
4652_test.jpg,GA,GA,"GA,TA,NA-RAMBAT,GU,GANTUNGAN-GA",1
4653_test.jpg,WUA,WUA,"WUA,WRE,WU,TUA,WI",1
4654_test.jpg,TU,TU,"TU,WU,TIA,TRA,U",1
4655_test.jpg,DA,DA,"DA,TA-TAWA,BA-KEMBANG,GUWUNG-MACELEK,ULU-RICEM",1
4656_test.jpg,GUWUNG,GUWUNG,"GUWUNG,GUWUNG-MACELEK,SURANG,GANTUNGAN-LA,GANTUNGAN-MA",1
4657_test.jpg,MA,MA,"MA,PI,WU,NIA,PA",1
4658_test.jpg,GANTUNGAN-MA,GANTUNGAN-MA,"GANTUNGAN-MA,SURANG,TALENG,GANTUNGAN-NA,GANTUNGAN-TA-LATIK",1
4659_test.jpg,BISAH,BISAH,"BISAH,TALENG,JU,4,ADEG-ADEG",1
465_test.jpg,JA-TEDONG,JA-TEDONG,"JA-TEDONG,KA-TEDONG,GA-TEDONG,LA-TEDONG,A-KARA",1
4660_test.jpg,KA,KA,"KA,KA-TEDONG,NA-RAMBAT,BA,SA-SAGA",1
4661_test.jpg,GANTUNGAN-TA,CA,"CA,GANTUNGAN-TA,MA,WA,GANTUNGAN-CA",0
4662_test.jpg,KA,KA,"KA,KA-TEDONG,NA-RAMBAT,GANTUNGAN-BA,KU",1
4663_test.jpg,A,A,"A,U,NA-RAMBAT,GA,LA",1
4664_test.jpg,SUKU,SUKU,"SUKU,NANIA,IA,NIA,SUKU-KEMBUNG",1
4665_test.jpg,BISAH,BISAH,"BISAH,TALENG,JU,GANTUNGAN-NA,ADEG-ADEG",1
4666_test.jpg,U,U,"U,YU,TU,LU,NGU",1
4667_test.jpg,WA,WA,"WA,0,WI,GRA,PA",1
4668_test.jpg,TEDONG,TEDONG,"TEDONG,ULU-SARI,GU,SA-SAGA,ADEG-ADEG",1
4669_test.jpg,BA,BA,"BA,NA-RAMBAT,GANTUNGAN-NGA,NGA,GANTUNGAN-BA",1
466_test.jpg,SURANG,SURANG,"SURANG,GANTUNGAN-NA,TALENG,GANTUNGAN-TA-LATIK,GANTUNGAN-MA",1
4670_test.jpg,MA,MA,"MA,SA-SAPA,GEMPELAN-SA-SAPA,A-KARA,MA-TEDONG",1
4671_test.jpg,NU,NU,"NU,DU,KU,SU,CU",1
4672_test.jpg,TALENG,TALENG,"TALENG,U,JU,GANTUNGAN-A,DU",1
4673_test.jpg,NYA,NYA,"NYA,GANTUNGAN-NYA,NA-RAMBAT-TEDONG,KA-TEDONG,GANTUNGAN-NGA",1
4674_test.jpg,TALENG,TALENG,"TALENG,DA,ULU,RA,GANTUNGAN-A",1
4675_test.jpg,KU,KU,"KU,KRA,KA,NA-RAMBAT,GU",1
4676_test.jpg,NANIA,NANIA,"NANIA,SUKU,NIA,SU,IA",1
4677_test.jpg,ULU,ULU,"ULU,SUKU-KEMBUNG,PEPET,GANTUNGAN-GA,GANTUNGAN-MA",1
4678_test.jpg,GANTUNGAN-TA,WA,"WA,GANTUNGAN-TA,TA-TAWA,DA-MADU,MA",0
4679_test.jpg,RA,RA,"RA,RA-TEDONG,MA,MA-TEDONG,GANTUNGAN-GA",1
467_test.jpg,A,A,"A,U,NA-RAMBAT,TA,GA",1
4680_test.jpg,CECEK,CECEK,"CECEK,ULU,BISAH,SUKU,TEDONG",1
4681_test.jpg,BA,BA,"BA,KA,NA-RAMBAT,GANTUNGAN-BA,TA",1
4682_test.jpg,BA,BA,"BA,NGA,NYA,A-KARA,TI",1
4683_test.jpg,GANTUNGAN-KA,GANTUNGAN-KA,"GANTUNGAN-KA,NA,KA-TEDONG,GANTUNGAN-TA,KA",1
4684_test.jpg,BISAH,BISAH,"BISAH,JU,4,TALENG,MU",1
4685_test.jpg,LA,LA,"LA,GANTUNGAN-LA,GANTUNGAN-GA,7,GA-TEDONG",1
4686_test.jpg,LA,KA,"KA,LA,GANTUNGAN-LA,KA-TEDONG,SA-SAGA",0
4687_test.jpg,CECEK,ULU,"ULU,GANTUNGAN-MA,TALENG,PEPET,GANTUNGAN-GA",0
4688_test.jpg,KU,KU,"KU,U,BU,LU,YU",1
4689_test.jpg,TA,TA,"TA,A,BA,U,NA-RAMBAT",1
468_test.jpg,JNA,JNA,"JNA,4,GANTUNGAN-NA,NI,SI",1
4690_test.jpg,DA,DA-MADU,"DA-MADU,9,DA-TEDONG,DI,A-KARA",0
4691_test.jpg,LA,LA,"LA,GANTUNGAN-LA,A,7,YA",1
4692_test.jpg,PA,PA,"PA,LA,8,GUWUNG-MACELEK,NIA",1
4693_test.jpg,GANTUNGAN-NGA,2,"2,NA-RAMBAT,GANTUNGAN-NYA,BU,3",0
4694_test.jpg,JA,JA,"JA,RA,JA-TEDONG,SA-SAGA,GANTUNGAN-NA",1
4695_test.jpg,NU,NU,"NU,KU,CU,NIA,SU",1
4696_test.jpg,BA,BA,"BA,GANTUNGAN-BA,SUKU,SA,GANTUNGAN-LA",1
4697_test.jpg,MU,MU,"MU,PU,WU,SU,WUA",1
4698_test.jpg,ULU,ULU,"ULU,GANTUNGAN-MA,PEPET,SUKU-KEMBUNG,GANTUNGAN-GA",1
4699_test.jpg,NGU,NGU,"NGU,RU,NIA,TRA,IA",1
469_test.jpg,NGA,NGA,"NGA,A,GANTUNGAN-NGA,WA-TEDONG,NA-TEDONG",1
46_test.jpg,I-KARA,I-KARA,"I-KARA,DA,DU,A,NGA",1
4700_test.jpg,RA,RA,"RA,RU,RA-TEDONG,MA,MA-TEDONG",1
4701_test.jpg,SA,SA,"SA,CA,NA,KA,7",1
4702_test.jpg,CECEK,CECEK,"CECEK,ULU,TEDONG,TALENG,BISAH",1
4703_test.jpg,E-KARA,GANTUNGAN-DA,"GANTUNGAN-DA,GANTUNGAN-A,GANTUNGAN-GA,6,A",0
4704_test.jpg,TA,TA,"TA,BA,KA,TU,NA-RAMBAT",1
4705_test.jpg,TEDONG,TEDONG,"TEDONG,SUKU,SUKU-ILUT,GU,4",1
4706_test.jpg,BA,BA,"BA,GANTUNGAN-BA,NA-RAMBAT,NYA,GANTUNGAN-NGA",1
4707_test.jpg,A,A,"A,LA,GA,U,NA-RAMBAT",1
4708_test.jpg,TALENG,TALENG,"TALENG,NGU,U,GU,RA",1
4709_test.jpg,NA,GANTUNGAN-MA,"GANTUNGAN-MA,NA,GANTUNGAN-KA,DA,GANTUNGAN-TA",0
470_test.jpg,BA,BA,"BA,NGA,NA-RAMBAT,GANTUNGAN-NGA,GANTUNGAN-BA",1
4710_test.jpg,TALENG,BISAH,"BISAH,CECEK,TALENG,SUKU,ADEG-ADEG",0
4711_test.jpg,PEPET,PEPET,"PEPET,GANTUNGAN-MA,ULU-SARI,ULU-RICEM,GUWUNG-MACELEK",1
4712_test.jpg,ADEG-ADEG,ADEG-ADEG,"ADEG-ADEG,SUKU,NANIA,RI,CECEK",1
4713_test.jpg,BA,BA,"BA,NA-RAMBAT,KA,TA,A",1
4714_test.jpg,SA,SA,"SA,7,LA,CA,LI",1
4715_test.jpg,TA,TA,"TA,GANTUNGAN-TA,KA,TI,TU",1
4716_test.jpg,LA,LA,"LA,7,GANTUNGAN-LA,GA-TEDONG,LU",1
4717_test.jpg,MA,MA,"MA,A-KARA,SA-SAPA,GEMPELAN-SA-SAPA,MA-TEDONG",1
4718_test.jpg,GA,GA,"GA,GANTUNGAN-GA,GU,SA-SAGA,NA-RAMBAT",1
4719_test.jpg,YA,YA,"YA,SA,9,LA,8",1
471_test.jpg,A-TEDONG,A,"A,A-TEDONG,U,GANTUNGAN-A,GANTUNGAN-NGA",0
4720_test.jpg,JA,JA,"JA,DA,GANTUNGAN-KA,BISAH,6",1
4721_test.jpg,NGA,NGA,"NGA,A,7,GANTUNGAN-NGA,LA-TEDONG",1
4722_test.jpg,ULU-CANDRA,ULU-CANDRA,"ULU-CANDRA,ULU-RICEM,GUWUNG,GUWUNG-MACELEK,GEMPELAN-PA",1
4723_test.jpg,GANTUNGAN-A,GANTUNGAN-A,"GANTUNGAN-A,A,GANTUNGAN-GA,GANTUNGAN-DA,NGA",1
4724_test.jpg,NA-RAMBAT-TEDONG,NA-RAMBAT-TEDONG,"NA-RAMBAT-TEDONG,NA-RAMBAT,GANTUNGAN-NYA,GANTUNGAN-NGA,GANTUNGAN-A",1
4725_test.jpg,TA,WA,"WA,TA,GANTUNGAN-TA,WA-TEDONG,CA",0
4726_test.jpg,TU,TU,"TU,TRA,TIA,BU,U",1
4727_test.jpg,NANIA,NANIA,"NANIA,SUKU,NIA,IA,MU",1
4728_test.jpg,JA,JA,"JA,RA,SA-SAGA,GANTUNGAN-NA,NA",1
4729_test.jpg,DA,DA,"DA,BA-KEMBANG,YA,TA-TAWA,DA-MADU",1
472_test.jpg,NANIA,NANIA,"NANIA,IA,PAMADA,NIA,TIA",1
4730_test.jpg,CECEK,CECEK,"CECEK,TALENG,BISAH,ULU,TEDONG",1
4731_test.jpg,LA,LA,"LA,SA,7,GANTUNGAN-LA,YA",1
4732_test.jpg,SA,SA,"SA,CA,YA,GEMPELAN-SA-SAPA,LA",1
4733_test.jpg,MA,MA,"MA,MA-TEDONG,SA-SAPA,A-KARA,PI",1
4734_test.jpg,JA,JA,"JA,KU,KA,4,JA-TEDONG",1
4735_test.jpg,U-KARA,U-KARA,"U-KARA,I-KARA,3,GNA,2",1
4736_test.jpg,RA,RA,"RA,RA-TEDONG,GANTUNGAN-TA,WA,GANTUNGAN-KA",1
4737_test.jpg,CECEK,CECEK,"CECEK,TEDONG,RA,ADEG-ADEG,RU",1
4738_test.jpg,NGA,NGA,"NGA,GANTUNGAN-NGA,NYA,JA,GANTUNGAN-KA",1
4739_test.jpg,DA-MADU,DA-MADU,"DA-MADU,DA-TEDONG,BA-KEMBANG,TA-TAWA,DA",1
473_test.jpg,PA,PA,"PA,GANTUNGAN-TA-LATIK,GANTUNGAN-MA,LA,GUWUNG-MACELEK",1
4740_test.jpg,KNA,KNA,"KNA,NIA,KU,GNA,SA-SAGA",1
4741_test.jpg,LA,LA,"LA,GANTUNGAN-LA,7,GA-TEDONG,GANTUNGAN-GA",1
4742_test.jpg,NANIA,NANIA,"NANIA,IA,TUA,MU,RU",1
4743_test.jpg,JA,JA,"JA,KU,GANTUNGAN-KA,KA,RA",1
4744_test.jpg,LU,LU,"LU,MU,YU,SU,PU",1
4745_test.jpg,RA,RA,"RA,WA,CA,5,MA",1
4746_test.jpg,ULU,ULU,"ULU,0,GANTUNGAN-MA,WA,SUKU-KEMBUNG",1
4747_test.jpg,BA,BA,"BA,KA,NA-RAMBAT,A,GANTUNGAN-BA",1
4748_test.jpg,NANIA,NANIA,"NANIA,IA,SUKU,RU,PAMADA",1
4749_test.jpg,LA,LA,"LA,GA-TEDONG,LA-TEDONG,7,GA",1
474_test.jpg,TALENG,TALENG,"TALENG,ADEG-ADEG,BISAH,SUKU,SURANG",1
4750_test.jpg,A,A,"A,GANTUNGAN-A,U,YA,GANTUNGAN-CA",1
4751_test.jpg,NYA,NA-RAMBAT-TEDONG,"NA-RAMBAT-TEDONG,NYA,KA-TEDONG,GANTUNGAN-NYA,A-TEDONG",0
4752_test.jpg,NANIA,NANIA,"NANIA,IA,NIA,PA,GUWUNG",1
4753_test.jpg,SURANG,SURANG,"SURANG,GUWUNG,GANTUNGAN-MA,GANTUNGAN-TA-LATIK,GANTUNGAN-LA",1
4754_test.jpg,ULU,ULU,"ULU,GANTUNGAN-TA,GANTUNGAN-TA-LATIK,0,WA",1
4755_test.jpg,ADEG-ADEG,ADEG-ADEG,"ADEG-ADEG,NANIA,RU,SUKU,GU",1
4756_test.jpg,CECEK,CECEK,"CECEK,BISAH,TALENG,ADEG-ADEG,ULU",1
4757_test.jpg,PA,PA,"PA,GEMPELAN-PA,SA,GEMPELAN-SA-SAPA,GANTUNGAN-TA-LATIK",1
4758_test.jpg,PA,PA,"PA,GEMPELAN-PA,SA,ULU,8",1
4759_test.jpg,NGA,NGA,"NGA,GANTUNGAN-NGA,A,GANTUNGAN-A,GANTUNGAN-BA",1
475_test.jpg,WA,WA,"WA,PA,WI,CA,7",1
4760_test.jpg,TEDONG,TEDONG,"TEDONG,SUKU-ILUT,ULU,GU,4",1
4761_test.jpg,ADEG-ADEG,ADEG-ADEG,"ADEG-ADEG,NANIA,TALENG,SURANG,5",1
4762_test.jpg,CECEK,CECEK,"CECEK,BISAH,GANTUNGAN-NA,TALENG,ULU",1
4763_test.jpg,RA,RA,"RA,GANTUNGAN-A,MA-TEDONG,GANTUNGAN-TA,MA",1
4764_test.jpg,NA,NA,"NA,DA,GANTUNGAN-KA,CA,KA",1
4765_test.jpg,TA,TA,"TA,BA,KA,TU,A",1
4766_test.jpg,TU,TU,"TU,TIA,WU,TRA,MU",1
4767_test.jpg,WA,WA,"WA,PA,GANTUNGAN-TA,WI,CA",1
4768_test.jpg,GA-TEDONG,GA,"GA,GA-TEDONG,GANTUNGAN-GA,TA-TEDONG,LA",0
4769_test.jpg,GEMPELAN-PA,GEMPELAN-PA,"GEMPELAN-PA,PA,0,SUKU-ILUT,TEDONG",1
476_test.jpg,KNA,KNA,"KNA,LA-LENGA,GANTUNGAN-NA,2,NING",1
4770_test.jpg,LA,LA,"LA,GANTUNGAN-LA,YA,A,7",1
4771_test.jpg,WA,WA,"WA,0,PA,GRA,PI",1
4772_test.jpg,NGA,A,"A,NGA,U,NA-RAMBAT,SA-SAGA",0
4773_test.jpg,WA,WA,"WA,MA,CA,5,WA-TEDONG",1
4774_test.jpg,WA,WA,"WA,GANTUNGAN-TA,GANTUNGAN-JA,CA,5",1
4775_test.jpg,GA,GA,"GA,GANTUNGAN-GA,BA,LA,1",1
4776_test.jpg,KA,KA,"KA,NA-RAMBAT,KA-TEDONG,BA,KU",1
4777_test.jpg,TALENG,TALENG,"TALENG,RA,GANTUNGAN-A,ULU,CECEK",1
4778_test.jpg,WUA,WUA,"WUA,WRE,TUA,WU,TRA",1
4779_test.jpg,ULU,PEPET,"PEPET,ULU,GANTUNGAN-GA,GANTUNGAN-MA,SUKU-KEMBUNG",0
477_test.jpg,GA,GA,"GA,GANTUNGAN-GA,GU,BA,NA-RAMBAT",1
4780_test.jpg,BISAH,BISAH,"BISAH,TALENG,ADEG-ADEG,CECEK,4",1
4781_test.jpg,GNA,GNA,"GNA,GU,NA,GRA,KNA",1
4782_test.jpg,KA,KA,"KA,KU,NA-RAMBAT,SA-SAGA,JA",1
4783_test.jpg,PEPET,PEPET,"PEPET,GANTUNGAN-GA,GANTUNGAN-MA,ULU,GANTUNGAN-DA",1
4784_test.jpg,LA,LA,"LA,YA,A,SA,GUWUNG-MACELEK",1
4785_test.jpg,TA,TA,"TA,WA,TU,WA-TEDONG,TA-TEDONG",1
4786_test.jpg,TALENG,TALENG,"TALENG,U,TU,NGU,WU",1
4787_test.jpg,BA-KEMBANG,BA-KEMBANG,"BA-KEMBANG,DA,NA,ULU-RICEM,ULU-SARI",1
4788_test.jpg,GANTUNGAN-TA-LATIK,GANTUNGAN-TA-LATIK,"GANTUNGAN-TA-LATIK,SURANG,8,GANTUNGAN-A,GANTUNGAN-CA",1
4789_test.jpg,TALENG,TALENG,"TALENG,U,GANTUNGAN-A,TU,A",1
478_test.jpg,ULU-CANDRA,GANTUNGAN-TA-LATIK,"GANTUNGAN-TA-LATIK,GANTUNGAN-TA,GUWUNG-MACELEK,GANTUNGAN-CA,8",0
4790_test.jpg,SA,SA,"SA,CA,A-KARA,LA,7",1
4791_test.jpg,PU,PU,"PU,WU,MU,LU,SU",1
4792_test.jpg,SUKU,SUKU,"SUKU,GANTUNGAN-NA,4,CECEK,NANIA",1
4793_test.jpg,TEDONG,TEDONG,"TEDONG,SUKU-ILUT,SUKU,4,GU",1
4794_test.jpg,ULU,ULU,"ULU,0,GANTUNGAN-MA,GANTUNGAN-GA,ULU-SARI",1
4795_test.jpg,TA,TA,"TA,A,WA-TEDONG,U,GANTUNGAN-TA",1
4796_test.jpg,ADEG-ADEG,ADEG-ADEG,"ADEG-ADEG,SUKU,SURANG,TALENG,BISAH",1
4797_test.jpg,GANTUNGAN-DA,GANTUNGAN-A,"GANTUNGAN-A,GANTUNGAN-DA,GANTUNGAN-GA,GANTUNGAN-CA,6",0
4798_test.jpg,TEDONG,TEDONG,"TEDONG,GANTUNGAN-GA,GA,RA,SUKU-ILUT",1
4799_test.jpg,BA,BA,"BA,NGA,GANTUNGAN-NGA,NYA,GANTUNGAN-BA",1
479_test.jpg,NGA,NGA,"NGA,A,DA,TA-TAWA,GANTUNGAN-NGA",1
47_test.jpg,YA,YA,"YA,SA,LA,ULU-CANDRA,GANTUNGAN-TA-LATIK",1
4800_test.jpg,DA,DA,"DA,ULU-RICEM,DA-MADU,TA-TAWA,I-KARA",1
4801_test.jpg,WA,WA,"WA,GANTUNGAN-TA,CA,WA-TEDONG,GANTUNGAN-CA",1
4802_test.jpg,YA,YA,"YA,SA,LA,ULU-CANDRA,9",1
4803_test.jpg,ULU,ULU,"ULU,ULU-SARI,0,GANTUNGAN-GA,GANTUNGAN-TA",1
4804_test.jpg,BU,BU,"BU,NA-RAMBAT,U,1,LU",1
4805_test.jpg,CECEK,BISAH,"BISAH,CECEK,GANTUNGAN-DA,SURANG,PEPET",0
4806_test.jpg,BA,BA,"BA,NA-RAMBAT,A,GANTUNGAN-NGA,GANTUNGAN-BA",1
4807_test.jpg,TU,TU,"TU,TRA,TIA,BU,KU",1
4808_test.jpg,DA,DA,"DA,BA-KEMBANG,NA,DA-MADU,TA-TAWA",1
4809_test.jpg,WA,WA,"WA,GANTUNGAN-TA,WA-TEDONG,0,DA",1
480_test.jpg,ADEG-ADEG,ADEG-ADEG,"ADEG-ADEG,RU,RA,5,WU",1
4810_test.jpg,BA,BA,"BA,NA-RAMBAT,BU,GANTUNGAN-BA,KU",1
4811_test.jpg,NANIA,NANIA,"NANIA,IA,TUA,NIA,TIA",1
4812_test.jpg,KA,KA,"KA,GANTUNGAN-KA,KA-TEDONG,KU,NA",1
4813_test.jpg,MA,MA,"MA,A-KARA,SA-SAPA,DA-MADU,4",1
4814_test.jpg,SI,SI,"SI,DI,NI,PI,LI",1
4815_test.jpg,WA,WA,"WA,GANTUNGAN-TA,CA,GANTUNGAN-CA,WA-TEDONG",1
4816_test.jpg,DA,DA,"DA,BA-KEMBANG,NA,DA-MADU,DA-TEDONG",1
4817_test.jpg,TA,TA,"TA,WA-TEDONG,TA-TEDONG,NGA,GANTUNGAN-TA",1
4818_test.jpg,LI,LI,"LI,SI,PI,7,KI",1
4819_test.jpg,TALENG,TALENG,"TALENG,GU,CECEK,RA,BISAH",1
481_test.jpg,CECEK,CECEK,"CECEK,ULU,BISAH,TALENG,RA",1
4820_test.jpg,JA,JA,"JA,RA,I-KARA,DA,GANTUNGAN-NA",1
4821_test.jpg,GA-TEDONG,NYA,"NYA,GANTUNGAN-NYA,PEPET,KA-TEDONG,GANTUNGAN-NGA",0
4822_test.jpg,JA,JA,"JA,DA,WA-TEDONG,A,SA-SAGA",1
4823_test.jpg,SA,SA,"SA,CA,LA,NA,GANTUNGAN-TA",1
4824_test.jpg,SURANG,SURANG,"SURANG,GANTUNGAN-TA-LATIK,GANTUNGAN-MA,GANTUNGAN-JA,8",1
4825_test.jpg,MU,MU,"MU,WU,PU,SU,BISAH",1
4826_test.jpg,NA,KA,"KA,NA-RAMBAT,TU,GANTUNGAN-CA,SA",0
4827_test.jpg,BA,BA,"BA,1,GANTUNGAN-BA,NA-RAMBAT,NYA",1
4828_test.jpg,DA,DA,"DA,NA,DA-MADU,BA-KEMBANG,DU",1
4829_test.jpg,BA,BA,"BA,GANTUNGAN-BA,TA,LA,NYA",1
482_test.jpg,WA,WA,"WA,GANTUNGAN-TA,SUKU-KEMBUNG,0,6",1
4830_test.jpg,DU,DU,"DU,I-KARA,TALENG,YU,CU",1
4831_test.jpg,JA,JA,"JA,BISAH,GANTUNGAN-KA,DA,RA",1
4832_test.jpg,ULU,ULU,"ULU,0,ULU-SARI,WA,GANTUNGAN-TA",1
4833_test.jpg,NIA,NIA,"NIA,NANIA,PAMADA,KNA,IA",1
4834_test.jpg,PEPET,PEPET,"PEPET,GANTUNGAN-MA,ULU,ULU-SARI,SUKU-KEMBUNG",1
4835_test.jpg,SUKU,SUKU,"SUKU,NANIA,PU,MU,GANTUNGAN-NA",1
4836_test.jpg,A,A,"A,U,GA,NA-RAMBAT,GANTUNGAN-GA",1
4837_test.jpg,PA,PA,"PA,8,GANTUNGAN-TA-LATIK,SA,GEMPELAN-PA",1
4838_test.jpg,GANTUNGAN-DA,GANTUNGAN-DA,"GANTUNGAN-DA,E-KARA,6,GUWUNG,GANTUNGAN-LA",1
4839_test.jpg,TU,TU,"TU,TRA,TIA,BU,U",1
483_test.jpg,CECEK,CECEK,"CECEK,ADEG-ADEG,BISAH,TEDONG,NANIA",1
4840_test.jpg,CECEK,CECEK,"CECEK,BISAH,TALENG,ULU,TEDONG",1
4841_test.jpg,MA,MA,"MA,PA,SA-SAPA,PI,GEMPELAN-PA",1
4842_test.jpg,YA,YA,"YA,9,YA-TEDONG,ULU-CANDRA,GANTUNGAN-TA-LATIK",1
4843_test.jpg,MA,MA,"MA,GEMPELAN-SA-SAPA,SA-SAPA,MA-TEDONG,8",1
4844_test.jpg,GANTUNGAN-A,GANTUNGAN-A,"GANTUNGAN-A,A,GANTUNGAN-GA,NGA,GANTUNGAN-NGA",1
4845_test.jpg,ULU,ULU,"ULU,0,GANTUNGAN-MA,ULU-SARI,TALENG",1
4846_test.jpg,PEPET,PEPET,"PEPET,GANTUNGAN-KA,GANTUNGAN-TA,DA,GANTUNGAN-MA",1
4847_test.jpg,BISAH,BISAH,"BISAH,ADEG-ADEG,TALENG,4,RI",1
4848_test.jpg,GANTUNGAN-LA,GANTUNGAN-LA,"GANTUNGAN-LA,LA,GANTUNGAN-DA,7,SA",1
4849_test.jpg,CECEK,CECEK,"CECEK,TALENG,BISAH,ULU,ADEG-ADEG",1
484_test.jpg,TEDONG,TEDONG,"TEDONG,SUKU-ILUT,SUKU,GU,4",1
4850_test.jpg,BA,BA,"BA,TA,GANTUNGAN-BA,NA-RAMBAT,GA",1
4851_test.jpg,SUKU,GANTUNGAN-NA,"GANTUNGAN-NA,SUKU,CECEK,2,JNA",0
4852_test.jpg,TA,TA,"TA,GA,BA,A,KA",1
4853_test.jpg,TEDONG,TEDONG,"TEDONG,ULU,SUKU-ILUT,PEPET,GANTUNGAN-GA",1
4854_test.jpg,NANIA,NANIA,"NANIA,SUKU,IA,NIA,GU",1
4855_test.jpg,DA,DA,"DA,DA-MADU,NA,E-KARA,BA-KEMBANG",1
4856_test.jpg,WA,WA,"WA,GANTUNGAN-TA,GANTUNGAN-CA,A,WI",1
4857_test.jpg,KA,KA,"KA,KA-TEDONG,KU,GANTUNGAN-KA,SA-SAGA",1
4858_test.jpg,TEDONG,TEDONG,"TEDONG,GU,SUKU,ADEG-ADEG,CECEK",1
4859_test.jpg,YA,YA,"YA,ULU-CANDRA,LA,SA,GANTUNGAN-TA-LATIK",1
485_test.jpg,NGA,NGA,"NGA,GANTUNGAN-A,A,DA-TEDONG,GANTUNGAN-GA",1
4860_test.jpg,SA,SA,"SA,CA,GEMPELAN-SA-SAPA,LA,A-KARA",1
4861_test.jpg,NANIA,NANIA,"NANIA,SUKU,NIA,MU,IA",1
4862_test.jpg,GNA,GNA,"GNA,JI,GEMPELAN-SA-SAPA,NING,LA-LENGA",1
4863_test.jpg,SUKU,SUKU,"SUKU,GEMPELAN-PA,0,I,TEDONG",1
4864_test.jpg,NANIA,ADEG-ADEG,"ADEG-ADEG,NANIA,SUKU,RA-TEDONG,RA",0
4865_test.jpg,PEPET,PEPET,"PEPET,GANTUNGAN-MA,SUKU-KEMBUNG,ULU-SARI,E-KARA",1
4866_test.jpg,NA,NA,"NA,GANTUNGAN-KA,CA,SA,KA",1
4867_test.jpg,RA,RA,"RA,MA,CA,5,RA-TEDONG",1
4868_test.jpg,ULU,ULU,"ULU,PEPET,ULU-SARI,GANTUNGAN-MA,GANTUNGAN-TA",1
4869_test.jpg,A,A,"A,U,LA,YA,WA-TEDONG",1
486_test.jpg,ADEG-ADEG,ADEG-ADEG,"ADEG-ADEG,NANIA,RA,5,CECEK",1
4870_test.jpg,WRE,PI,"PI,WRE,TRA,MA,4",0
4871_test.jpg,ULU,ULU,"ULU,GANTUNGAN-TA,GANTUNGAN-A,DA,ULU-RICEM",1
4872_test.jpg,MA,MA,"MA,RA,MA-TEDONG,PA,MI",1
4873_test.jpg,KA,KA,"KA,KA-TEDONG,GANTUNGAN-KA,SA-SAGA,NA-RAMBAT",1
4874_test.jpg,ULU,GA,"GA,PEPET,ULU,GANTUNGAN-GA,GANTUNGAN-NA",0
4875_test.jpg,SUKU,SUKU,"SUKU,ADEG-ADEG,NANIA,MU,CECEK",1
4876_test.jpg,SUKU,ADEG-ADEG,"ADEG-ADEG,SUKU,RI,CECEK,SI",0
4877_test.jpg,NGA,NGA,"NGA,GANTUNGAN-NGA,DA-TEDONG,A,WA-TEDONG",1
4878_test.jpg,BA,BA,"BA,GANTUNGAN-BA,NYA,1,GANTUNGAN-NGA",1
4879_test.jpg,A,A,"A,U,YA,DA,GANTUNGAN-A",1
487_test.jpg,NA,GANTUNGAN-KA,"GANTUNGAN-KA,NA,KA,CA,KA-TEDONG",0
4880_test.jpg,ADEG-ADEG,ADEG-ADEG,"ADEG-ADEG,TALENG,WU,RA,5",1
4881_test.jpg,KA,KA,"KA,KA-TEDONG,KU,NA-RAMBAT,SA-SAGA",1
4882_test.jpg,SURANG,SURANG,"SURANG,GANTUNGAN-MA,GUWUNG,GANTUNGAN-TA-LATIK,PEPET",1
4883_test.jpg,A,A,"A,U,GA,PA,LA",1
4884_test.jpg,KA-TEDONG,KA-TEDONG,"KA-TEDONG,NA-RAMBAT-TEDONG,KA,TA-TEDONG,NIA",1
4885_test.jpg,1,BA,"BA,1,NYA,GANTUNGAN-BA,LA",0
4886_test.jpg,LU,LU,"LU,PU,SU,YU,LA",1
4887_test.jpg,ADEG-ADEG,ADEG-ADEG,"ADEG-ADEG,RU,SUKU,NANIA,5",1
4888_test.jpg,SURANG,SURANG,"SURANG,GUWUNG,GANTUNGAN-TA-LATIK,GANTUNGAN-MA,GANTUNGAN-JA",1
4889_test.jpg,BA,BA,"BA,GANTUNGAN-BA,NGA,GANTUNGAN-NGA,A",1
488_test.jpg,LA,LA,"LA,GANTUNGAN-LA,7,GUWUNG-MACELEK,GA-TEDONG",1
4890_test.jpg,SURANG,SURANG,"SURANG,CECEK,TALENG,GANTUNGAN-NA,GANTUNGAN-TA-LATIK",1
4891_test.jpg,MA,MA,"MA,PA,MA-TEDONG,SA-SAPA,WA",1
4892_test.jpg,PA,PA,"PA,8,SA,GEMPELAN-PA,GANTUNGAN-TA-LATIK",1
4893_test.jpg,GUWUNG,GUWUNG,"GUWUNG,GUWUNG-MACELEK,NANIA,GANTUNGAN-LA,SUKU-KEMBUNG",1
4894_test.jpg,JA,JA,"JA,RA,BISAH,JA-TEDONG,GANTUNGAN-GA",1
4895_test.jpg,CECEK,CECEK,"CECEK,BISAH,TALENG,4,ADEG-ADEG",1
4896_test.jpg,KA,KA,"KA,TA,NA-RAMBAT,BA,KU",1
4897_test.jpg,ADEG-ADEG,ADEG-ADEG,"ADEG-ADEG,TALENG,CECEK,2,RU",1
4898_test.jpg,DA,DA,"DA,NA,BA-KEMBANG,DA-MADU,JA",1
4899_test.jpg,WA,WA,"WA,GANTUNGAN-TA,PA,0,CA",1
489_test.jpg,GA,GA,"GA,GANTUNGAN-GA,SA-SAGA,LA,NA-RAMBAT",1
48_test.jpg,LA,LA,"LA,SA,A,YA,GUWUNG-MACELEK",1
4900_test.jpg,A,NA-RAMBAT,"NA-RAMBAT,A,GANTUNGAN-LA,GANTUNGAN-BA,BA",0
4901_test.jpg,TU,TU,"TU,NING,KNA,KU,PAMADA",1
4902_test.jpg,TA,TA,"TA,TU,BA,A,TI",1
4903_test.jpg,NYA,NYA,"NYA,GANTUNGAN-NYA,NA-RAMBAT-TEDONG,KA-TEDONG,BA",1
4904_test.jpg,NANIA,NANIA,"NANIA,IA,PAMADA,NIA,TUA",1
4905_test.jpg,YA,YA,"YA,SA,9,LA,DA-MADU",1
4906_test.jpg,MA,MA,"MA,A-KARA,SA-SAPA,MA-TEDONG,GEMPELAN-SA-SAPA",1
4907_test.jpg,SUKU,SUKU,"SUKU,ADEG-ADEG,4,BISAH,RI",1
4908_test.jpg,NANIA,NANIA,"NANIA,IA,TIA,NIA,TUA",1
4909_test.jpg,SA,SA,"SA,MA,CA,GEMPELAN-SA-SAPA,SA-SAPA",1
490_test.jpg,ADEG-ADEG,TALENG,"TALENG,ADEG-ADEG,BISAH,SURANG,NANIA",0
4910_test.jpg,NA,NA,"NA,GANTUNGAN-KA,CA,MA,KA",1
4911_test.jpg,A,A,"A,U,LA,TA,GANTUNGAN-CA",1
4912_test.jpg,MA,MA-TEDONG,"MA-TEDONG,MA,DA,PI,WA-TEDONG",0
4913_test.jpg,WA,WA,"WA,GANTUNGAN-TA,PA,CA,WI",1
4914_test.jpg,ULU,ULU,"ULU,TEDONG,GANTUNGAN-GA,GANTUNGAN-NA,GANTUNGAN-DA",1
4915_test.jpg,WA,WA,"WA,PA,TA-TAWA,WI,DA-MADU",1
4916_test.jpg,TA,A,"A,YA,MA-TEDONG,WA-TEDONG,PA",0
4917_test.jpg,GANTUNGAN-NGA,IA,"IA,TU,U,GANTUNGAN-CA,RA-TEDONG",0
4918_test.jpg,SA,SA,"SA,CA,GANTUNGAN-LA,7,LA",1
4919_test.jpg,BA,BA,"BA,1,A,NGA,LA",1
491_test.jpg,GA,GA,"GA,GANTUNGAN-GA,LA,BA,TA",1
4920_test.jpg,KI,KI,"KI,DI,NI,JI,NGI",1
4921_test.jpg,A,BA,"BA,GANTUNGAN-BA,KA,GANTUNGAN-NGA,NA-RAMBAT",0
4922_test.jpg,MA,MA,"MA,SA-SAPA,MA-TEDONG,PA,GEMPELAN-SA-SAPA",1
4923_test.jpg,CECEK,CECEK,"CECEK,BISAH,SUKU,TALENG,GANTUNGAN-NA",1
4924_test.jpg,TEDONG,TEDONG,"TEDONG,ULU,GANTUNGAN-GA,GU,GA",1
4925_test.jpg,GA,GA,"GA,KA,BA,NA-RAMBAT,LA",1
4926_test.jpg,TEDONG,TEDONG,"TEDONG,ULU,GANTUNGAN-GA,0,SUKU-ILUT",1
4927_test.jpg,TEDONG,TEDONG,"TEDONG,ULU,GU,CECEK,LU",1
4928_test.jpg,TALENG,TALENG,"TALENG,ADEG-ADEG,BISAH,SUKU,NANIA",1
4929_test.jpg,JA,JA,"JA,SA-SAGA,GANTUNGAN-NA,ULU-RICEM,ULU-SARI",1
492_test.jpg,MA,MA,"MA,GEMPELAN-SA-SAPA,SA-SAPA,8,NANIA",1
4930_test.jpg,BA,BA,"BA,GANTUNGAN-BA,1,NA-RAMBAT,BU",1
4931_test.jpg,JA,JA,"JA,KU,BISAH,RA,JU",1
4932_test.jpg,LA,LA,"LA,SA,GANTUNGAN-LA,7,YA",1
4933_test.jpg,PEPET,PEPET,"PEPET,GANTUNGAN-MA,ULU,ULU-SARI,GANTUNGAN-DA",1
4934_test.jpg,MA,MA,"MA,MA-TEDONG,SA-SAPA,PA,GEMPELAN-SA-SAPA",1
4935_test.jpg,GANTUNGAN-NGA,GANTUNGAN-BA,"GANTUNGAN-BA,BA,GANTUNGAN-NGA,GA,GANTUNGAN-LA",0
4936_test.jpg,SA,SA,"SA,CA,MA,7,NA",1
4937_test.jpg,DI,DI,"DI,BI,NGI,JI,I",1
4938_test.jpg,CECEK,CECEK,"CECEK,SURANG,GANTUNGAN-NA,SUKU,TALENG",1
4939_test.jpg,TALENG,TALENG,"TALENG,BISAH,SUKU,GANTUNGAN-NA,NANIA",1
493_test.jpg,PA,MA,"MA,RA,PA,WA,GANTUNGAN-TA",0
4940_test.jpg,BA,BA,"BA,GANTUNGAN-NGA,A,NGA,NA-RAMBAT",1
4941_test.jpg,BISAH,BISAH,"BISAH,4,JU,TALENG,CECEK",1
4942_test.jpg,NANIA,NANIA,"NANIA,NIA,IA,PA,SUKU-KEMBUNG",1
4943_test.jpg,GA,GA,"GA,GU,BA,LA,GANTUNGAN-GA",1
4944_test.jpg,JA,JU,"JU,DU,JA,GRA,TRA",0
4945_test.jpg,YA,YA-TEDONG,"YA-TEDONG,YA,9,GANTUNGAN-CA,NA-RAMBAT",0
4946_test.jpg,SA,SA,"SA,CA,LA,7,A-KARA",1
4947_test.jpg,GANTUNGAN-NGA,NGA,"NGA,GANTUNGAN-NGA,A,NA-RAMBAT,GANTUNGAN-BA",0
4948_test.jpg,JA,JA,"JA,RA,SA-SAGA,JU,6",1
4949_test.jpg,CA,CA,"CA,A-KARA,SA,DA-MADU,NA",1
494_test.jpg,NGA,NGA,"NGA,GANTUNGAN-TA,DA-MADU,GANTUNGAN-A,TA-TAWA",1
4950_test.jpg,NA,NA,"NA,BA-KEMBANG,MA,NYA,GANTUNGAN-KA",1
4951_test.jpg,A,A,"A,A-TEDONG,GANTUNGAN-A,GANTUNGAN-LA,U",1
4952_test.jpg,A,A,"A,GANTUNGAN-A,GANTUNGAN-NGA,NGA,BA",1
4953_test.jpg,JA,JA,"JA,JU,BISAH,LU,GU",1
4954_test.jpg,LA-TEDONG,LA-TEDONG,"LA-TEDONG,GANTUNGAN-TA,WA-TEDONG,MA-TEDONG,GA-TEDONG",1
4955_test.jpg,NI,NI,"NI,DI,NING,SI,KI",1
4956_test.jpg,ADEG-ADEG,ADEG-ADEG,"ADEG-ADEG,RA,NANIA,TALENG,SUKU",1
4957_test.jpg,BISAH,BISAH,"BISAH,TALENG,4,CECEK,JU",1
4958_test.jpg,KU,KU,"KU,LU,BU,NA-RAMBAT,KA",1
4959_test.jpg,SA,SA,"SA,CA,7,NA-TEDONG,A-KARA",1
495_test.jpg,JA,JA,"JA,KU,KA,1,4",1
4960_test.jpg,WA,WA,"WA,GANTUNGAN-TA,WI,PA,6",1
4961_test.jpg,NGA,NGA,"NGA,DU,TA-TAWA,A,GANTUNGAN-NGA",1
4962_test.jpg,YA-TEDONG,YA-TEDONG,"YA-TEDONG,YA,9,A,DA-TEDONG",1
4963_test.jpg,NYA,NYA,"NYA,PEPET,KA-TEDONG,TA-TEDONG,JA-TEDONG",1
4964_test.jpg,SA,SA,"SA,CA,GANTUNGAN-LA,GANTUNGAN-CA,GANTUNGAN-TA",1
4965_test.jpg,CECEK,CECEK,"CECEK,ULU,TALENG,BISAH,TEDONG",1
4966_test.jpg,E-KARA,E-KARA,"E-KARA,GANTUNGAN-DA,6,U-KARA,GANTUNGAN-JA",1
4967_test.jpg,NA,GANTUNGAN-KA,"GANTUNGAN-KA,NA,DA,GANTUNGAN-GA,JA-TEDONG",0
4968_test.jpg,MA,MA,"MA,PA,MA-TEDONG,SA-SAPA,PI",1
4969_test.jpg,DA,DA,"DA,WA-TEDONG,TA-TAWA,NGA,BA-KEMBANG",1
496_test.jpg,GA,GA,"GA,GANTUNGAN-GA,LA,NA-RAMBAT,GU",1
4970_test.jpg,PAMADA,PAMADA,"PAMADA,KNA,NING,LA-LENGA,NIA",1
4971_test.jpg,CECEK,CECEK,"CECEK,TALENG,BISAH,ULU,SUKU",1
4972_test.jpg,NYA,GANTUNGAN-NYA,"GANTUNGAN-NYA,NYA,KA-TEDONG,GANTUNGAN-LA,NA-RAMBAT-TEDONG",0
4973_test.jpg,TEDONG,TEDONG,"TEDONG,GU,SUKU,SUKU-ILUT,RU",1
4974_test.jpg,RU,RU,"RU,RA,TU,NANIA,NGA",1
4975_test.jpg,WA,WA,"WA,PA,WI,A,GUWUNG-MACELEK",1
4976_test.jpg,DA,DA,"DA,BA-KEMBANG,NA,JA,ULU-RICEM",1
4977_test.jpg,PEPET,PEPET,"PEPET,GANTUNGAN-MA,GANTUNGAN-GA,ULU,SUKU-KEMBUNG",1
4978_test.jpg,WI,WI,"WI,PI,WUA,MI,NANIA",1
4979_test.jpg,BI,BI,"BI,I,TI,1,NGI",1
497_test.jpg,TEDONG,TEDONG,"TEDONG,ULU,GU,SUKU-ILUT,ADEG-ADEG",1
4980_test.jpg,NGI,NI,"NI,KI,JI,NGI,GNA",0
4981_test.jpg,TEDONG,TEDONG,"TEDONG,GU,0,RA,4",1
4982_test.jpg,KA,KA,"KA,KA-TEDONG,KU,SA-SAGA,KI",1
4983_test.jpg,JA,JA,"JA,JU,GU,GRA,NU",1
4984_test.jpg,I-KARA,I-KARA,"I-KARA,2,5,WU,DU",1
4985_test.jpg,TA,TA,"TA,A,BA,NA-RAMBAT,TA-TEDONG",1
4986_test.jpg,SUKU-ILUT,SUKU-ILUT,"SUKU-ILUT,4,TEDONG,BISAH,8",1
4987_test.jpg,NA,NA,"NA,CA,SA,GANTUNGAN-KA,BA-KEMBANG",1
4988_test.jpg,NGA,NGA,"NGA,GANTUNGAN-NGA,BA,NYA,GANTUNGAN-BA",1
4989_test.jpg,RA,RA,"RA,TALENG,WA,GANTUNGAN-A,GANTUNGAN-TA",1
498_test.jpg,ADEG-ADEG,ADEG-ADEG,"ADEG-ADEG,SUKU,NANIA,SURANG,TALENG",1
4990_test.jpg,ADEG-ADEG,ADEG-ADEG,"ADEG-ADEG,SUKU,TALENG,NANIA,BISAH",1
4991_test.jpg,WA,WA,"WA,GANTUNGAN-TA,DA-MADU,CA,PA",1
4992_test.jpg,BA,BA,"BA,NYA,BU,GANTUNGAN-BA,NA-RAMBAT",1
4993_test.jpg,LA,LA,"LA,GANTUNGAN-LA,7,LU,GANTUNGAN-GA",1
4994_test.jpg,JA,JU,"JU,JA,BISAH,PU,4",0
4995_test.jpg,BISAH,BISAH,"BISAH,4,TALENG,ADEG-ADEG,CECEK",1
4996_test.jpg,SUKU,SUKU,"SUKU,NANIA,TEDONG,PU,SUKU-ILUT",1
4997_test.jpg,BA,BA,"BA,NA-RAMBAT,GANTUNGAN-BA,KA,NGA",1
4998_test.jpg,ULU,GANTUNGAN-A,"GANTUNGAN-A,SURANG,GANTUNGAN-TA,NGA,GANTUNGAN-TA-LATIK",0
4999_test.jpg,LA,LA,"LA,GANTUNGAN-LA,SA,LU,7",1
499_test.jpg,ULU,ULU,"ULU,TEDONG,GANTUNGAN-GA,ULU-SARI,PEPET",1
49_test.jpg,TA,TA,"TA,BA,A,TA-TEDONG,GANTUNGAN-BA",1
4_test.jpg,JA,JA,"JA,GANTUNGAN-GA,GANTUNGAN-KA,JA-TEDONG,KA",1
5000_test.jpg,PEPET,PEPET,"PEPET,GANTUNGAN-GA,GA,GANTUNGAN-KA,ULU",1
5001_test.jpg,DA,DA,"DA,BA-KEMBANG,DA-MADU,NA,DA-TEDONG",1
5002_test.jpg,GANTUNGAN-DA,GANTUNGAN-DA,"GANTUNGAN-DA,GANTUNGAN-TA-LATIK,GANTUNGAN-A,DA,6",1
5003_test.jpg,PEPET,PEPET,"PEPET,GANTUNGAN-MA,GANTUNGAN-GA,ULU,ULU-RICEM",1
5004_test.jpg,ADEG-ADEG,ADEG-ADEG,"ADEG-ADEG,RA,SUKU,RU,NANIA",1
5005_test.jpg,DA,DA,"DA,BA-KEMBANG,NA,TA-TAWA,I-KARA",1
5006_test.jpg,YA,YA,"YA,9,GANTUNGAN-CA,GANTUNGAN-TA-LATIK,YA-TEDONG",1
5007_test.jpg,NGA,NGA,"NGA,GANTUNGAN-NGA,A,BA,TU",1
5008_test.jpg,DA,DA,"DA,BA-KEMBANG,NA,A-TEDONG,I",1
5009_test.jpg,ULU,ULU,"ULU,PEPET,GANTUNGAN-MA,SUKU-KEMBUNG,GANTUNGAN-GA",1
500_test.jpg,A,A,"A,GA,U,GANTUNGAN-A,GANTUNGAN-CA",1
5010_test.jpg,KA,KA,"KA,NA-RAMBAT,KU,KA-TEDONG,KRA",1
5011_test.jpg,TA,TA,"TA,NA-RAMBAT,A,BA,TA-TEDONG",1
5012_test.jpg,A,A,"A,U,TA,NA-RAMBAT,BA",1
5013_test.jpg,BU,BU,"BU,NGU,GU,U,LU",1
5014_test.jpg,KU,KU,"KU,KA,KRA,NIA,KNA",1
5015_test.jpg,PA,PA,"PA,8,SA-SAPA,GEMPELAN-PA,MA",1
5016_test.jpg,TALENG,TALENG,"TALENG,2,ADEG-ADEG,NANIA,BU",1
5017_test.jpg,CECEK,CECEK,"CECEK,BISAH,TALENG,ULU,GANTUNGAN-NA",1
5018_test.jpg,GANTUNGAN-TA,GANTUNGAN-TA,"GANTUNGAN-TA,ULU,GANTUNGAN-A,GANTUNGAN-KA,ULU-SARI",1
5019_test.jpg,DA,DA,"DA,BA-KEMBANG,DA-MADU,TA-TAWA,DA-TEDONG",1
501_test.jpg,RA,RA,"RA,RA-TEDONG,WA,MA,5",1
5020_test.jpg,LA-TEDONG,NGA,"NGA,KA-TEDONG,7,DA-TEDONG,GANTUNGAN-NGA",0
5021_test.jpg,GA,GA,"GA,GANTUNGAN-GA,LA,SA-SAGA,NA-RAMBAT",1
5022_test.jpg,A,A,"A,GANTUNGAN-A,U,GANTUNGAN-CA,LA-TEDONG",1
5023_test.jpg,SURANG,SURANG,"SURANG,GANTUNGAN-TA-LATIK,GUWUNG,GANTUNGAN-JA,GANTUNGAN-DA",1
5024_test.jpg,PEPET,PEPET,"PEPET,GANTUNGAN-MA,GANTUNGAN-GA,GANTUNGAN-DA,ULU",1
5025_test.jpg,GANTUNGAN-NA,GANTUNGAN-NA,"GANTUNGAN-NA,JA,KA,SA-SAGA,NA",1
5026_test.jpg,NGA,NGA,"NGA,GANTUNGAN-NGA,A,GANTUNGAN-A,GANTUNGAN-BA",1
5027_test.jpg,TA,TA,"TA,TU,TA-TEDONG,TI,GANTUNGAN-TA",1
5028_test.jpg,TEDONG,TEDONG,"TEDONG,SUKU,ADEG-ADEG,RU,GU",1
5029_test.jpg,KA,KA,"KA,SA-SAGA,NA,ULU-SARI,JA",1
502_test.jpg,DA,DA,"DA,TA-TAWA,DA-MADU,GANTUNGAN-TA-LATIK,BA-KEMBANG",1
5030_test.jpg,BA-KEMBANG,BA-KEMBANG,"BA-KEMBANG,DA,NA,A-KARA,DI",1
5031_test.jpg,BISAH,BISAH,"BISAH,TALENG,4,JU,ADEG-ADEG",1
5032_test.jpg,CECEK,CECEK,"CECEK,ULU,TALENG,TEDONG,BISAH",1
5033_test.jpg,SUKU,SUKU,"SUKU,NANIA,ADEG-ADEG,MU,GU",1
5034_test.jpg,JA,JA,"JA,PEPET,SA-SAGA,ULU-RICEM,JA-TEDONG",1
5035_test.jpg,MA,MA,"MA,SA-SAPA,A-KARA,4,PI",1
5036_test.jpg,GANTUNGAN-DA,ULU,"ULU,RA,TEDONG,TALENG,GANTUNGAN-A",0
5037_test.jpg,GRA,GRA,"GRA,TRA,KRA,GANTUNGAN-MA,PI",1
5038_test.jpg,DA,DA,"DA,BA-KEMBANG,NA,DA-MADU,GANTUNGAN-A",1
5039_test.jpg,NA,NA,"NA,GANTUNGAN-KA,KA,KA-TEDONG,JNA",1
503_test.jpg,GANTUNGAN-CA,GANTUNGAN-BA,"GANTUNGAN-BA,GANTUNGAN-KA,NGA,GANTUNGAN-NGA,GANTUNGAN-GA",0
5040_test.jpg,PEPET,PEPET,"PEPET,GANTUNGAN-KA,GANTUNGAN-GA,ULU-RICEM,GANTUNGAN-A",1
5041_test.jpg,BA,BA,"BA,NA-RAMBAT,TA,GANTUNGAN-BA,KA",1
5042_test.jpg,WA,WA,"WA,PA,WI,TA-TAWA,GANTUNGAN-TA",1
5043_test.jpg,TA,TA,"TA,TU,GANTUNGAN-TA,A,BA",1
5044_test.jpg,NGU,NGU,"NGU,KU,U,TU,BU",1
5045_test.jpg,A,A,"A,U,NA-RAMBAT,GANTUNGAN-A,GANTUNGAN-LA",1
5046_test.jpg,TA,TA,"TA,A,TU,NA-RAMBAT,GANTUNGAN-TA",1
5047_test.jpg,DA,DA,"DA,NA,BA-KEMBANG,DA-MADU,DA-TEDONG",1
5048_test.jpg,DU,DU,"DU,I-KARA,CU,NGU,TALENG",1
5049_test.jpg,CECEK,CECEK,"CECEK,GANTUNGAN-NA,SUKU,TALENG,4",1
504_test.jpg,NYA,NYA,"NYA,GANTUNGAN-NYA,KA-TEDONG,NA-RAMBAT-TEDONG,A-TEDONG",1
5050_test.jpg,SA,SA,"SA,LA,CA,GANTUNGAN-LA,7",1
5051_test.jpg,ADEG-ADEG,ADEG-ADEG,"ADEG-ADEG,RI,GANTUNGAN-NA,GNA,SUKU",1
5052_test.jpg,LA,LA,"LA,LI,1,7,A",1
5053_test.jpg,A,A,"A,U,MA-TEDONG,WA-TEDONG,GANTUNGAN-CA",1
5054_test.jpg,WA,GANTUNGAN-TA,"GANTUNGAN-TA,WA,CA,GANTUNGAN-JA,DA-MADU",0
5055_test.jpg,SA,SA,"SA,CA,LA,7,A-KARA",1
5056_test.jpg,TU,TU,"TU,TRA,TIA,RU,U",1
5057_test.jpg,BA,NYA,"NYA,BA,GANTUNGAN-NGA,NGA,NA-RAMBAT",0
5058_test.jpg,DA,DA,"DA,NA,DA-MADU,LA-TEDONG,ULU-SARI",1
5059_test.jpg,TU,TU,"TU,TRA,U,TIA,GU",1
505_test.jpg,TEDONG,TEDONG,"TEDONG,GU,SUKU-ILUT,ULU,4",1
5060_test.jpg,NANIA,NANIA,"NANIA,TUA,NIA,IA,PI",1
5061_test.jpg,SA,SA,"SA,A-KARA,MA,CA,9",1
5062_test.jpg,A,A,"A,GA,U,GANTUNGAN-GA,GANTUNGAN-A",1
5063_test.jpg,MA-TEDONG,MA-TEDONG,"MA-TEDONG,GUWUNG-MACELEK,WA-TEDONG,ULU-CANDRA,MA",1
5064_test.jpg,KI,KI,"KI,KA,1,A-KARA,NI",1
5065_test.jpg,SURANG,SURANG,"SURANG,GUWUNG,GANTUNGAN-LA,GANTUNGAN-DA,GANTUNGAN-TA-LATIK",1
5066_test.jpg,SURANG,SURANG,"SURANG,GANTUNGAN-MA,GANTUNGAN-TA-LATIK,TALENG,GANTUNGAN-NA",1
5067_test.jpg,NGA,NGA,"NGA,GANTUNGAN-A,7,GANTUNGAN-NGA,LA-TEDONG",1
5068_test.jpg,A,A,"A,GANTUNGAN-LA,GANTUNGAN-A,U,GA",1
5069_test.jpg,PEPET,PEPET,"PEPET,GANTUNGAN-MA,GANTUNGAN-DA,GANTUNGAN-JA,GANTUNGAN-TA-LATIK",1
506_test.jpg,NANIA,NANIA,"NANIA,IA,NIA,TUA,TRA",1
5070_test.jpg,CECEK,CECEK,"CECEK,BISAH,TALENG,SUKU,ADEG-ADEG",1
5071_test.jpg,BISAH,BISAH,"BISAH,TALENG,4,ADEG-ADEG,JU",1
5072_test.jpg,BISAH,BISAH,"BISAH,CECEK,TALENG,4,SUKU-ILUT",1
5073_test.jpg,GANTUNGAN-TA,GANTUNGAN-TA,"GANTUNGAN-TA,ULU,GANTUNGAN-KA,WA,GANTUNGAN-JA",1
5074_test.jpg,WA,WA,"WA,PA,GANTUNGAN-TA,WI,0",1
5075_test.jpg,GUWUNG-MACELEK,ULU-CANDRA,"ULU-CANDRA,GUWUNG-MACELEK,8,GEMPELAN-SA-SAPA,SURANG",0
5076_test.jpg,TEDONG,ULU,"ULU,PEPET,GANTUNGAN-GA,GANTUNGAN-MA,SUKU-KEMBUNG",0
5077_test.jpg,KA,KA,"KA,KU,NA-RAMBAT,BA,GANTUNGAN-KA",1
5078_test.jpg,YA,YA,"YA,9,SA,LA,NGA",1
5079_test.jpg,SA,SA,"SA,CA,A-KARA,KA,YA",1
507_test.jpg,MA,MA,"MA,NANIA,PI,PA,8",1
5080_test.jpg,NA,NA,"NA,BA-KEMBANG,DA,GANTUNGAN-KA,MA",1
5081_test.jpg,LA,LA,"LA,7,GANTUNGAN-LA,YA,8",1
5082_test.jpg,CECEK,CECEK,"CECEK,ULU,BISAH,GANTUNGAN-NA,TALENG",1
5083_test.jpg,GANTUNGAN-TA,GANTUNGAN-TA,"GANTUNGAN-TA,GANTUNGAN-A,CA,GANTUNGAN-CA,WA",1
5084_test.jpg,YA,9,"9,YA,A-KARA,SI,YA-TEDONG",0
5085_test.jpg,NANIA,NANIA,"NANIA,NIA,SU,IA,SUKU",1
5086_test.jpg,LA,LA,"LA,7,SA,GANTUNGAN-LA,GA",1
5087_test.jpg,PEPET,PEPET,"PEPET,GANTUNGAN-MA,ULU,ULU-SARI,GANTUNGAN-GA",1
5088_test.jpg,YA,YA,"YA,LA,9,A,GANTUNGAN-CA",1
5089_test.jpg,KA,KA,"KA,SA-SAGA,KA-TEDONG,NA-RAMBAT,GANTUNGAN-BA",1
508_test.jpg,WA-TEDONG,TU,"TU,TRA,RU,BU,2",0
5090_test.jpg,YA,YA,"YA,LA,GANTUNGAN-TA-LATIK,9,SA",1
5091_test.jpg,JA,JA,"JA,JU,BISAH,GU,RA",1
5092_test.jpg,TU,TU,"TU,TIA,TRA,WU,U",1
5093_test.jpg,CECEK,CECEK,"CECEK,TALENG,ULU,BISAH,TEDONG",1
5094_test.jpg,JA,JA,"JA,SA-SAGA,RA,JA-TEDONG,GANTUNGAN-NA",1
5095_test.jpg,RA-TEDONG,RA-TEDONG,"RA-TEDONG,WA,TA-TEDONG,RI,5",1
5096_test.jpg,TEDONG,TEDONG,"TEDONG,SUKU,GU,MI,RU",1
5097_test.jpg,MA,MA,"MA,SA-SAPA,PA,GEMPELAN-SA-SAPA,MA-TEDONG",1
5098_test.jpg,LA,LA,"LA,GANTUNGAN-LA,SA,GANTUNGAN-GA,GA-TEDONG",1
5099_test.jpg,TEDONG,TEDONG,"TEDONG,SUKU,NANIA,0,GU",1
509_test.jpg,GEMPELAN-SA-SAPA,GEMPELAN-SA-SAPA,"GEMPELAN-SA-SAPA,GEMPELAN-PA,SA-SAPA,ULU-CANDRA,WI",1
50_test.jpg,BISAH,BISAH,"BISAH,4,GANTUNGAN-NA,RA,CECEK",1
5100_test.jpg,ULU,ULU,"ULU,GANTUNGAN-GA,TEDONG,PEPET,GA",1
5101_test.jpg,I,I,"I,1,BI,NGI,I-KARA",1
5102_test.jpg,CECEK,CECEK,"CECEK,ULU,TALENG,TEDONG,BISAH",1
5103_test.jpg,TALENG,TALENG,"TALENG,U,GANTUNGAN-A,I-KARA,DU",1
5104_test.jpg,CECEK,CECEK,"CECEK,TALENG,ULU,GANTUNGAN-NA,GANTUNGAN-DA",1
5105_test.jpg,DA-TEDONG,DA-TEDONG,"DA-TEDONG,NA-RAMBAT,NA-TEDONG,YA-TEDONG,NGA",1
5106_test.jpg,GANTUNGAN-LA,GANTUNGAN-LA,"GANTUNGAN-LA,LA,7,GUWUNG-MACELEK,GANTUNGAN-GA",1
5107_test.jpg,NGA,NGA,"NGA,DA-MADU,GANTUNGAN-A,WA-TEDONG,TA-TAWA",1
5108_test.jpg,ADEG-ADEG,ADEG-ADEG,"ADEG-ADEG,5,GNA,RI,I-KARA",1
5109_test.jpg,WA,WA,"WA,DA,GANTUNGAN-JA,GANTUNGAN-TA,MA-TEDONG",1
510_test.jpg,CECEK,CECEK,"CECEK,TALENG,ULU,BISAH,ADEG-ADEG",1
5110_test.jpg,LA,LA,"LA,GANTUNGAN-LA,SA,GA,GA-TEDONG",1
5111_test.jpg,ULU,ULU,"ULU,TALENG,CECEK,PA,PEPET",1
5112_test.jpg,SA,SI,"SI,A-KARA,NI,7,LI",0
5113_test.jpg,DA,DA,"DA,DA-MADU,NA,BA-KEMBANG,TA-TAWA",1
5114_test.jpg,BISAH,BISAH,"BISAH,RA,NU,CECEK,JA",1
5115_test.jpg,GANTUNGAN-MA,GANTUNGAN-MA,"GANTUNGAN-MA,PEPET,ULU,SUKU-KEMBUNG,0",1
5116_test.jpg,GA,GA,"GA,GANTUNGAN-GA,WA,GU,LA",1
5117_test.jpg,SUKU,SUKU,"SUKU,PU,NANIA,SUKU-KEMBUNG,GANTUNGAN-NA",1
5118_test.jpg,RU,RU,"RU,RA,RA-TEDONG,ADEG-ADEG,MI",1
5119_test.jpg,SUKU,SUKU,"SUKU,NANIA,IA,MU,RU",1
511_test.jpg,WA,WA,"WA,GANTUNGAN-TA,GANTUNGAN-JA,CA,GANTUNGAN-CA",1
5120_test.jpg,RI,RI,"RI,TI,GI,NGI,WI",1
5121_test.jpg,JA,JA,"JA,RA,6,JU,NGA",1
5122_test.jpg,TU,TU,"TU,TRA,KU,GU,BU",1
5123_test.jpg,NA,NA,"NA,GANTUNGAN-KA,DA,CA,KA",1
5124_test.jpg,SURANG,SURANG,"SURANG,GANTUNGAN-MA,GUWUNG,PEPET,GANTUNGAN-TA-LATIK",1
5125_test.jpg,WA,WA,"WA,SUKU-KEMBUNG,0,GANTUNGAN-TA-TAWA,WA-TEDONG",1
5126_test.jpg,TA,TA,"TA,BA,TA-TEDONG,TU,KA",1
5127_test.jpg,TALENG,TALENG,"TALENG,NGU,2,ADEG-ADEG,U",1
5128_test.jpg,BISAH,JNA,"JNA,4,GANTUNGAN-NA,BISAH,RI",0
5129_test.jpg,PEPET,PEPET,"PEPET,ULU,GANTUNGAN-A,GANTUNGAN-GA,DA",1
512_test.jpg,JA,JA,"JA,NA,JA-TEDONG,GANTUNGAN-KA,KA",1
5130_test.jpg,6,6,"6,GANTUNGAN-DA,GANTUNGAN-A,1,JA",1
5131_test.jpg,LA,LA,"LA,GANTUNGAN-LA,7,SA,GA-TEDONG",1
5132_test.jpg,CECEK,CECEK,"CECEK,SURANG,ULU,PEPET,TALENG",1
5133_test.jpg,SUKU,SUKU,"SUKU,PU,GANTUNGAN-NA,TEDONG,SUKU-KEMBUNG",1
5134_test.jpg,SUKU,SUKU,"SUKU,NANIA,CECEK,GANTUNGAN-NA,PU",1
5135_test.jpg,TRA,TRA,"TRA,GUWUNG,NANIA,BRA,TUA",1
5136_test.jpg,4,SUKU-ILUT,"SUKU-ILUT,4,BISAH,JU,NU",0
5137_test.jpg,KA,KA-TEDONG,"KA-TEDONG,KA,NA-TEDONG,DA-TEDONG,NA-RAMBAT-TEDONG",0
5138_test.jpg,BU,BU,"BU,U,TU,NGU,LU",1
5139_test.jpg,PEPET,PEPET,"PEPET,GANTUNGAN-MA,ULU,6,NA-RAMBAT",1
513_test.jpg,SA,SA,"SA,CA,YA,LA,A-KARA",1
5140_test.jpg,CECEK,CECEK,"CECEK,BISAH,TALENG,TEDONG,4",1
5141_test.jpg,KA,KA,"KA,KA-TEDONG,NA-TEDONG,GANTUNGAN-KA,NA-RAMBAT",1
5142_test.jpg,SA,SA,"SA,CA,A-KARA,NA,GEMPELAN-SA-SAPA",1
5143_test.jpg,RA,RA,"RA,RA-TEDONG,TALENG,ADEG-ADEG,ULU",1
5144_test.jpg,NGA,NGA,"NGA,CA,9,A-KARA,KA",1
5145_test.jpg,A,LA,"LA,7,GANTUNGAN-LA,SA,LU",0
5146_test.jpg,TALENG,TALENG,"TALENG,NGU,2,U,GU",1
5147_test.jpg,TALENG,TALENG,"TALENG,BISAH,CECEK,RA,GU",1
5148_test.jpg,TU,TU,"TU,NGU,2,BU,TRA",1
5149_test.jpg,SA,SA,"SA,CA,A-KARA,MA,LA",1
514_test.jpg,KA,KA,"KA,KU,NA-RAMBAT,GANTUNGAN-KA,GANTUNGAN-BA",1
5150_test.jpg,KA,KA,"KA,KA-TEDONG,GANTUNGAN-KA,KU,NA-RAMBAT",1
5151_test.jpg,MA,MA,"MA,PA,PI,SA-SAPA,MA-TEDONG",1
5152_test.jpg,A,A,"A,BA,NA-RAMBAT,U,TA",1
5153_test.jpg,9,9,"9,7,YA,A-KARA,DA-MADU",1
5154_test.jpg,SA,SA,"SA,LA,GANTUNGAN-LA,CA,7",1
5155_test.jpg,KI,KI,"KI,KA,NI,LI,KA-TEDONG",1
5156_test.jpg,TI,TI,"TI,BI,I,TA-TEDONG,KI",1
5157_test.jpg,NGI,DI,"DI,BI,NGI,I,NI",0
5158_test.jpg,WA,WA,"WA,GANTUNGAN-TA,PA,CA,A",1
5159_test.jpg,SURANG,SURANG,"SURANG,GANTUNGAN-MA,GANTUNGAN-NA,GANTUNGAN-TA-LATIK,GUWUNG",1
515_test.jpg,GANTUNGAN-TA-LATIK,GANTUNGAN-TA-LATIK,"GANTUNGAN-TA-LATIK,GANTUNGAN-TA,8,PA,DA",1
5160_test.jpg,YU,YU,"YU,U,DU,GANTUNGAN-DA,SU",1
5161_test.jpg,GA,GA,"GA,GANTUNGAN-GA,LA,SA-SAGA,NA-RAMBAT",1
5162_test.jpg,SUKU,SUKU,"SUKU,GANTUNGAN-NA,TALENG,CECEK,2",1
5163_test.jpg,NANIA,NANIA,"NANIA,SUKU,IA,PAMADA,RU",1
5164_test.jpg,ULU,TEDONG,"TEDONG,GANTUNGAN-NA,ULU,ULU-SARI,CECEK",0
5165_test.jpg,NGA,NGA,"NGA,GANTUNGAN-NGA,RA-TEDONG,A,WA-TEDONG",1
5166_test.jpg,KA,KA-TEDONG,"KA-TEDONG,KA,NA-TEDONG,DA-TEDONG,NA-RAMBAT-TEDONG",0
5167_test.jpg,LA,LA,"LA,GANTUNGAN-LA,A,NA-RAMBAT,GANTUNGAN-BA",1
5168_test.jpg,A,YA,"YA,A,DA,GANTUNGAN-A,GANTUNGAN-CA",0
5169_test.jpg,LA,LA,"LA,GANTUNGAN-LA,7,GA-TEDONG,GANTUNGAN-GA",1
516_test.jpg,A,A,"A,U,GA,BA,LA",1
5170_test.jpg,GA,GA,"GA,GU,NA-RAMBAT,A,SA-SAGA",1
5171_test.jpg,DA,DA,"DA,BA-KEMBANG,NA,DA-MADU,TA-TAWA",1
5172_test.jpg,SUKU,SUKU,"SUKU,GANTUNGAN-NA,PU,U,WU",1
5173_test.jpg,WA,WA,"WA,GANTUNGAN-TA,PA,MA-TEDONG,WA-TEDONG",1
5174_test.jpg,TA,TA,"TA,BA,KA,GANTUNGAN-BA,GA",1
5175_test.jpg,GUWUNG,GUWUNG,"GUWUNG,GUWUNG-MACELEK,SURANG,GANTUNGAN-LA,SUKU-KEMBUNG",1
5176_test.jpg,NANIA,NANIA,"NANIA,IA,PA,GEMPELAN-PA,NIA",1
5177_test.jpg,SA,SA,"SA,A-KARA,9,CA,GEMPELAN-SA-SAPA",1
5178_test.jpg,JA,JA,"JA,JU,NGA,BU,1",1
5179_test.jpg,DA,DA,"DA,JA,I-KARA,GANTUNGAN-NA,A",1
517_test.jpg,YA,YA,"YA,GANTUNGAN-CA,DA-MADU,GANTUNGAN-TA-LATIK,MA-TEDONG",1
5180_test.jpg,NANIA,NANIA,"NANIA,IA,NIA,PAMADA,TIA",1
5181_test.jpg,MA,MA,"MA,SA-SAPA,GEMPELAN-SA-SAPA,PA,MA-TEDONG",1
5182_test.jpg,DA,DA,"DA,BA-KEMBANG,DA-MADU,NA,DA-TEDONG",1
5183_test.jpg,GA,GA,"GA,GANTUNGAN-GA,GU,NA-RAMBAT,SA-SAGA",1
5184_test.jpg,GANTUNGAN-NYA,GANTUNGAN-NYA,"GANTUNGAN-NYA,NA-RAMBAT-TEDONG,NYA,NA-RAMBAT,KA-TEDONG",1
5185_test.jpg,GA,GA,"GA,GANTUNGAN-GA,BA,TA,NA-RAMBAT",1
5186_test.jpg,BA-KEMBANG,BA-KEMBANG,"BA-KEMBANG,NA,DA,BI,GANTUNGAN-A",1
5187_test.jpg,BISAH,4,"4,CECEK,MI,0,TEDONG",0
5188_test.jpg,4,4,"4,NU,MU,SU,DU",1
5189_test.jpg,SA,SA,"SA,A-KARA,9,SI,YA",1
518_test.jpg,LA,LA,"LA,GANTUNGAN-LA,7,SA,YA",1
5190_test.jpg,DA,DA,"DA,BA-KEMBANG,NA,DA-MADU,TA-TAWA",1
5191_test.jpg,MA,MA,"MA,SA-SAPA,MA-TEDONG,GEMPELAN-SA-SAPA,GANTUNGAN-TA",1
5192_test.jpg,BISAH,BISAH,"BISAH,TALENG,ADEG-ADEG,CECEK,RA",1
5193_test.jpg,E-KARA,6,"6,E-KARA,GANTUNGAN-TA-LATIK,U-KARA,GANTUNGAN-DA",0
5194_test.jpg,SURANG,SURANG,"SURANG,CECEK,TALENG,GANTUNGAN-NA,SUKU",1
5195_test.jpg,NGA,NGA,"NGA,GANTUNGAN-NGA,RA-TEDONG,A,GANTUNGAN-GA",1
5196_test.jpg,TALENG,TALENG,"TALENG,GANTUNGAN-A,U,A,ULU",1
5197_test.jpg,GUWUNG-MACELEK,GUWUNG-MACELEK,"GUWUNG-MACELEK,ULU-CANDRA,GUWUNG,GANTUNGAN-MA,8",1
5198_test.jpg,PEPET,PEPET,"PEPET,GANTUNGAN-MA,GANTUNGAN-GA,JA,ULU",1
5199_test.jpg,SA-SAPA,SA-SAPA,"SA-SAPA,MA,GEMPELAN-SA-SAPA,A-KARA,PA",1
519_test.jpg,ULU,ULU,"ULU,ULU-SARI,PEPET,GANTUNGAN-MA,SUKU-KEMBUNG",1
51_test.jpg,NYA,NA-RAMBAT-TEDONG,"NA-RAMBAT-TEDONG,NYA,GANTUNGAN-NYA,KA-TEDONG,TA-TEDONG",0
5200_test.jpg,PEPET,PEPET,"PEPET,JA,GANTUNGAN-KA,JA-TEDONG,GANTUNGAN-DA",1
5201_test.jpg,TI,TI,"TI,TA-TEDONG,BI,KI,GI",1
5202_test.jpg,NGA,NGA,"NGA,A,GANTUNGAN-NGA,NA-RAMBAT,NA-TEDONG",1
5203_test.jpg,DA,DA,"DA,BA-KEMBANG,6,I-KARA,I",1
5204_test.jpg,MA,MA,"MA,SA,A-KARA,GEMPELAN-SA-SAPA,SA-SAPA",1
5205_test.jpg,YA,YA,"YA,LA,A,GANTUNGAN-TA-LATIK,SA",1
5206_test.jpg,NYA,NYA,"NYA,GANTUNGAN-NYA,NA-RAMBAT-TEDONG,KA-TEDONG,1",1
5207_test.jpg,KA,KA,"KA,BA,TA,KA-TEDONG,NA-RAMBAT",1
5208_test.jpg,YA,YA,"YA,9,LA,GANTUNGAN-TA-LATIK,NGA",1
5209_test.jpg,WA,WA,"WA,CA,GANTUNGAN-TA,GANTUNGAN-CA,I-KARA",1
520_test.jpg,NA,GANTUNGAN-KA,"GANTUNGAN-KA,KA,NA,KA-TEDONG,CA",0
5210_test.jpg,SURANG,SURANG,"SURANG,GANTUNGAN-MA,TALENG,GANTUNGAN-TA-LATIK,GANTUNGAN-NA",1
5211_test.jpg,NGA,NGA,"NGA,A,GANTUNGAN-NGA,RA-TEDONG,NGU",1
5212_test.jpg,RA,RA,"RA,RA-TEDONG,GANTUNGAN-KA,GANTUNGAN-A,ADEG-ADEG",1
5213_test.jpg,LI,LI,"LI,PI,SI,GI,I",1
5214_test.jpg,SA,SA,"SA,CA,A-KARA,NA,SI",1
5215_test.jpg,TIA,TIA,"TIA,IA,NIA,GUWUNG-MACELEK,2",1
5216_test.jpg,CECEK,CECEK,"CECEK,SURANG,BISAH,TALENG,GANTUNGAN-NA",1
5217_test.jpg,TU,TU,"TU,WU,2,U,TIA",1
5218_test.jpg,TALENG,TALENG,"TALENG,CECEK,GANTUNGAN-NA,RA,GU",1
5219_test.jpg,RU,RU,"RU,WU,NGU,TU,CU",1
521_test.jpg,SUKU,SUKU,"SUKU,2,GANTUNGAN-NA,I,U",1
5220_test.jpg,WA-TEDONG,WA-TEDONG,"WA-TEDONG,TA-TEDONG,GANTUNGAN-JA,A-TEDONG,NGA",1
5221_test.jpg,LA-LENGA,3,"3,LA-LENGA,2,I-KARA,KNA",0
5222_test.jpg,ULU,ULU,"ULU,GANTUNGAN-MA,PEPET,SUKU-KEMBUNG,ULU-SARI",1
5223_test.jpg,CA,CA,"CA,SA,GANTUNGAN-KA,NA,7",1
5224_test.jpg,GA,GA,"GA,GANTUNGAN-GA,PEPET,LA,SA-SAGA",1
5225_test.jpg,GA,GA,"GA,GANTUNGAN-GA,LA,SA-SAGA,TA",1
5226_test.jpg,ULU,ULU,"ULU,GANTUNGAN-MA,0,PEPET,GANTUNGAN-GA",1
5227_test.jpg,NU,NU,"NU,NIA,CU,KU,SU",1
5228_test.jpg,TALENG,TALENG,"TALENG,CECEK,BISAH,ADEG-ADEG,RA",1
5229_test.jpg,LA,LA,"LA,GANTUNGAN-LA,GA-TEDONG,7,GANTUNGAN-GA",1
522_test.jpg,CECEK,CECEK,"CECEK,TEDONG,ULU,TALENG,BISAH",1
5230_test.jpg,YA,YA,"YA,9,GANTUNGAN-TA-LATIK,LA,TA-TAWA",1
5231_test.jpg,A,A,"A,NA-RAMBAT,BA,U,GANTUNGAN-NGA",1
5232_test.jpg,LA,LA,"LA,GANTUNGAN-LA,7,YA,8",1
5233_test.jpg,TALENG,TALENG,"TALENG,GANTUNGAN-NA,BISAH,5,ADEG-ADEG",1
5234_test.jpg,PA,PA,"PA,8,GANTUNGAN-TA-LATIK,GEMPELAN-SA-SAPA,LA",1
5235_test.jpg,ULU,ULU,"ULU,GANTUNGAN-GA,TEDONG,ULU-SARI,GANTUNGAN-MA",1
5236_test.jpg,CECEK,CECEK,"CECEK,ULU,TALENG,BISAH,TEDONG",1
5237_test.jpg,GUWUNG,GUWUNG,"GUWUNG,GANTUNGAN-MA,GUWUNG-MACELEK,GANTUNGAN-LA,ULU-CANDRA",1
5238_test.jpg,NGA,NGA,"NGA,GANTUNGAN-NGA,NA-TEDONG,GANTUNGAN-BA,RA-TEDONG",1
5239_test.jpg,NGA,A,"A,NGA,NA-RAMBAT,3,GANTUNGAN-NGA",0
523_test.jpg,TALENG,TALENG,"TALENG,CECEK,TEDONG,ADEG-ADEG,BISAH",1
5240_test.jpg,JA,KA,"KA,JA,GANTUNGAN-KA,RA,NA",0
5241_test.jpg,YA,YA,"YA,LA,ULU-CANDRA,SA,GANTUNGAN-TA-LATIK",1
5242_test.jpg,TA,TA,"TA,TA-TEDONG,TU,BA,TI",1
5243_test.jpg,NGA,NGA,"NGA,GANTUNGAN-A,GANTUNGAN-NGA,GANTUNGAN-CA,A",1
5244_test.jpg,RI,RI,"RI,NGI,WI,DU,RA-TEDONG",1
5245_test.jpg,GU,GU,"GU,BU,NA-RAMBAT,U,LU",1
5246_test.jpg,A,A,"A,U,GA,LA,WA-TEDONG",1
5247_test.jpg,TRA,TRA,"TRA,KRA,TIA,GUWUNG-MACELEK,TU",1
5248_test.jpg,ULU-SARI,ULU-SARI,"ULU-SARI,ULU-RICEM,PEPET,NA,DA",1
5249_test.jpg,RA,RA,"RA,WA,5,RA-TEDONG,GANTUNGAN-TA",1
524_test.jpg,SUKU,SUKU,"SUKU,GANTUNGAN-NA,PU,I,SUKU-KEMBUNG",1
5250_test.jpg,ULU,TEDONG,"TEDONG,GA,GANTUNGAN-GA,GU,ULU",0
5251_test.jpg,DA,DA,"DA,BA-KEMBANG,TA-TAWA,GUWUNG-MACELEK,WA-TEDONG",1
5252_test.jpg,PEPET,PEPET,"PEPET,GANTUNGAN-DA,GANTUNGAN-GA,GANTUNGAN-A,GANTUNGAN-MA",1
5253_test.jpg,TA,TA,"TA,WA,TU,BA,CA",1
5254_test.jpg,PA,PA,"PA,MA,SA-SAPA,8,GEMPELAN-SA-SAPA",1
5255_test.jpg,NYA,NYA,"NYA,KA-TEDONG,NA-RAMBAT-TEDONG,GANTUNGAN-NYA,LA-TEDONG",1
5256_test.jpg,GA,GA,"GA,BA,NA-RAMBAT,TA,A",1
5257_test.jpg,NA,NA,"NA,DA,GANTUNGAN-KA,BA-KEMBANG,KA",1
5258_test.jpg,MA,MA,"MA,A-KARA,SA-SAPA,MA-TEDONG,SA",1
5259_test.jpg,NGA,NGA,"NGA,GANTUNGAN-NGA,A,WA-TEDONG,I-KARA",1
525_test.jpg,TA-TEDONG,TA-TEDONG,"TA-TEDONG,RA-TEDONG,TA,A-TEDONG,TI",1
5260_test.jpg,TALENG,CECEK,"CECEK,TEDONG,BISAH,4,RA",0
5261_test.jpg,ULU,ULU,"ULU,GANTUNGAN-GA,TEDONG,GA,PEPET",1
5262_test.jpg,WA,WA,"WA,4,0,PI,TRA",1
5263_test.jpg,KU,KU,"KU,KNA,NIA,KRA,NU",1
5264_test.jpg,KU,KU,"KU,KNA,KRA,NIA,KA",1
5265_test.jpg,A,A,"A,NA-RAMBAT,GANTUNGAN-LA,U,BA",1
5266_test.jpg,CECEK,CECEK,"CECEK,BISAH,TALENG,ADEG-ADEG,RA",1
5267_test.jpg,TEDONG,TEDONG,"TEDONG,SUKU-ILUT,SUKU,4,GU",1
5268_test.jpg,LA,LA,"LA,SA,GANTUNGAN-LA,GA-TEDONG,7",1
5269_test.jpg,MA,MA,"MA,MA-TEDONG,GEMPELAN-SA-SAPA,A-KARA,RA",1
526_test.jpg,SUKU,SUKU,"SUKU,RU,ADEG-ADEG,MU,WU",1
5270_test.jpg,PEPET,PEPET,"PEPET,GANTUNGAN-MA,GANTUNGAN-GA,ULU,GANTUNGAN-DA",1
5271_test.jpg,BISAH,BISAH,"BISAH,TALENG,JU,4,CECEK",1
5272_test.jpg,SA,SA,"SA,LA,A-KARA,SA-SAPA,KA",1
5273_test.jpg,NGA,NGA,"NGA,GANTUNGAN-A,PEPET,GANTUNGAN-DA,DA",1
5274_test.jpg,LA,LA,"LA,GANTUNGAN-LA,GANTUNGAN-GA,GA-TEDONG,7",1
5275_test.jpg,SA,SA,"SA,CA,MA,GANTUNGAN-TA,GANTUNGAN-LA",1
5276_test.jpg,LA,LA,"LA,GANTUNGAN-LA,7,GANTUNGAN-DA,LU",1
5277_test.jpg,DA,BA-KEMBANG,"BA-KEMBANG,DA,NA,BI,ULU-SARI",0
5278_test.jpg,BISAH,BISAH,"BISAH,TALENG,4,CECEK,JU",1
5279_test.jpg,LA,LA,"LA,GANTUNGAN-LA,7,LU,YA",1
527_test.jpg,RA,RA,"RA,GANTUNGAN-TA,TALENG,CECEK,RA-TEDONG",1
5280_test.jpg,TA,TA,"TA,TI,TA-TEDONG,GANTUNGAN-BA,BA",1
5281_test.jpg,SUKU,SUKU,"SUKU,GANTUNGAN-NA,PU,SUKU-KEMBUNG,NANIA",1
5282_test.jpg,WA,WA,"WA,GANTUNGAN-TA,PA,WU,6",1
5283_test.jpg,YA,YA,"YA,9,LA,A,NGA",1
5284_test.jpg,BA,BA,"BA,GANTUNGAN-BA,KA,NA-RAMBAT,NGA",1
5285_test.jpg,TEDONG,TEDONG,"TEDONG,GU,RU,U,TU",1
5286_test.jpg,LA,LA,"LA,GANTUNGAN-LA,SA,7,GANTUNGAN-BA",1
5287_test.jpg,WA,PA,"PA,WA,A,MA-TEDONG,GANTUNGAN-TA",0
5288_test.jpg,JA,JA,"JA,4,BISAH,RA,KU",1
5289_test.jpg,TU,TU,"TU,U,NGU,KU,BU",1
528_test.jpg,BA,BA,"BA,GANTUNGAN-BA,GANTUNGAN-NGA,NGA,1",1
5290_test.jpg,ULU,TEDONG,"TEDONG,ULU,GU,ULU-SARI,PEPET",0
5291_test.jpg,NANIA,NANIA,"NANIA,IA,NIA,SUKU-KEMBUNG,TIA",1
5292_test.jpg,NIA,NIA,"NIA,PAMADA,ADEG-ADEG,KNA,NANIA",1
5293_test.jpg,WI,WI,"WI,PI,MI,DI,MA-TEDONG",1
5294_test.jpg,PEPET,PEPET,"PEPET,JA,GANTUNGAN-GA,GANTUNGAN-MA,GA",1
5295_test.jpg,BA,BA,"BA,NYA,GANTUNGAN-BA,1,NA-RAMBAT",1
5296_test.jpg,BISAH,BISAH,"BISAH,4,NU,CECEK,GANTUNGAN-NA",1
5297_test.jpg,GANTUNGAN-NA,GANTUNGAN-NA,"GANTUNGAN-NA,JA,DA,TALENG,ULU-SARI",1
5298_test.jpg,PEPET,PEPET,"PEPET,GANTUNGAN-GA,GANTUNGAN-DA,GANTUNGAN-MA,ULU-RICEM",1
5299_test.jpg,TEDONG,TEDONG,"TEDONG,GU,SUKU,MI,SUKU-ILUT",1
529_test.jpg,TALENG,TALENG,"TALENG,CECEK,GANTUNGAN-NA,BISAH,U",1
52_test.jpg,NA,GANTUNGAN-KA,"GANTUNGAN-KA,NA,KA,DA,CA",0
5300_test.jpg,TA,TA,"TA,TA-TEDONG,TU,TI,TRA",1
5301_test.jpg,GANTUNGAN-NA,GANTUNGAN-NA,"GANTUNGAN-NA,RA,GANTUNGAN-KA,KA,2",1
5302_test.jpg,NANIA,NANIA,"NANIA,IA,PAMADA,NIA,TIA",1
5303_test.jpg,ADEG-ADEG,ADEG-ADEG,"ADEG-ADEG,SUKU,NANIA,RU,TALENG",1
5304_test.jpg,RA-TEDONG,0,"0,WA,1,6,RA-TEDONG",0
5305_test.jpg,NGA,NGA,"NGA,GANTUNGAN-NGA,GANTUNGAN-BA,A,NA-TEDONG",1
5306_test.jpg,TA,GANTUNGAN-TA,"GANTUNGAN-TA,TA,GANTUNGAN-JA,WA,TA-TEDONG",0
5307_test.jpg,TA,TA,"TA,TU,BA,A,TI",1
5308_test.jpg,ULU,ULU,"ULU,GANTUNGAN-GA,GANTUNGAN-A,RA,GA",1
5309_test.jpg,TEDONG,TEDONG,"TEDONG,GU,GA,ULU,ADEG-ADEG",1
530_test.jpg,SURANG,SURANG,"SURANG,GUWUNG,PEPET,GANTUNGAN-LA,GANTUNGAN-JA",1
5310_test.jpg,SA,SA,"SA,CA,LA,YA,GANTUNGAN-CA",1
5311_test.jpg,BISAH,BISAH,"BISAH,TALENG,CECEK,4,ADEG-ADEG",1
5312_test.jpg,NGA,GANTUNGAN-A,"GANTUNGAN-A,RA,BA-KEMBANG,NGA,A",0
5313_test.jpg,DA,NA,"NA,DA,BA-KEMBANG,GANTUNGAN-KA,CA",0
5314_test.jpg,BA,BA,"BA,NYA,NA-RAMBAT,GANTUNGAN-NYA,GANTUNGAN-BA",1
5315_test.jpg,YA-TEDONG,YA-TEDONG,"YA-TEDONG,YA,LA-TEDONG,A-TEDONG,9",1
5316_test.jpg,NA,NA,"NA,NA-TEDONG,NI,GANTUNGAN-KA,CA",1
5317_test.jpg,PEPET,PEPET,"PEPET,GANTUNGAN-GA,GANTUNGAN-MA,GANTUNGAN-DA,ULU",1
5318_test.jpg,DA,DA,"DA,BA-KEMBANG,DA-MADU,NA,GANTUNGAN-A",1
5319_test.jpg,CECEK,CECEK,"CECEK,ULU,TALENG,BISAH,GANTUNGAN-NA",1
531_test.jpg,5,5,"5,ULU-RICEM,NA,ULU-SARI,RA",1
5320_test.jpg,KA-TEDONG,KA-TEDONG,"KA-TEDONG,NA-TEDONG,NYA,NA-RAMBAT-TEDONG,GANTUNGAN-NYA",1
5321_test.jpg,ULU,TEDONG,"TEDONG,ULU,GA,GU,GANTUNGAN-GA",0
5322_test.jpg,DA,DA,"DA,NA,ULU-SARI,E-KARA,BA-KEMBANG",1
5323_test.jpg,TALENG,TALENG,"TALENG,CECEK,ADEG-ADEG,GU,BISAH",1
5324_test.jpg,WA,WA,"WA,GANTUNGAN-TA,0,GUWUNG-MACELEK,PA",1
5325_test.jpg,JNA,JNA,"JNA,KNA,4,NIA,NING",1
5326_test.jpg,BA,BA,"BA,NA-RAMBAT,GANTUNGAN-BA,GANTUNGAN-NGA,A",1
5327_test.jpg,LA,LA,"LA,7,GA-TEDONG,GANTUNGAN-LA,LA-TEDONG",1
5328_test.jpg,TA,TA,"TA,A,BA,TU,U",1
5329_test.jpg,MA,MA,"MA,SA-SAPA,GEMPELAN-SA-SAPA,A-KARA,MA-TEDONG",1
532_test.jpg,ADEG-ADEG,ADEG-ADEG,"ADEG-ADEG,SUKU,GNA,NANIA,RI",1
5330_test.jpg,JA,JA,"JA,RA,GANTUNGAN-MA,GANTUNGAN-NA,PEPET",1
5331_test.jpg,YA,YA,"YA,LA,9,ULU-CANDRA,SA",1
5332_test.jpg,NGU,NGU,"NGU,2,U,BU,LA-LENGA",1
5333_test.jpg,NGA,GANTUNGAN-A,"GANTUNGAN-A,GANTUNGAN-GA,GANTUNGAN-LA,GANTUNGAN-NGA,A",0
5334_test.jpg,MA,MA,"MA,SA-SAPA,A-KARA,GEMPELAN-SA-SAPA,PI",1
5335_test.jpg,GA-TEDONG,GA,"GA,GA-TEDONG,GANTUNGAN-GA,GANTUNGAN-LA,TA-TEDONG",0
5336_test.jpg,DA-MADU,DA-MADU,"DA-MADU,MA-TEDONG,DA,WA-TEDONG,DA-TEDONG",1
5337_test.jpg,TU,TU,"TU,TRA,TIA,TUA,WU",1
5338_test.jpg,TALENG,TALENG,"TALENG,GANTUNGAN-A,RA,I-KARA,A",1
5339_test.jpg,NA,NA,"NA,DA,GANTUNGAN-KA,BA-KEMBANG,KA",1
533_test.jpg,MA,MA,"MA,MA-TEDONG,PI,SA-SAPA,PA",1
5340_test.jpg,MA,MA,"MA,PA,SA-SAPA,GANTUNGAN-MA,LA",1
5341_test.jpg,PEPET,PEPET,"PEPET,GANTUNGAN-MA,GANTUNGAN-DA,JA,GANTUNGAN-GA",1
5342_test.jpg,GEMPELAN-SA-SAPA,GEMPELAN-SA-SAPA,"GEMPELAN-SA-SAPA,NANIA,A-KARA,MA,SA",1
5343_test.jpg,GANTUNGAN-TA,GANTUNGAN-TA,"GANTUNGAN-TA,GANTUNGAN-CA,GANTUNGAN-A,GANTUNGAN-JA,CA",1
5344_test.jpg,LA,LA,"LA,7,YA,GANTUNGAN-LA,A",1
5345_test.jpg,WA-TEDONG,WI,"WI,MA-TEDONG,TI,DI,NGI",0
5346_test.jpg,JA,JA,"JA,BISAH,JU,4,RA",1
5347_test.jpg,NANIA,NANIA,"NANIA,IA,TUA,SUKU-KEMBUNG,NIA",1
5348_test.jpg,TALENG,TALENG,"TALENG,ADEG-ADEG,2,BISAH,NGU",1
5349_test.jpg,GANTUNGAN-MA,GANTUNGAN-MA,"GANTUNGAN-MA,PEPET,ULU,SUKU-KEMBUNG,GRA",1
534_test.jpg,BA,BA,"BA,GANTUNGAN-BA,NA-RAMBAT,KA,GANTUNGAN-NYA",1
5350_test.jpg,NGA,NGA,"NGA,GANTUNGAN-NGA,A,1,GANTUNGAN-BA",1
5351_test.jpg,NA-RAMBAT,NA-RAMBAT,"NA-RAMBAT,NA-RAMBAT-TEDONG,GANTUNGAN-NYA,BU,CU",1
5352_test.jpg,TA-TEDONG,TA-TEDONG,"TA-TEDONG,KA-TEDONG,A-TEDONG,NYA,WA-TEDONG",1
5353_test.jpg,TEDONG,TEDONG,"TEDONG,ULU,RA,GU,ADEG-ADEG",1
5354_test.jpg,TALENG,TALENG,"TALENG,CECEK,ADEG-ADEG,GU,2",1
5355_test.jpg,SA,SA,"SA,CA,NA,MA,A-KARA",1
5356_test.jpg,NI,DI,"DI,NI,NGI,DA-TEDONG,9",0
5357_test.jpg,TU,TU,"TU,TRA,TIA,U,BU",1
5358_test.jpg,YA,YA,"YA,LA,GANTUNGAN-TA-LATIK,ULU-CANDRA,SA",1
5359_test.jpg,ADEG-ADEG,ADEG-ADEG,"ADEG-ADEG,RA,TALENG,CECEK,RI",1
535_test.jpg,MA,PA,"PA,MA,SA,NIA,MA-TEDONG",0
5360_test.jpg,PEPET,PEPET,"PEPET,GANTUNGAN-DA,GANTUNGAN-A,6,GANTUNGAN-GA",1
5361_test.jpg,MA,MA,"MA,SA-SAPA,MA-TEDONG,A-KARA,DA-MADU",1
5362_test.jpg,BISAH,BISAH,"BISAH,TALENG,ADEG-ADEG,CECEK,RA",1
5363_test.jpg,SA,SA,"SA,A-KARA,CA,LA,7",1
5364_test.jpg,PA,PA,"PA,LA,GANTUNGAN-TA-LATIK,SA,8",1
5365_test.jpg,ULU,ULU,"ULU,TALENG,GU,CECEK,TEDONG",1
5366_test.jpg,RA,CECEK,"CECEK,RA,ADEG-ADEG,TALENG,ULU",0
5367_test.jpg,NGA,NGA,"NGA,A,GANTUNGAN-NGA,GANTUNGAN-A,GANTUNGAN-GA",1
5368_test.jpg,ADEG-ADEG,GANTUNGAN-NA,"GANTUNGAN-NA,2,TALENG,ADEG-ADEG,JNA",0
5369_test.jpg,SA,SA,"SA,LA,ULU-CANDRA,BA,A-KARA",1
536_test.jpg,DA,DA,"DA,DA-MADU,NA,BA-KEMBANG,9",1
5370_test.jpg,GANTUNGAN-CA,GANTUNGAN-CA,"GANTUNGAN-CA,YA,DA-MADU,YA-TEDONG,GANTUNGAN-TA",1
5371_test.jpg,BA,BA,"BA,GANTUNGAN-BA,1,NGA,NYA",1
5372_test.jpg,SA,SA,"SA,CA,7,MA,LA",1
5373_test.jpg,BA,BA,"BA,NA-RAMBAT,KA,GANTUNGAN-BA,NYA",1
5374_test.jpg,TA,BA,"BA,DA,A,KA,GANTUNGAN-BA",0
5375_test.jpg,YA,9,"9,NGA,7,A,A-KARA",0
5376_test.jpg,PA,PA,"PA,SA,GEMPELAN-PA,8,LA",1
5377_test.jpg,GANTUNGAN-TA-TAWA,GANTUNGAN-TA-TAWA,"GANTUNGAN-TA-TAWA,SUKU-KEMBUNG,ULU-SARI,GUWUNG-MACELEK,GANTUNGAN-MA",1
5378_test.jpg,E-KARA,E-KARA,"E-KARA,6,SURANG,GANTUNGAN-DA,GANTUNGAN-NA",1
5379_test.jpg,TALENG,TALENG,"TALENG,BISAH,RA,GU,GANTUNGAN-NA",1
537_test.jpg,NA,NA,"NA,GANTUNGAN-KA,KA,CA,KA-TEDONG",1
5380_test.jpg,NGA,NGA,"NGA,GANTUNGAN-NGA,A,WA-TEDONG,TA-TAWA",1
5381_test.jpg,ULU,ULU,"ULU,CECEK,GANTUNGAN-GA,TALENG,GANTUNGAN-NA",1
5382_test.jpg,SUKU,SUKU,"SUKU,GANTUNGAN-NA,PU,SUKU-KEMBUNG,NANIA",1
5383_test.jpg,GNA,GNA,"GNA,NANIA,GU,NA,KNA",1
5384_test.jpg,SURANG,SURANG,"SURANG,GANTUNGAN-MA,GANTUNGAN-NA,TALENG,GANTUNGAN-TA-LATIK",1
5385_test.jpg,TA,GANTUNGAN-TA,"GANTUNGAN-TA,TA,WA,TU,GANTUNGAN-JA",0
5386_test.jpg,TU,TU,"TU,U,TRA,TIA,BU",1
5387_test.jpg,LA,LA,"LA,GUWUNG-MACELEK,GANTUNGAN-LA,ULU-CANDRA,GANTUNGAN-TA-LATIK",1
5388_test.jpg,NANIA,NANIA,"NANIA,SUKU,IA,NIA,PAMADA",1
5389_test.jpg,KA,KA,"KA,KA-TEDONG,DA-TEDONG,LA,NA-RAMBAT",1
538_test.jpg,GANTUNGAN-MA,GANTUNGAN-MA,"GANTUNGAN-MA,0,SUKU-KEMBUNG,ULU,GRA",1
5390_test.jpg,PA,PA,"PA,WA,GEMPELAN-PA,SA,MA",1
5391_test.jpg,KU,KU,"KU,KRA,KNA,NIA,KA",1
5392_test.jpg,NA,NA,"NA,BA-KEMBANG,ULU-SARI,DA,NYA",1
5393_test.jpg,BA,BA,"BA,NA-RAMBAT,GANTUNGAN-BA,KA,1",1
5394_test.jpg,ULU,ULU,"ULU,GANTUNGAN-MA,SUKU-KEMBUNG,0,PEPET",1
5395_test.jpg,SA,SA,"SA,CA,7,LA-TEDONG,LA",1
5396_test.jpg,YU,YU,"YU,U,NGU,BU,LU",1
5397_test.jpg,ULU,ULU,"ULU,TALENG,DA,CECEK,GANTUNGAN-NA",1
5398_test.jpg,NGA,NGA,"NGA,BA,A,KA,NA-RAMBAT",1
5399_test.jpg,U,U,"U,TU,A,IA,LU",1
539_test.jpg,RA,RA,"RA,RU,RA-TEDONG,NANIA,NGA",1
53_test.jpg,SURANG,SURANG,"SURANG,GANTUNGAN-DA,PEPET,GANTUNGAN-TA-LATIK,GANTUNGAN-A",1
5400_test.jpg,BA,BA,"BA,GANTUNGAN-BA,NA-RAMBAT,KA,NGA",1
5401_test.jpg,4,4,"4,MA,GANTUNGAN-TA-TAWA,SUKU-ILUT,WI",1
5402_test.jpg,KA,KA,"KA,KA-TEDONG,TA,SA-SAGA,NA-RAMBAT",1
5403_test.jpg,NANIA,SUKU,"SUKU,NANIA,TEDONG,PU,SU",0
5404_test.jpg,DA,DA,"DA,BA-KEMBANG,NA,DA-MADU,TA-TAWA",1
5405_test.jpg,GANTUNGAN-LA,GANTUNGAN-LA,"GANTUNGAN-LA,LA,7,GANTUNGAN-BA,GANTUNGAN-GA",1
5406_test.jpg,LA,LA,"LA,GANTUNGAN-LA,7,SA,GUWUNG-MACELEK",1
5407_test.jpg,GU,GU,"GU,LU,GNA,U,GRA",1
5408_test.jpg,GA,GA,"GA,GANTUNGAN-GA,SA-SAGA,LA,PEPET",1
5409_test.jpg,A,SA-SAPA,"SA-SAPA,NGA,A-KARA,TI,GEMPELAN-SA-SAPA",0
540_test.jpg,LA,LA,"LA,GANTUNGAN-LA,7,GA-TEDONG,SA",1
5410_test.jpg,ULU,ULU,"ULU,GANTUNGAN-GA,GA,PEPET,TEDONG",1
5411_test.jpg,KA,KA,"KA,KA-TEDONG,NA-RAMBAT,GANTUNGAN-KA,SA-SAGA",1
5412_test.jpg,GANTUNGAN-GA,GANTUNGAN-GA,"GANTUNGAN-GA,RA,GA,GU,GANTUNGAN-KA",1
5413_test.jpg,MA,SUKU,"SUKU,4,MU,JA,RU",0
5414_test.jpg,CECEK,CECEK,"CECEK,BISAH,4,TALENG,GANTUNGAN-NA",1
5415_test.jpg,A,A,"A,U,I,NA-RAMBAT,YA",1
5416_test.jpg,SUKU-ILUT,SUKU-ILUT,"SUKU-ILUT,BISAH,4,TEDONG,8",1
5417_test.jpg,KA,KA,"KA,KA-TEDONG,KU,GANTUNGAN-KA,NA-TEDONG",1
5418_test.jpg,SUKU-ILUT,SUKU-ILUT,"SUKU-ILUT,TEDONG,4,8,GUWUNG-MACELEK",1
5419_test.jpg,NANIA,NANIA,"NANIA,NIA,IA,PAMADA,NGU",1
541_test.jpg,WA,WA,"WA,5,CA,DA-MADU,WI",1
5420_test.jpg,MA,MA,"MA,SA-SAPA,MA-TEDONG,A-KARA,PI",1
5421_test.jpg,ADEG-ADEG,ADEG-ADEG,"ADEG-ADEG,SUKU,NANIA,TALENG,SURANG",1
5422_test.jpg,TI,TI,"TI,TA-TEDONG,GI,A-TEDONG,TRA",1
5423_test.jpg,SURANG,SURANG,"SURANG,PEPET,GANTUNGAN-JA,GUWUNG,BISAH",1
5424_test.jpg,I-KARA,I-KARA,"I-KARA,LA-LENGA,2,3,KNA",1
5425_test.jpg,NANIA,NANIA,"NANIA,IA,NIA,PAMADA,SUKU",1
5426_test.jpg,SA-SAPA,SA-SAPA,"SA-SAPA,TA-TAWA,DA,MA,GANTUNGAN-TA-LATIK",1
5427_test.jpg,JA,JA,"JA,GANTUNGAN-NA,SA-SAGA,RA,GANTUNGAN-GA",1
5428_test.jpg,GANTUNGAN-NGA,GANTUNGAN-A,"GANTUNGAN-A,NGA,TALENG,A,RA",0
5429_test.jpg,NYA,NYA,"NYA,RA-TEDONG,TA-TEDONG,GANTUNGAN-NGA,KA-TEDONG",1
542_test.jpg,ULU,ULU,"ULU,GANTUNGAN-GA,0,ULU-SARI,TEDONG",1
5430_test.jpg,SURANG,SURANG,"SURANG,GANTUNGAN-MA,GANTUNGAN-TA-LATIK,TALENG,GANTUNGAN-NA",1
5431_test.jpg,PEPET,PEPET,"PEPET,6,GANTUNGAN-GA,GANTUNGAN-DA,GANTUNGAN-MA",1
5432_test.jpg,ULU-RICEM,ULU-SARI,"ULU-SARI,ULU-RICEM,SA-SAGA,TEDONG,GANTUNGAN-NA",0
5433_test.jpg,PEPET,PEPET,"PEPET,GANTUNGAN-KA,GANTUNGAN-GA,GANTUNGAN-LA,GANTUNGAN-BA",1
5434_test.jpg,BISAH,BISAH,"BISAH,TALENG,JU,ADEG-ADEG,GRA",1
5435_test.jpg,TALENG,TALENG,"TALENG,CECEK,GU,RA,ULU",1
5436_test.jpg,JA,GANTUNGAN-MA,"GANTUNGAN-MA,PEPET,GANTUNGAN-KA,DA,GANTUNGAN-GA",0
5437_test.jpg,TA,TA,"TA,TU,NA-RAMBAT,TI,BA",1
5438_test.jpg,CECEK,CECEK,"CECEK,BISAH,GANTUNGAN-NA,TALENG,ULU",1
5439_test.jpg,MA,MA,"MA,SA-SAPA,MA-TEDONG,PA,DA-MADU",1
543_test.jpg,PA,PA,"PA,8,GEMPELAN-PA,SA,MA",1
5440_test.jpg,LA,GANTUNGAN-LA,"GANTUNGAN-LA,LA,7,SURANG,SA",0
5441_test.jpg,MA-TEDONG,MA-TEDONG,"MA-TEDONG,MA,RA,GEMPELAN-SA-SAPA,NGA",1
5442_test.jpg,TEDONG,TEDONG,"TEDONG,GU,TU,ULU,U",1
5443_test.jpg,MA,MA,"MA,SA-SAPA,PI,PA,NANIA",1
5444_test.jpg,TALENG,TALENG,"TALENG,CECEK,RU,U,2",1
5445_test.jpg,RA,RA,"RA,RA-TEDONG,RU,ADEG-ADEG,NGA",1
5446_test.jpg,NA,NA,"NA,DA,GANTUNGAN-KA,NU,MA",1
5447_test.jpg,BISAH,BISAH,"BISAH,CECEK,ADEG-ADEG,4,TALENG",1
5448_test.jpg,TEDONG,TEDONG,"TEDONG,ADEG-ADEG,GU,SUKU,RU",1
5449_test.jpg,WA,WA,"WA,GANTUNGAN-TA,PA,CA,MA",1
544_test.jpg,GANTUNGAN-BA,BA,"BA,GANTUNGAN-BA,GANTUNGAN-NGA,RA-TEDONG,BU",0
5450_test.jpg,I,I,"I,TI,BI,2,1",1
5451_test.jpg,KA,KA,"KA,KA-TEDONG,KU,NA-RAMBAT,SA-SAGA",1
5452_test.jpg,PA,PA,"PA,GEMPELAN-PA,SUKU-KEMBUNG,GUWUNG,ULU",1
5453_test.jpg,GNA,WRE,"WRE,CA,MA,4,GANTUNGAN-NA",0
5454_test.jpg,PA,PA,"PA,MA,GEMPELAN-SA-SAPA,8,WA",1
5455_test.jpg,SURANG,SURANG,"SURANG,PEPET,GANTUNGAN-JA,GANTUNGAN-DA,GANTUNGAN-TA-LATIK",1
5456_test.jpg,ULU,ULU,"ULU,TEDONG,ULU-SARI,CECEK,GANTUNGAN-GA",1
5457_test.jpg,ULU-CANDRA,ULU-CANDRA,"ULU-CANDRA,ULU-RICEM,GUWUNG-MACELEK,8,GUWUNG",1
5458_test.jpg,JA,JA,"JA,JA-TEDONG,1,NA,KU",1
5459_test.jpg,TU,TU,"TU,WU,TIA,TRA,2",1
545_test.jpg,SURANG,SURANG,"SURANG,GANTUNGAN-TA-LATIK,GANTUNGAN-MA,TALENG,GANTUNGAN-NA",1
5460_test.jpg,SURANG,SURANG,"SURANG,GANTUNGAN-TA-LATIK,GANTUNGAN-MA,GEMPELAN-SA-SAPA,8",1
5461_test.jpg,IA,IA,"IA,TIA,GUWUNG-MACELEK,NIA,NANIA",1
5462_test.jpg,BISAH,BISAH,"BISAH,4,NU,JU,ADEG-ADEG",1
5463_test.jpg,CECEK,CECEK,"CECEK,BISAH,TALENG,ADEG-ADEG,RA",1
5464_test.jpg,KA,KA,"KA,KU,GANTUNGAN-KA,NA-RAMBAT,KA-TEDONG",1
5465_test.jpg,TALENG,TALENG,"TALENG,NGU,U,2,NA-RAMBAT",1
5466_test.jpg,DA-MADU,DA-MADU,"DA-MADU,DA-TEDONG,DA,TA-TAWA,GANTUNGAN-CA",1
5467_test.jpg,TI,TI,"TI,I,1,WI,LI",1
5468_test.jpg,ADEG-ADEG,ADEG-ADEG,"ADEG-ADEG,SUKU,RU,GNA,RA",1
5469_test.jpg,NA,KA-TEDONG,"KA-TEDONG,GANTUNGAN-KA,NA,NYA,NA-TEDONG",0
546_test.jpg,DA,DI,"DI,6,NI,E-KARA,U-KARA",0
5470_test.jpg,BISAH,BISAH,"BISAH,TALENG,SURANG,ADEG-ADEG,NANIA",1
5471_test.jpg,CECEK,CECEK,"CECEK,ULU,TALENG,BISAH,TEDONG",1
5472_test.jpg,GANTUNGAN-TA,GANTUNGAN-TA,"GANTUNGAN-TA,GANTUNGAN-A,WA,WA-TEDONG,LA-TEDONG",1
5473_test.jpg,DA,DA,"DA,BA-KEMBANG,TA-TAWA,6,GUWUNG-MACELEK",1
5474_test.jpg,TALENG,TALENG,"TALENG,GU,BISAH,TU,U",1
5475_test.jpg,WA,WA,"WA,GANTUNGAN-TA,PA,A,WA-TEDONG",1
5476_test.jpg,PEPET,PEPET,"PEPET,ULU-RICEM,DA,GANTUNGAN-KA,ULU",1
5477_test.jpg,YA,YA,"YA,SA,GANTUNGAN-CA,LA,GANTUNGAN-TA-LATIK",1
5478_test.jpg,WA,WA,"WA,WI,0,GANTUNGAN-TA,PA",1
5479_test.jpg,WA,WA,"WA,GANTUNGAN-TA,0,ULU-SARI,GANTUNGAN-JA",1
547_test.jpg,JA,JA,"JA,6,GANTUNGAN-A,DA,E-KARA",1
5480_test.jpg,BA,BA,"BA,GANTUNGAN-BA,GANTUNGAN-NGA,NA-RAMBAT,1",1
5481_test.jpg,KA,KA,"KA,KA-TEDONG,KU,GANTUNGAN-KA,NA-RAMBAT",1
5482_test.jpg,A,NGA,"NGA,A,I-KARA,DA,7",0
5483_test.jpg,NANIA,NANIA,"NANIA,IA,NIA,RU,PAMADA",1
5484_test.jpg,A,A,"A,U,LA,GANTUNGAN-A,YA",1
5485_test.jpg,SA,SA,"SA,CA,7,A-KARA,GANTUNGAN-CA",1
5486_test.jpg,E-KARA,6,"6,GANTUNGAN-DA,E-KARA,U-KARA,PEPET",0
5487_test.jpg,SUKU-KEMBUNG,SUKU-KEMBUNG,"SUKU-KEMBUNG,GUWUNG,BRA,GRA,GANTUNGAN-MA",1
5488_test.jpg,RA,RA,"RA,RU,RA-TEDONG,GANTUNGAN-A,MA",1
5489_test.jpg,0,0,"0,ULU,GANTUNGAN-GA,PA,GANTUNGAN-TA",1
548_test.jpg,GU,GU,"GU,GA,NA-RAMBAT,GNA,TU",1
5490_test.jpg,PA,PA,"PA,WA,GEMPELAN-PA,SA,GANTUNGAN-TA-LATIK",1
5491_test.jpg,KA,KA,"KA,GANTUNGAN-KA,KA-TEDONG,NA-RAMBAT,GANTUNGAN-BA",1
5492_test.jpg,BISAH,BISAH,"BISAH,TALENG,CECEK,ADEG-ADEG,4",1
5493_test.jpg,TA-TAWA,TA-TAWA,"TA-TAWA,WA,DA,SA-SAPA,PA",1
5494_test.jpg,BISAH,BISAH,"BISAH,JU,TALENG,4,RA",1
5495_test.jpg,GA,GA,"GA,GA-TEDONG,GANTUNGAN-GA,LA,SA-SAGA",1
5496_test.jpg,SUKU,SUKU,"SUKU,GANTUNGAN-NA,2,PU,U",1
5497_test.jpg,ADEG-ADEG,ADEG-ADEG,"ADEG-ADEG,SUKU,NANIA,SURANG,GNA",1
5498_test.jpg,TIA,TIA,"TIA,TUA,TRA,PAMADA,GUWUNG-MACELEK",1
5499_test.jpg,KA,KA,"KA,KA-TEDONG,BA,NGA,KU",1
549_test.jpg,RA,RA,"RA,CECEK,GANTUNGAN-TA,WA,TALENG",1
54_test.jpg,TALENG,TALENG,"TALENG,ADEG-ADEG,BISAH,2,BU",1
5500_test.jpg,JA,JA,"JA,JA-TEDONG,I-KARA,NA,RA",1
5501_test.jpg,TIA,TIA,"TIA,IA,TU,2,I-KARA",1
5502_test.jpg,CECEK,CECEK,"CECEK,ULU,TEDONG,TALENG,BISAH",1
5503_test.jpg,RA,RA,"RA,GANTUNGAN-A,GANTUNGAN-TA,GEMPELAN-PA,WA",1
5504_test.jpg,BI,BI,"BI,1,TI,NGI,NGA",1
5505_test.jpg,NANIA,8,"8,GEMPELAN-PA,IA,NANIA,GEMPELAN-SA-SAPA",0
5506_test.jpg,SUKU,SUKU,"SUKU,CECEK,GANTUNGAN-NA,ADEG-ADEG,TALENG",1
5507_test.jpg,BISAH,BISAH,"BISAH,TALENG,4,MU,GANTUNGAN-NA",1
5508_test.jpg,KU,KU,"KU,NIA,KNA,KRA,NU",1
5509_test.jpg,LA,LA,"LA,GANTUNGAN-LA,7,GA-TEDONG,SA",1
550_test.jpg,MI,MI,"MI,SI,RU,NU,PI",1
5510_test.jpg,JA,JA,"JA,RA,BISAH,JU,SA-SAGA",1
5511_test.jpg,KA,KA,"KA,NA-RAMBAT,BA,TA,KU",1
5512_test.jpg,TA,TA,"TA,BA,TU,A,KA",1
5513_test.jpg,RA,RA,"RA,GANTUNGAN-KA,MA,NA,CA",1
5514_test.jpg,DA,DA,"DA,YA,A,WA-TEDONG,BA-KEMBANG",1
5515_test.jpg,GUWUNG,GUWUNG,"GUWUNG,GUWUNG-MACELEK,GANTUNGAN-MA,SUKU-KEMBUNG,SURANG",1
5516_test.jpg,MA,MA,"MA,MA-TEDONG,A-KARA,SA-SAPA,GEMPELAN-SA-SAPA",1
5517_test.jpg,KA,KA,"KA,KA-TEDONG,NA-RAMBAT,KU,GANTUNGAN-KA",1
5518_test.jpg,RA,RA,"RA,RA-TEDONG,GANTUNGAN-GA,TA-TEDONG,A-TEDONG",1
5519_test.jpg,YA,YA,"YA,9,LA,A,SA",1
551_test.jpg,CECEK,CECEK,"CECEK,ULU,BISAH,TALENG,GANTUNGAN-NA",1
5520_test.jpg,NA,NA,"NA,GANTUNGAN-KA,BA-KEMBANG,JNA,CA",1
5521_test.jpg,NA,NA,"NA,GANTUNGAN-KA,CA,SA,BA-KEMBANG",1
5522_test.jpg,NA,NA,"NA,GANTUNGAN-KA,MA,KA,DA",1
5523_test.jpg,NA,GANTUNGAN-KA,"GANTUNGAN-KA,NA,KA,KA-TEDONG,DA",0
5524_test.jpg,SURANG,SURANG,"SURANG,GANTUNGAN-NA,GANTUNGAN-LA,CECEK,GANTUNGAN-TA",1
5525_test.jpg,CECEK,CECEK,"CECEK,TEDONG,ULU,BISAH,4",1
5526_test.jpg,GANTUNGAN-TA,GANTUNGAN-TA,"GANTUNGAN-TA,GANTUNGAN-CA,CA,WA,DA-MADU",1
5527_test.jpg,DU,DU,"DU,CU,NGU,NU,DA-TEDONG",1
5528_test.jpg,BISAH,BISAH,"BISAH,TALENG,ADEG-ADEG,4,JU",1
5529_test.jpg,NA,NA,"NA,GANTUNGAN-KA,DA,KA,MA",1
552_test.jpg,TA,TA,"TA,TU,BA,TI,TA-TEDONG",1
5530_test.jpg,PA,PA,"PA,GEMPELAN-PA,MA,WA,MA-TEDONG",1
5531_test.jpg,YA-TEDONG,YA-TEDONG,"YA-TEDONG,YA,GANTUNGAN-CA,9,A",1
5532_test.jpg,KA,KA,"KA,KA-TEDONG,KU,DA-TEDONG,NA-RAMBAT",1
5533_test.jpg,SUKU-KEMBUNG,SUKU-KEMBUNG,"SUKU-KEMBUNG,BRA,GRA,GUWUNG,ULU",1
5534_test.jpg,GANTUNGAN-CA,GANTUNGAN-CA,"GANTUNGAN-CA,PEPET,GANTUNGAN-DA,NA-RAMBAT-TEDONG,GANTUNGAN-JA",1
5535_test.jpg,KA,KA,"KA,KA-TEDONG,GANTUNGAN-KA,KU,NA-RAMBAT",1
5536_test.jpg,KA,KA,"KA,LA,SA-SAGA,KU,NA-RAMBAT",1
5537_test.jpg,JA,JA,"JA,SA-SAGA,RA,JA-TEDONG,6",1
5538_test.jpg,YA,YA,"YA,LA,SA,9,GANTUNGAN-LA",1
5539_test.jpg,NYA,NYA,"NYA,GANTUNGAN-NYA,NA-RAMBAT-TEDONG,BA,KA-TEDONG",1
553_test.jpg,ULU,ULU,"ULU,GANTUNGAN-GA,PEPET,SUKU-KEMBUNG,GANTUNGAN-MA",1
5540_test.jpg,ADEG-ADEG,ADEG-ADEG,"ADEG-ADEG,TALENG,TEDONG,GU,CECEK",1
5541_test.jpg,2,2,"2,KNA,LA-LENGA,KU,I-KARA",1
5542_test.jpg,PEPET,PEPET,"PEPET,GANTUNGAN-MA,JA,DA,ULU-SARI",1
5543_test.jpg,TALENG,ADEG-ADEG,"ADEG-ADEG,SUKU,TALENG,NANIA,GNA",0
5544_test.jpg,RU,RU,"RU,WU,MU,TU,5",1
5545_test.jpg,DA-TEDONG,DA-TEDONG,"DA-TEDONG,NA-RAMBAT,YA-TEDONG,BA-KEMBANG,DA-MADU",1
5546_test.jpg,KA,KA,"KA,GANTUNGAN-KA,KA-TEDONG,DA-TEDONG,NA",1
5547_test.jpg,TU,TU,"TU,TRA,TIA,RU,TUA",1
5548_test.jpg,RA,RA,"RA,GANTUNGAN-TA,MA,KA,JA",1
5549_test.jpg,7,7,"7,LA,LI,LA-TEDONG,GA-TEDONG",1
554_test.jpg,KA,KA,"KA,KA-TEDONG,KU,NA-RAMBAT,GANTUNGAN-BA",1
5550_test.jpg,TA,TA,"TA,A,TA-TEDONG,TI,WA-TEDONG",1
5551_test.jpg,YA,YA,"YA,LA,ULU-CANDRA,GANTUNGAN-TA-LATIK,A",1
5552_test.jpg,SUKU,ADEG-ADEG,"ADEG-ADEG,SUKU,NANIA,RU,GNA",0
5553_test.jpg,GANTUNGAN-TA,GANTUNGAN-TA,"GANTUNGAN-TA,WA,WA-TEDONG,GANTUNGAN-JA,GANTUNGAN-CA",1
5554_test.jpg,A,A-TEDONG,"A-TEDONG,A,GANTUNGAN-NGA,GANTUNGAN-A,GA-TEDONG",0
5555_test.jpg,NANIA,NANIA,"NANIA,IA,MU,RU,SUKU-KEMBUNG",1
5556_test.jpg,ULU,ULU,"ULU,TEDONG,ADEG-ADEG,GANTUNGAN-GA,ULU-SARI",1
5557_test.jpg,GA,GA,"GA,GANTUNGAN-GA,KA,GANTUNGAN-BA,TA",1
5558_test.jpg,LA,LA,"LA,GANTUNGAN-LA,GA,GA-TEDONG,7",1
5559_test.jpg,TA,TA,"TA,TA-TEDONG,TI,TU,A",1
555_test.jpg,DA,DA,"DA,BA-KEMBANG,NA,DA-MADU,YA",1
5560_test.jpg,YA,YA,"YA,SA,9,GANTUNGAN-CA,LA",1
5561_test.jpg,2,DU,"DU,JA,RU,I-KARA,KU",0
5562_test.jpg,WA,WA,"WA,GANTUNGAN-TA,PA,0,CA",1
5563_test.jpg,PA,PA,"PA,LA,SA,7,8",1
5564_test.jpg,JA,JA,"JA,KA,KU,SA-SAGA,4",1
5565_test.jpg,GANTUNGAN-TA,GANTUNGAN-TA,"GANTUNGAN-TA,WA,RA,ULU,GANTUNGAN-A",1
5566_test.jpg,BU,BU,"BU,LU,BRA,U,NANIA",1
5567_test.jpg,RA,RA,"RA,RA-TEDONG,MA-TEDONG,MA,ADEG-ADEG",1
5568_test.jpg,NYA,NYA,"NYA,TA-TEDONG,GA-TEDONG,A-TEDONG,GANTUNGAN-NYA",1
5569_test.jpg,PA,PA,"PA,GANTUNGAN-TA-LATIK,SA,8,SA-SAPA",1
556_test.jpg,BA,BA,"BA,KA,YA,NGA,GANTUNGAN-BA",1
5570_test.jpg,BI,BI,"BI,NGI,1,TI,I",1
5571_test.jpg,MA,MA,"MA,NANIA,GEMPELAN-SA-SAPA,SA,A-KARA",1
5572_test.jpg,KA,KA,"KA,KA-TEDONG,KU,GANTUNGAN-KA,NA-RAMBAT",1
5573_test.jpg,BRA,BRA,"BRA,KRA,GRA,TRA,NIA",1
5574_test.jpg,TU,TU,"TU,TRA,GU,U,BU",1
5575_test.jpg,MA,MA,"MA,SA-SAPA,A-KARA,GEMPELAN-SA-SAPA,MA-TEDONG",1
5576_test.jpg,GA,GA,"GA,GANTUNGAN-GA,GU,NA-RAMBAT,LA",1
5577_test.jpg,BA,BA,"BA,NA-RAMBAT,TA,GANTUNGAN-NGA,GANTUNGAN-BA",1
5578_test.jpg,PEPET,PEPET,"PEPET,GANTUNGAN-MA,GANTUNGAN-GA,ULU,DA",1
5579_test.jpg,MA,MA,"MA,WA,GANTUNGAN-TA,MA-TEDONG,PA",1
557_test.jpg,NGA,NGA,"NGA,3,GANTUNGAN-NGA,RA-TEDONG,GANTUNGAN-BA",1
5580_test.jpg,LA,LA,"LA,GANTUNGAN-LA,SA,7,LU",1
5581_test.jpg,GA,GA,"GA,GANTUNGAN-GA,BA,LA,SA-SAGA",1
5582_test.jpg,DA-TEDONG,DA-TEDONG,"DA-TEDONG,NA-RAMBAT,TA-TEDONG,KA-TEDONG,GA-TEDONG",1
5583_test.jpg,TEDONG,TEDONG,"TEDONG,4,0,ULU,CECEK",1
5584_test.jpg,TEDONG,TEDONG,"TEDONG,GU,ADEG-ADEG,GA,RA",1
5585_test.jpg,TA,TA,"TA,KA,BA,SA-SAGA,TU",1
5586_test.jpg,NANIA,NANIA,"NANIA,IA,SUKU,GU,NIA",1
5587_test.jpg,PA,PA,"PA,SA,LA,8,GEMPELAN-PA",1
5588_test.jpg,ADEG-ADEG,ADEG-ADEG,"ADEG-ADEG,5,I,MI,NU",1
5589_test.jpg,MA,MA,"MA,PI,SA-SAPA,MA-TEDONG,PA",1
558_test.jpg,NGA,NGA,"NGA,GANTUNGAN-NGA,A,WA-TEDONG,GANTUNGAN-BA",1
5590_test.jpg,BISAH,BISAH,"BISAH,TALENG,4,ADEG-ADEG,SUKU",1
5591_test.jpg,DA,DA,"DA,GANTUNGAN-A,GANTUNGAN-TA,WA,RA",1
5592_test.jpg,TALENG,TALENG,"TALENG,U,TU,2,IA",1
5593_test.jpg,LA,LA,"LA,7,GANTUNGAN-LA,GA-TEDONG,GANTUNGAN-GA",1
5594_test.jpg,WA,WA,"WA,GANTUNGAN-TA,CA,WA-TEDONG,GANTUNGAN-CA",1
5595_test.jpg,SA,SA,"SA,A-KARA,CA,9,GEMPELAN-SA-SAPA",1
5596_test.jpg,WA,WA,"WA,GANTUNGAN-TA,CA,WA-TEDONG,TA-TAWA",1
5597_test.jpg,WA,WA,"WA,GANTUNGAN-TA,0,CA,PA",1
5598_test.jpg,SUKU,SUKU,"SUKU,NANIA,GANTUNGAN-NA,PU,MU",1
5599_test.jpg,BISAH,BISAH,"BISAH,TALENG,ADEG-ADEG,4,SURANG",1
559_test.jpg,CECEK,CECEK,"CECEK,ULU,BISAH,TALENG,TEDONG",1
55_test.jpg,NYA,NYA,"NYA,TA-TEDONG,GANTUNGAN-NYA,GA-TEDONG,KA-TEDONG",1
5600_test.jpg,DA,DA,"DA,NA,TA-TAWA,6,I-KARA",1
5601_test.jpg,RA,RA,"RA,RA-TEDONG,WA,ADEG-ADEG,RU",1
5602_test.jpg,GEMPELAN-PA,GEMPELAN-PA,"GEMPELAN-PA,ULU,GANTUNGAN-NA,CECEK,PA",1
5603_test.jpg,ULU,ULU,"ULU,SUKU-KEMBUNG,TALENG,PEPET,GEMPELAN-PA",1
5604_test.jpg,DA,DA,"DA,BA-KEMBANG,NA,ULU-RICEM,DA-TEDONG",1
5605_test.jpg,KA,KA,"KA,KU,NA-RAMBAT,BA,TA",1
5606_test.jpg,SURANG,SURANG,"SURANG,GANTUNGAN-MA,GANTUNGAN-TA-LATIK,GUWUNG,TALENG",1
5607_test.jpg,TA,TA,"TA,TU,BA,KA,A",1
5608_test.jpg,SA,SA,"SA,MA,GANTUNGAN-TA,GANTUNGAN-LA,PA",1
5609_test.jpg,CECEK,CECEK,"CECEK,ULU,BISAH,TEDONG,TALENG",1
560_test.jpg,A-TEDONG,A,"A,A-TEDONG,YA-TEDONG,GANTUNGAN-NGA,LA-TEDONG",0
5610_test.jpg,JNA,JNA,"JNA,GANTUNGAN-NA,KNA,LA-LENGA,2",1
5611_test.jpg,TU,TU,"TU,TRA,TIA,TUA,WU",1
5612_test.jpg,SUKU,SUKU,"SUKU,SUKU-KEMBUNG,PU,GEMPELAN-PA,NANIA",1
5613_test.jpg,SA,SA,"SA,CA,7,NA,MA",1
5614_test.jpg,PA,PA,"PA,WA,SUKU-KEMBUNG,GEMPELAN-PA,ULU",1
5615_test.jpg,TA,TU,"TU,TA,BA,KA,TIA",0
5616_test.jpg,KA-TEDONG,KA-TEDONG,"KA-TEDONG,KA,NA-RAMBAT-TEDONG,NA-TEDONG,DA-TEDONG",1
5617_test.jpg,CECEK,CECEK,"CECEK,BISAH,TALENG,GANTUNGAN-NA,ULU",1
5618_test.jpg,SUKU,SUKU,"SUKU,NANIA,PU,SUKU-KEMBUNG,GANTUNGAN-NA",1
5619_test.jpg,TA,TA,"TA,TU,BA,TRA,NA-RAMBAT",1
561_test.jpg,GU,GU,"GU,TU,GNA,U,LU",1
5620_test.jpg,YA,JA,"JA,RA,I-KARA,I,RA-TEDONG",0
5621_test.jpg,TEDONG,TEDONG,"TEDONG,SUKU-ILUT,SUKU,GU,4",1
5622_test.jpg,JA,JU,"JU,4,BISAH,SUKU-ILUT,JNA",0
5623_test.jpg,ULU,ULU,"ULU,0,TALENG,GANTUNGAN-GA,ULU-SARI",1
5624_test.jpg,GA,GA,"GA,GANTUNGAN-GA,GU,SA-SAGA,KA",1
5625_test.jpg,KU,KU,"KU,KA,NU,KNA,KRA",1
5626_test.jpg,GUWUNG,GUWUNG,"GUWUNG,GUWUNG-MACELEK,NANIA,GANTUNGAN-LA,GANTUNGAN-DA",1
5627_test.jpg,RA,RA,"RA,RU,RA-TEDONG,NGA,MA",1
5628_test.jpg,GA,GA,"GA,GU,BA,JA,GANTUNGAN-GA",1
5629_test.jpg,TI,TI,"TI,I,MI,RA-TEDONG,LI",1
562_test.jpg,NGA,NGA,"NGA,GANTUNGAN-NGA,A,1,BA",1
5630_test.jpg,NA,NA,"NA,GANTUNGAN-KA,TEDONG,ULU-SARI,KA-TEDONG",1
5631_test.jpg,TA,TA,"TA,GANTUNGAN-TA,KA,A,TA-TEDONG",1
5632_test.jpg,CECEK,CECEK,"CECEK,TALENG,BISAH,ADEG-ADEG,TEDONG",1
5633_test.jpg,NA,NA,"NA,CA,GANTUNGAN-KA,NA-TEDONG,NI",1
5634_test.jpg,A,A,"A,U,LA,GANTUNGAN-GA,NGA",1
5635_test.jpg,BISAH,CECEK,"CECEK,BISAH,TALENG,ULU,TEDONG",0
5636_test.jpg,LA,LA,"LA,GANTUNGAN-LA,7,SA,8",1
5637_test.jpg,TU,TU,"TU,TIA,TRA,BU,IA",1
5638_test.jpg,YA,YA,"YA,LA,ULU-CANDRA,SA,A",1
5639_test.jpg,SA,SA,"SA,CA,7,PA,LA",1
563_test.jpg,GUWUNG,SUKU-KEMBUNG,"SUKU-KEMBUNG,GUWUNG,NANIA,BRA,BU",0
5640_test.jpg,WA,WA,"WA,PA,GANTUNGAN-TA,WI,8",1
5641_test.jpg,TALENG,TALENG,"TALENG,U,CECEK,GANTUNGAN-DA,ULU",1
5642_test.jpg,GANTUNGAN-DA,GANTUNGAN-A,"GANTUNGAN-A,GANTUNGAN-DA,A,GANTUNGAN-LA,PEPET",0
5643_test.jpg,SURANG,SURANG,"SURANG,ADEG-ADEG,PEPET,NYA,BISAH",1
5644_test.jpg,BISAH,BISAH,"BISAH,TALENG,ADEG-ADEG,4,JU",1
5645_test.jpg,YA,YA,"YA,9,LA,A,DA",1
5646_test.jpg,CECEK,CECEK,"CECEK,SUKU,NANIA,TEDONG,TALENG",1
5647_test.jpg,KA-TEDONG,KA-TEDONG,"KA-TEDONG,DA-TEDONG,KA,NA-RAMBAT-TEDONG,NA-TEDONG",1
5648_test.jpg,NA,NA,"NA,GANTUNGAN-KA,MA,CA,DA",1
5649_test.jpg,5,5,"5,TRA,DU,WI,GANTUNGAN-JA",1
564_test.jpg,TEDONG,TEDONG,"TEDONG,ULU,CECEK,ADEG-ADEG,GU",1
5650_test.jpg,ADEG-ADEG,ADEG-ADEG,"ADEG-ADEG,CECEK,TALENG,SUKU,RU",1
5651_test.jpg,NGA,NGA,"NGA,GANTUNGAN-NGA,GANTUNGAN-BA,A,BA",1
5652_test.jpg,TEDONG,TEDONG,"TEDONG,SUKU-ILUT,GU,SUKU,ULU",1
5653_test.jpg,LA,LA,"LA,7,PA,LA-TEDONG,GANTUNGAN-LA",1
5654_test.jpg,SUKU,SUKU,"SUKU,GANTUNGAN-NA,TALENG,PU,NANIA",1
5655_test.jpg,MA,MA,"MA,SA-SAPA,GEMPELAN-SA-SAPA,A-KARA,MA-TEDONG",1
5656_test.jpg,A,A,"A,GANTUNGAN-DA,U,DA,LA",1
5657_test.jpg,TU,TU,"TU,TRA,TIA,RU,U",1
5658_test.jpg,TU,TU,"TU,GU,RU,U,TRA",1
5659_test.jpg,JA,JA,"JA,RA,JU,BISAH,4",1
565_test.jpg,RA,RA,"RA,MA,RA-TEDONG,GANTUNGAN-GA,MA-TEDONG",1
5660_test.jpg,TU,TU,"TU,TRA,TIA,U,LU",1
5661_test.jpg,JA,JA,"JA,4,JU,KU,RA",1
5662_test.jpg,NGA,NGA,"NGA,GANTUNGAN-NGA,A,YA,DA",1
5663_test.jpg,PA,PA,"PA,8,GEMPELAN-PA,SA,MA",1
5664_test.jpg,TEDONG,TEDONG,"TEDONG,GU,SUKU,4,GA",1
5665_test.jpg,RU,RU,"RU,NANIA,ADEG-ADEG,WU,SUKU",1
5666_test.jpg,CECEK,CECEK,"CECEK,TALENG,ULU,BISAH,ADEG-ADEG",1
5667_test.jpg,RA,RA,"RA,RA-TEDONG,NGA,GANTUNGAN-A,MA",1
5668_test.jpg,TEDONG,TEDONG,"TEDONG,GU,ADEG-ADEG,SUKU,RU",1
5669_test.jpg,RA,RA,"RA,MA-TEDONG,WA-TEDONG,MA,RA-TEDONG",1
566_test.jpg,TALENG,TALENG,"TALENG,TU,WU,5,NGU",1
5670_test.jpg,TEDONG,TEDONG,"TEDONG,GU,SUKU,SUKU-ILUT,U",1
5671_test.jpg,PU,PU,"PU,LU,SU,MU,WU",1
5672_test.jpg,GEMPELAN-SA-SAPA,GEMPELAN-SA-SAPA,"GEMPELAN-SA-SAPA,WI,GEMPELAN-PA,TI,I",1
5673_test.jpg,LA,GANTUNGAN-LA,"GANTUNGAN-LA,LA,GANTUNGAN-DA,7,SA",0
5674_test.jpg,NA-RAMBAT,NA-RAMBAT,"NA-RAMBAT,GANTUNGAN-BA,BA,BU,GANTUNGAN-NYA",1
5675_test.jpg,GANTUNGAN-MA,GANTUNGAN-MA,"GANTUNGAN-MA,GUWUNG-MACELEK,GANTUNGAN-TA-LATIK,WI,U-KARA",1
5676_test.jpg,GANTUNGAN-TA,GANTUNGAN-TA,"GANTUNGAN-TA,GANTUNGAN-KA,GANTUNGAN-A,ULU-RICEM,LA-TEDONG",1
5677_test.jpg,CECEK,CECEK,"CECEK,TALENG,SURANG,BISAH,GANTUNGAN-NA",1
5678_test.jpg,CECEK,CECEK,"CECEK,GANTUNGAN-NA,ULU,TALENG,BISAH",1
5679_test.jpg,NA,NA,"NA,GANTUNGAN-KA,DA,BA-KEMBANG,ULU-SARI",1
567_test.jpg,MA,MA,"MA,SA-SAPA,MA-TEDONG,PA,PI",1
5680_test.jpg,PA,PA,"PA,SA,MA,SA-SAPA,GEMPELAN-PA",1
5681_test.jpg,GUWUNG-MACELEK,GUWUNG-MACELEK,"GUWUNG-MACELEK,ULU-CANDRA,GANTUNGAN-DA,GANTUNGAN-MA,GUWUNG",1
5682_test.jpg,CECEK,CECEK,"CECEK,BISAH,TALENG,ULU,GANTUNGAN-NA",1
5683_test.jpg,BISAH,BISAH,"BISAH,NU,4,JU,JA",1
5684_test.jpg,ULU,GANTUNGAN-GA,"GANTUNGAN-GA,ULU,PEPET,GA,TEDONG",0
5685_test.jpg,TA,TA,"TA,BA,NA-RAMBAT,GANTUNGAN-BA,GANTUNGAN-NGA",1
5686_test.jpg,ADEG-ADEG,ADEG-ADEG,"ADEG-ADEG,SUKU,RA,TALENG,NANIA",1
5687_test.jpg,LA-LENGA,3,"3,2,LA-LENGA,I-KARA,GANTUNGAN-NA",0
5688_test.jpg,GA,GA,"GA,LA,TA,PEPET,SA-SAGA",1
5689_test.jpg,RA,RA,"RA,CECEK,TEDONG,ADEG-ADEG,RU",1
568_test.jpg,U,U,"U,YU,LU,A,IA",1
5690_test.jpg,SUKU,SUKU,"SUKU,GANTUNGAN-NA,MU,CECEK,4",1
5691_test.jpg,KA,KA,"KA,GANTUNGAN-KA,KA-TEDONG,A-KARA,KU",1
5692_test.jpg,LA-LENGA,LA-LENGA,"LA-LENGA,2,I-KARA,3,KNA",1
5693_test.jpg,GI,GI,"GI,JA,1,JA-TEDONG,RI",1
5694_test.jpg,BA,BA,"BA,NGA,NYA,RA-TEDONG,GANTUNGAN-NGA",1
5695_test.jpg,JA,JA,"JA,6,GANTUNGAN-A,RA,DA",1
5696_test.jpg,SA,SA,"SA,CA,A-KARA,NA,MA",1
5697_test.jpg,NA,NA,"NA,KA,GANTUNGAN-KA,CA,DA",1
5698_test.jpg,NA,NA,"NA,GANTUNGAN-KA,DA,KA,BA-KEMBANG",1
5699_test.jpg,NA,NA,"NA,GANTUNGAN-KA,BA-KEMBANG,DA,KA",1
569_test.jpg,LA,GANTUNGAN-LA,"GANTUNGAN-LA,LA,GA,GANTUNGAN-DA,A",0
56_test.jpg,GANTUNGAN-DA,GANTUNGAN-DA,"GANTUNGAN-DA,GUWUNG-MACELEK,GANTUNGAN-TA-LATIK,E-KARA,ULU-CANDRA",1
5700_test.jpg,NI,NING,"NING,NI,DI,GNA,SI",0
5701_test.jpg,GANTUNGAN-GA,GANTUNGAN-GA,"GANTUNGAN-GA,GA,TEDONG,JA,RA",1
5702_test.jpg,SUKU-KEMBUNG,SUKU-KEMBUNG,"SUKU-KEMBUNG,GUWUNG,BRA,GRA,0",1
5703_test.jpg,NA,NA,"NA,CA,BA-KEMBANG,GANTUNGAN-KA,SA",1
5704_test.jpg,PEPET,PEPET,"PEPET,GANTUNGAN-MA,JA,GANTUNGAN-GA,ULU-RICEM",1
5705_test.jpg,MA,MA,"MA,MA-TEDONG,PI,SA-SAPA,A-KARA",1
5706_test.jpg,RA,RA,"RA,WA,RA-TEDONG,GANTUNGAN-GA,GANTUNGAN-TA",1
5707_test.jpg,SURANG,SURANG,"SURANG,GUWUNG,GANTUNGAN-JA,GANTUNGAN-TA-LATIK,GANTUNGAN-LA",1
5708_test.jpg,BA-KEMBANG,NA,"NA,ULU-RICEM,BA-KEMBANG,ULU-SARI,PEPET",0
5709_test.jpg,E-KARA,GANTUNGAN-DA,"GANTUNGAN-DA,GANTUNGAN-A,6,A,E-KARA",0
570_test.jpg,NANIA,NANIA,"NANIA,NIA,IA,PI,PAMADA",1
5710_test.jpg,PA,PA,"PA,MA,SA,SA-SAPA,8",1
5711_test.jpg,SURANG,SURANG,"SURANG,GANTUNGAN-TA-LATIK,GANTUNGAN-MA,CECEK,GANTUNGAN-TA",1
5712_test.jpg,DA,DA,"DA,NA,TA-TAWA,DU,ULU-RICEM",1
5713_test.jpg,TA,TA,"TA,A,WA-TEDONG,GUWUNG-MACELEK,TU",1
5714_test.jpg,GEMPELAN-PA,GEMPELAN-PA,"GEMPELAN-PA,8,PA,SUKU-ILUT,GANTUNGAN-NA",1
5715_test.jpg,GA,GA,"GA,GANTUNGAN-GA,KA,NA-RAMBAT,GU",1
5716_test.jpg,DA-MADU,DA-MADU,"DA-MADU,DA,BA-KEMBANG,TA-TAWA,GANTUNGAN-CA",1
5717_test.jpg,DA,DA,"DA,KA,PEPET,A-KARA,A",1
5718_test.jpg,NA,NA,"NA,BA-KEMBANG,DA,GANTUNGAN-KA,KA",1
5719_test.jpg,LI,LI,"LI,PI,SI,I,7",1
571_test.jpg,NA,NA,"NA,GANTUNGAN-KA,DA,GANTUNGAN-NA,JA",1
5720_test.jpg,PEPET,PEPET,"PEPET,GANTUNGAN-DA,GANTUNGAN-MA,6,GANTUNGAN-GA",1
5721_test.jpg,BA,BA,"BA,GANTUNGAN-BA,NA-RAMBAT,KA,GANTUNGAN-NGA",1
5722_test.jpg,ADEG-ADEG,ADEG-ADEG,"ADEG-ADEG,SUKU,NANIA,SURANG,TALENG",1
5723_test.jpg,A,A,"A,U,TA,BA,NA-RAMBAT",1
5724_test.jpg,SURANG,SURANG,"SURANG,GANTUNGAN-MA,GANTUNGAN-NA,GANTUNGAN-TA-LATIK,TALENG",1
5725_test.jpg,SUKU,SUKU,"SUKU,GANTUNGAN-NA,SUKU-KEMBUNG,PU,2",1
5726_test.jpg,NA,GANTUNGAN-GA,"GANTUNGAN-GA,PEPET,6,NI,NA-TEDONG",0
5727_test.jpg,SUKU,SUKU,"SUKU,NANIA,IA,NIA,GANTUNGAN-NA",1
5728_test.jpg,BA,BA,"BA,NA-RAMBAT,GANTUNGAN-NGA,GANTUNGAN-BA,NYA",1
5729_test.jpg,JA,JA,"JA,JU,BISAH,4,TEDONG",1
572_test.jpg,JU,JU,"JU,DU,GRA,TALENG,U",1
5730_test.jpg,NA,NA,"NA,CA,BA-KEMBANG,GANTUNGAN-KA,SA",1
5731_test.jpg,NIA,NIA,"NIA,IA,NANIA,PAMADA,7",1
5732_test.jpg,PA,PA,"PA,WA,8,SA,GANTUNGAN-TA-LATIK",1
5733_test.jpg,SA,SA,"SA,CA,GANTUNGAN-NA,LA-LENGA,GEMPELAN-SA-SAPA",1
5734_test.jpg,RA,RA,"RA,JA,GANTUNGAN-GA,GA,LA-TEDONG",1
5735_test.jpg,KU,KU,"KU,KRA,NIA,GU,BU",1
5736_test.jpg,JI,JI,"JI,GI,NGI,GNA,DI",1
5737_test.jpg,KU,KU,"KU,KRA,NIA,LU,BU",1
5738_test.jpg,PA,PA,"PA,GEMPELAN-PA,SA,8,0",1
5739_test.jpg,RA,RA,"RA,WA,RA-TEDONG,MA,MA-TEDONG",1
573_test.jpg,GANTUNGAN-TA-LATIK,GANTUNGAN-TA-LATIK,"GANTUNGAN-TA-LATIK,GANTUNGAN-JA,PEPET,GANTUNGAN-TA,GANTUNGAN-MA",1
5740_test.jpg,RA,RA,"RA,MA,RA-TEDONG,MA-TEDONG,RU",1
5741_test.jpg,KA,KA,"KA,KA-TEDONG,KU,SA-SAGA,LA",1
5742_test.jpg,DA,DA,"DA,GANTUNGAN-KA,TALENG,I-KARA,RA",1
5743_test.jpg,LA,LA,"LA,GANTUNGAN-LA,GANTUNGAN-GA,GA-TEDONG,GA",1
5744_test.jpg,KA,KA,"KA,KA-TEDONG,SA-SAGA,NA-RAMBAT,KU",1
5745_test.jpg,MA,MA,"MA,A-KARA,SA-SAPA,MA-TEDONG,ULU-RICEM",1
5746_test.jpg,ADEG-ADEG,ADEG-ADEG,"ADEG-ADEG,TALENG,RA,RI,BISAH",1
5747_test.jpg,ADEG-ADEG,ADEG-ADEG,"ADEG-ADEG,5,TALENG,BISAH,CECEK",1
5748_test.jpg,I-KARA,I-KARA,"I-KARA,2,NGA,TU,DA",1
5749_test.jpg,SA,SA,"SA,YA,A-KARA,GEMPELAN-SA-SAPA,CA",1
574_test.jpg,SA,SA,"SA,CA,MA,LA,7",1
5750_test.jpg,JA,JA,"JA,SA-SAGA,PEPET,JA-TEDONG,NA",1
5751_test.jpg,TA,TA,"TA,A,WA-TEDONG,6,LA",1
5752_test.jpg,KA,KA,"KA,KA-TEDONG,NA-RAMBAT,GANTUNGAN-BA,GANTUNGAN-LA",1
5753_test.jpg,NGA,DA,"DA,A,NGA,GANTUNGAN-NGA,DU",0
5754_test.jpg,SA,SA,"SA,PA,CA,MA,GEMPELAN-PA",1
5755_test.jpg,MA,MA,"MA,SA-SAPA,A-KARA,PA,GEMPELAN-SA-SAPA",1
5756_test.jpg,TA,TA,"TA,A,GANTUNGAN-TA,WA-TEDONG,WA",1
5757_test.jpg,KA,KA,"KA,KA-TEDONG,KU,SA-SAGA,LA",1
5758_test.jpg,GANTUNGAN-A,A,"A,GANTUNGAN-A,GANTUNGAN-NGA,BA,GANTUNGAN-BA",0
5759_test.jpg,ADEG-ADEG,ADEG-ADEG,"ADEG-ADEG,5,RI,WU,RA-TEDONG",1
575_test.jpg,YA,YA,"YA,GANTUNGAN-CA,LA,A,9",1
5760_test.jpg,ULU,ULU,"ULU,PEPET,GANTUNGAN-MA,0,GANTUNGAN-GA",1
5761_test.jpg,PEPET,JA,"JA,PEPET,SA-SAGA,GANTUNGAN-MA,GANTUNGAN-NA",0
5762_test.jpg,NANIA,NANIA,"NANIA,RU,SUKU,IA,MU",1
5763_test.jpg,TA,TA,"TA,GANTUNGAN-JA,NA-RAMBAT,DA-TEDONG,GUWUNG-MACELEK",1
5764_test.jpg,YA,YA,"YA,YA-TEDONG,9,GANTUNGAN-CA,A",1
5765_test.jpg,CECEK,SUKU,"SUKU,CECEK,ADEG-ADEG,SURANG,NANIA",0
5766_test.jpg,JA,JA,"JA,RA,JU,GANTUNGAN-MA,BISAH",1
5767_test.jpg,DA,DA,"DA,NA,BA-KEMBANG,DA-MADU,E-KARA",1
5768_test.jpg,ULU,ULU,"ULU,CECEK,TEDONG,0,ULU-SARI",1
5769_test.jpg,LA-TEDONG,LA-TEDONG,"LA-TEDONG,LA,7,GA-TEDONG,NGA",1
576_test.jpg,A,A,"A,NA-RAMBAT,U,GA,TA",1
5770_test.jpg,TA-TAWA,SA-SAPA,"SA-SAPA,GANTUNGAN-TA-LATIK,TA-TAWA,GEMPELAN-SA-SAPA,8",0
5771_test.jpg,SUKU-ILUT,SUKU-ILUT,"SUKU-ILUT,4,TEDONG,GANTUNGAN-GA,8",1
5772_test.jpg,KA,KA,"KA,GANTUNGAN-KA,NA-RAMBAT,KA-TEDONG,KU",1
5773_test.jpg,DA,DA,"DA,NA,BA-KEMBANG,DA-MADU,DA-TEDONG",1
5774_test.jpg,BISAH,BISAH,"BISAH,JU,TALENG,RA,ADEG-ADEG",1
5775_test.jpg,BA,NGA,"NGA,NYA,A,DA-TEDONG,NA",0
5776_test.jpg,PEPET,PEPET,"PEPET,GANTUNGAN-MA,GANTUNGAN-GA,ULU,SUKU-KEMBUNG",1
5777_test.jpg,BA,BA,"BA,GANTUNGAN-BA,NA-RAMBAT,KA,1",1
5778_test.jpg,TEDONG,GANTUNGAN-NA,"GANTUNGAN-NA,ULU-RICEM,ULU-SARI,GANTUNGAN-KA,NA",0
5779_test.jpg,MA,MA,"MA,SA-SAPA,PA,WA,PI",1
577_test.jpg,GANTUNGAN-TA,GANTUNGAN-TA,"GANTUNGAN-TA,GANTUNGAN-A,WA,TA,GANTUNGAN-JA",1
5780_test.jpg,RA,RA,"RA,MA,MA-TEDONG,GANTUNGAN-TA,RA-TEDONG",1
5781_test.jpg,ADEG-ADEG,ADEG-ADEG,"ADEG-ADEG,TALENG,BISAH,5,RA",1
5782_test.jpg,U-KARA,U-KARA,"U-KARA,3,JI,GEMPELAN-SA-SAPA,NI",1
5783_test.jpg,GANTUNGAN-NA,GANTUNGAN-NA,"GANTUNGAN-NA,ULU,PEPET,ULU-RICEM,GANTUNGAN-DA",1
5784_test.jpg,BA,BA,"BA,A,GANTUNGAN-BA,NA-RAMBAT,1",1
5785_test.jpg,LI,LI,"LI,PI,SI,7,LA",1
5786_test.jpg,TEDONG,TEDONG,"TEDONG,SUKU-ILUT,GU,SUKU,4",1
5787_test.jpg,SURANG,SURANG,"SURANG,CECEK,TALENG,GANTUNGAN-NA,BISAH",1
5788_test.jpg,ULU,ULU,"ULU,RA,GANTUNGAN-TA,CECEK,0",1
5789_test.jpg,3,3,"3,2,LA-LENGA,U,TUA",1
578_test.jpg,TU,TU,"TU,KU,TIA,KNA,TRA",1
5790_test.jpg,YA,YA,"YA,A,9,DA,GANTUNGAN-A",1
5791_test.jpg,CECEK,CECEK,"CECEK,BISAH,TALENG,ULU,TEDONG",1
5792_test.jpg,GA,SA-SAGA,"SA-SAGA,GA,GA-TEDONG,LA,GANTUNGAN-LA",0
5793_test.jpg,RA,RA,"RA,RU,RA-TEDONG,WA,NGA",1
5794_test.jpg,ADEG-ADEG,ADEG-ADEG,"ADEG-ADEG,RU,RA,TALENG,WU",1
5795_test.jpg,JA,JA,"JA,RA,SA-SAGA,6,GANTUNGAN-NA",1
5796_test.jpg,PU,PU,"PU,MU,LU,SU,WU",1
5797_test.jpg,DA,DA,"DA,NA,BA-KEMBANG,JA,YA",1
5798_test.jpg,MA,MA,"MA,GEMPELAN-SA-SAPA,SA-SAPA,A-KARA,SA",1
5799_test.jpg,NANIA,NANIA,"NANIA,IA,TUA,NIA,TRA",1
579_test.jpg,NANIA,NANIA,"NANIA,NIA,IA,TUA,WU",1
57_test.jpg,DI,DI,"DI,NI,NGI,SI,JI",1
5800_test.jpg,GEMPELAN-PA,GEMPELAN-PA,"GEMPELAN-PA,PA,ULU,GEMPELAN-SA-SAPA,0",1
5801_test.jpg,NGA,NGA,"NGA,A,GANTUNGAN-NGA,TA-TAWA,TALENG",1
5802_test.jpg,ADEG-ADEG,ADEG-ADEG,"ADEG-ADEG,SUKU,BISAH,TALENG,RI",1
5803_test.jpg,SUKU-KEMBUNG,SUKU-KEMBUNG,"SUKU-KEMBUNG,GUWUNG,GUWUNG-MACELEK,NANIA,BRA",1
5804_test.jpg,JA,JA,"JA,6,4,RA,JA-TEDONG",1
5805_test.jpg,3,3,"3,2,LA-LENGA,BU,NGU",1
5806_test.jpg,DA,DA,"DA,BA-KEMBANG,DA-MADU,NA,ULU-RICEM",1
5807_test.jpg,NU,NU,"NU,NIA,KU,KNA,CU",1
5808_test.jpg,DA,DA,"DA,I,JA,A,WA-TEDONG",1
5809_test.jpg,SA,SA,"SA,CA,NA,7,GANTUNGAN-NA",1
580_test.jpg,TUA,TUA,"TUA,TRA,TIA,NANIA,WRE",1
5810_test.jpg,LA,LA,"LA,SA,7,GANTUNGAN-LA,LI",1
5811_test.jpg,TALENG,TALENG,"TALENG,PU,U,CECEK,DU",1
5812_test.jpg,LU,LU,"LU,TU,U,LA,BU",1
5813_test.jpg,A,NA-RAMBAT,"NA-RAMBAT,BU,GANTUNGAN-BA,NA-RAMBAT-TEDONG,GANTUNGAN-NYA",0
5814_test.jpg,A,A,"A,U,LA,WA-TEDONG,GANTUNGAN-A",1
5815_test.jpg,SUKU,SUKU,"SUKU,CECEK,GANTUNGAN-NA,MU,SURANG",1
5816_test.jpg,KA,KA,"KA,KU,NA-RAMBAT,BA,KA-TEDONG",1
5817_test.jpg,SA,SA,"SA,A-KARA,MA,CA,7",1
5818_test.jpg,WRE,WU,"WU,RU,5,TRA,WRE",0
5819_test.jpg,BA,BA,"BA,KA,GANTUNGAN-BA,NA-RAMBAT,A",1
581_test.jpg,PA,PA,"PA,8,GANTUNGAN-TA-LATIK,GEMPELAN-PA,SA",1
5820_test.jpg,TEDONG,TEDONG,"TEDONG,ULU-SARI,GANTUNGAN-NA,NA,0",1
5821_test.jpg,RA,RA,"RA,CECEK,GANTUNGAN-KA,MA,5",1
5822_test.jpg,NGA,NGA,"NGA,GANTUNGAN-NGA,A,NA-RAMBAT,GANTUNGAN-BA",1
5823_test.jpg,WA,PA,"PA,WA,GANTUNGAN-TA,GEMPELAN-PA,8",0
5824_test.jpg,I-KARA,NGI,"NGI,I-KARA,1,I,A",0
5825_test.jpg,GU,GU,"GU,GNA,TU,RU,U",1
5826_test.jpg,TA,TA,"TA,TU,TI,GANTUNGAN-JA,NA-RAMBAT",1
5827_test.jpg,GANTUNGAN-TA,GANTUNGAN-TA,"GANTUNGAN-TA,GANTUNGAN-A,GANTUNGAN-GA,GANTUNGAN-DA,GANTUNGAN-JA",1
5828_test.jpg,NIA,NIA,"NIA,PAMADA,NANIA,KRA,SU",1
5829_test.jpg,TEDONG,CECEK,"CECEK,SUKU,TEDONG,TALENG,SUKU-ILUT",0
582_test.jpg,TA,TA,"TA,TA-TEDONG,TU,WA,GANTUNGAN-TA",1
5830_test.jpg,NGA,DA,"DA,NGA,A,GANTUNGAN-NGA,YA",0
5831_test.jpg,GANTUNGAN-LA,GANTUNGAN-LA,"GANTUNGAN-LA,GANTUNGAN-DA,SURANG,7,GANTUNGAN-BA",1
5832_test.jpg,A,A,"A,U,NA-RAMBAT,TA,KA",1
5833_test.jpg,NA,NA,"NA,GANTUNGAN-KA,DA,KA,BA-KEMBANG",1
5834_test.jpg,CECEK,CECEK,"CECEK,ADEG-ADEG,TALENG,TEDONG,0",1
5835_test.jpg,A,A,"A,U,SA-SAGA,NA-RAMBAT,LA",1
5836_test.jpg,GANTUNGAN-NA,GANTUNGAN-NA,"GANTUNGAN-NA,GANTUNGAN-DA,TALENG,ULU,GANTUNGAN-A",1
5837_test.jpg,TEDONG,TEDONG,"TEDONG,SUKU,SUKU-ILUT,GU,4",1
5838_test.jpg,GA,GA,"GA,SA-SAGA,GU,GANTUNGAN-GA,LA",1
5839_test.jpg,WA,WA,"WA,WI,0,GRA,TRA",1
583_test.jpg,WA,WA,"WA,PA,A,DA,TA-TAWA",1
5840_test.jpg,WA,GANTUNGAN-TA,"GANTUNGAN-TA,WA,GANTUNGAN-JA,GANTUNGAN-TA-LATIK,PA",0
5841_test.jpg,SA,SA,"SA,LA,TA,YA,GANTUNGAN-TA",1
5842_test.jpg,RA,RA,"RA,TALENG,CECEK,ULU,GANTUNGAN-A",1
5843_test.jpg,BISAH,BISAH,"BISAH,CECEK,GANTUNGAN-NA,4,MU",1
5844_test.jpg,GA,GA,"GA,SA-SAGA,KA,GU,NA-RAMBAT",1
5845_test.jpg,PA,PA,"PA,SUKU-KEMBUNG,GEMPELAN-PA,GUWUNG,0",1
5846_test.jpg,TEDONG,TEDONG,"TEDONG,SUKU,ADEG-ADEG,0,SUKU-ILUT",1
5847_test.jpg,BA,BA,"BA,GANTUNGAN-BA,NGA,GANTUNGAN-NGA,1",1
5848_test.jpg,BA,BA,"BA,GANTUNGAN-BA,1,NA-RAMBAT,GANTUNGAN-NGA",1
5849_test.jpg,I,I,"I,U,2,LI,TEDONG",1
584_test.jpg,TEDONG,TEDONG,"TEDONG,GU,SUKU,SUKU-ILUT,MI",1
5850_test.jpg,SURANG,SURANG,"SURANG,GUWUNG,GANTUNGAN-TA-LATIK,PEPET,GANTUNGAN-JA",1
5851_test.jpg,CU,CU,"CU,RU,NIA,TU,WRE",1
5852_test.jpg,DA,DA,"DA,NA,BA-KEMBANG,ULU-SARI,JA",1
5853_test.jpg,GANTUNGAN-TA,GANTUNGAN-TA,"GANTUNGAN-TA,GANTUNGAN-CA,WA,GANTUNGAN-JA,DA-MADU",1
5854_test.jpg,KU,KU,"KU,NIA,KNA,NU,KA",1
5855_test.jpg,MU,MU,"MU,WU,PU,LU,SU",1
5856_test.jpg,GA,GA,"GA,GANTUNGAN-GA,LA,GU,SA-SAGA",1
5857_test.jpg,TA,TA,"TA,KA,BA,TU,GANTUNGAN-BA",1
5858_test.jpg,ULU,ULU,"ULU,CECEK,TEDONG,TALENG,ADEG-ADEG",1
5859_test.jpg,SURANG,SURANG,"SURANG,GANTUNGAN-MA,GANTUNGAN-TA-LATIK,GUWUNG,TALENG",1
585_test.jpg,JA,JA,"JA,SA-SAGA,DA,RA,6",1
5860_test.jpg,TA,TA,"TA,A,GANTUNGAN-TA,TU,NA-RAMBAT",1
5861_test.jpg,TALENG,TALENG,"TALENG,BISAH,JU,ADEG-ADEG,NGU",1
5862_test.jpg,TU,TU,"TU,U,BU,TRA,TIA",1
5863_test.jpg,JA,JA,"JA,KU,DU,4,NU",1
5864_test.jpg,NANIA,NANIA,"NANIA,NIA,IA,PAMADA,TIA",1
5865_test.jpg,LA,LA,"LA,GANTUNGAN-LA,7,GANTUNGAN-BA,GA-TEDONG",1
5866_test.jpg,MA,MA,"MA,PA,SA,A-KARA,MA-TEDONG",1
5867_test.jpg,RA,RA,"RA,RU,RA-TEDONG,NGA,GANTUNGAN-A",1
5868_test.jpg,ULU,ULU,"ULU,GANTUNGAN-MA,SUKU-KEMBUNG,PEPET,GANTUNGAN-GA",1
5869_test.jpg,KI,KI,"KI,NI,DI,BI,NGI",1
586_test.jpg,NA,NA,"NA,BA-KEMBANG,DA,GANTUNGAN-KA,KA",1
5870_test.jpg,ADEG-ADEG,ADEG-ADEG,"ADEG-ADEG,5,RI,RA,NANIA",1
5871_test.jpg,GA,GA,"GA,GANTUNGAN-GA,GU,LA,JA",1
5872_test.jpg,TA,TA,"TA,TU,BA,A,NA-RAMBAT",1
5873_test.jpg,YA,YA,"YA,DA,A,U,9",1
5874_test.jpg,WA,WA,"WA,WI,TRA,GANTUNGAN-JA,GUWUNG-MACELEK",1
5875_test.jpg,JA,JA,"JA,BISAH,KU,4,JA-TEDONG",1
5876_test.jpg,CECEK,TEDONG,"TEDONG,ULU,ADEG-ADEG,CECEK,GU",0
5877_test.jpg,TALENG,TALENG,"TALENG,2,SUKU,NGU,U",1
5878_test.jpg,RA,RA,"RA,RA-TEDONG,RU,MA,MA-TEDONG",1
5879_test.jpg,SURANG,SURANG,"SURANG,GUWUNG,GANTUNGAN-TA-LATIK,GANTUNGAN-JA,GANTUNGAN-CA",1
587_test.jpg,ADEG-ADEG,ADEG-ADEG,"ADEG-ADEG,BISAH,RA,SUKU,NANIA",1
5880_test.jpg,NGA,NGA,"NGA,GANTUNGAN-NGA,RA-TEDONG,BA,RA",1
5881_test.jpg,WA,WA,"WA,WI,GANTUNGAN-TA,GRA,GUWUNG-MACELEK",1
5882_test.jpg,BISAH,TALENG,"TALENG,BISAH,ADEG-ADEG,2,NGU",0
5883_test.jpg,ULU,ULU,"ULU,TEDONG,ULU-SARI,GANTUNGAN-GA,0",1
5884_test.jpg,WI,WI,"WI,PI,DI,GRA,WUA",1
5885_test.jpg,SA,SA,"SA,CA,LA,MA,7",1
5886_test.jpg,KU,KU,"KU,KRA,NIA,NU,BU",1
5887_test.jpg,ULU,ULU,"ULU,GANTUNGAN-MA,ULU-SARI,0,PEPET",1
5888_test.jpg,YA,YA,"YA,SA,9,GANTUNGAN-CA,ULU-CANDRA",1
5889_test.jpg,BA,BA,"BA,KA,SA-SAGA,TA,NA-RAMBAT",1
588_test.jpg,NA,KA-TEDONG,"KA-TEDONG,NA,NA-TEDONG,GA-TEDONG,DA-TEDONG",0
5890_test.jpg,CECEK,CECEK,"CECEK,BISAH,ULU,TALENG,GANTUNGAN-NA",1
5891_test.jpg,JA-TEDONG,I-KARA,"I-KARA,JA-TEDONG,JA,GANTUNGAN-NA,5",0
5892_test.jpg,PEPET,PEPET,"PEPET,GANTUNGAN-MA,ULU,GANTUNGAN-GA,SUKU-KEMBUNG",1
5893_test.jpg,YA-TEDONG,YA-TEDONG,"YA-TEDONG,YA,A,NGA,9",1
5894_test.jpg,NANIA,NANIA,"NANIA,IA,NIA,RU,SUKU",1
5895_test.jpg,PI,PI,"PI,NANIA,MI,WI,LI",1
5896_test.jpg,RA,RA,"RA,GEMPELAN-PA,MA,MA-TEDONG,GANTUNGAN-TA",1
5897_test.jpg,A,A,"A,U,GANTUNGAN-GA,NA-RAMBAT,GANTUNGAN-A",1
5898_test.jpg,NU,NU,"NU,CU,NIA,SI,KU",1
5899_test.jpg,A,A,"A,U,NGA,WA-TEDONG,GANTUNGAN-A",1
589_test.jpg,CECEK,CECEK,"CECEK,BISAH,ULU,TALENG,TEDONG",1
58_test.jpg,PA,PA,"PA,MA,GEMPELAN-PA,GEMPELAN-SA-SAPA,8",1
5900_test.jpg,TIA,TIA,"TIA,IA,NANIA,PAMADA,NIA",1
5901_test.jpg,WA,WA,"WA,PA,WA-TEDONG,WI,GUWUNG-MACELEK",1
5902_test.jpg,ADEG-ADEG,ADEG-ADEG,"ADEG-ADEG,SUKU,GNA,RU,NANIA",1
5903_test.jpg,RI,RI,"RI,NU,ADEG-ADEG,JI,I",1
5904_test.jpg,MA,MA,"MA,PA,SA-SAPA,PI,MA-TEDONG",1
5905_test.jpg,CECEK,RA,"RA,CECEK,TALENG,ADEG-ADEG,ULU",0
5906_test.jpg,A,A,"A,BA,GA,U,KA",1
5907_test.jpg,TEDONG,TEDONG,"TEDONG,RA-TEDONG,MI,RA,GU",1
5908_test.jpg,NA,NA,"NA,GANTUNGAN-KA,CA,KA,SA",1
5909_test.jpg,SUKU-ILUT,SUKU-ILUT,"SUKU-ILUT,8,4,BISAH,TEDONG",1
590_test.jpg,PEPET,PEPET,"PEPET,GANTUNGAN-DA,GANTUNGAN-GA,GANTUNGAN-KA,GANTUNGAN-BA",1
5910_test.jpg,CECEK,CECEK,"CECEK,BISAH,TALENG,4,ADEG-ADEG",1
5911_test.jpg,NYA,NYA,"NYA,NA-RAMBAT-TEDONG,GANTUNGAN-NYA,KA-TEDONG,TA-TEDONG",1
5912_test.jpg,CECEK,CECEK,"CECEK,BISAH,TALENG,ADEG-ADEG,RA",1
5913_test.jpg,GANTUNGAN-TA,GANTUNGAN-TA,"GANTUNGAN-TA,GANTUNGAN-A,GANTUNGAN-JA,WA,GANTUNGAN-TA-LATIK",1
5914_test.jpg,YA,YA,"YA,9,LA,GANTUNGAN-CA,GANTUNGAN-TA-LATIK",1
5915_test.jpg,TA,TA,"TA,TU,TA-TEDONG,TI,WA-TEDONG",1
5916_test.jpg,RA,RA,"RA,MA-TEDONG,MA,RA-TEDONG,GANTUNGAN-GA",1
5917_test.jpg,A,A,"A,GA,NA-RAMBAT,U,LA",1
5918_test.jpg,JA,JA,"JA,JU,NU,6,RA",1
5919_test.jpg,PEPET,PEPET,"PEPET,GANTUNGAN-MA,ULU,GANTUNGAN-DA,GANTUNGAN-GA",1
591_test.jpg,LA,LA,"LA,GANTUNGAN-LA,7,A,LA-TEDONG",1
5920_test.jpg,JA,JA,"JA,4,KU,BISAH,NA",1
5921_test.jpg,PEPET,GANTUNGAN-DA,"GANTUNGAN-DA,GANTUNGAN-A,PEPET,A,GANTUNGAN-LA",0
5922_test.jpg,NGA,NGA,"NGA,GANTUNGAN-NGA,A,WA-TEDONG,A-TEDONG",1
5923_test.jpg,JA,JA,"JA,JU,GU,LU,BISAH",1
5924_test.jpg,SA,SA,"SA,PA,LA,MA,CA",1
5925_test.jpg,NI,NI,"NI,KI,DI,NING,SI",1
5926_test.jpg,WUA,WUA,"WUA,WU,WRE,TUA,WI",1
5927_test.jpg,1,1,"1,LA,GANTUNGAN-BA,NYA,LI",1
5928_test.jpg,BISAH,BISAH,"BISAH,CECEK,TALENG,4,ADEG-ADEG",1
5929_test.jpg,DA,NA,"NA,KI,KA,GANTUNGAN-KA,LI",0
592_test.jpg,CECEK,CECEK,"CECEK,SURANG,TALENG,BISAH,GANTUNGAN-NA",1
5930_test.jpg,TEDONG,TEDONG,"TEDONG,ULU,SUKU-ILUT,4,GANTUNGAN-GA",1
5931_test.jpg,LA,LA,"LA,7,GANTUNGAN-LA,YA,SA",1
5932_test.jpg,7,LI,"LI,7,LA,1,GANTUNGAN-LA",0
5933_test.jpg,KA,KA,"KA,KA-TEDONG,NA-RAMBAT,GANTUNGAN-BA,KU",1
5934_test.jpg,BA,BA,"BA,NGA,GANTUNGAN-NGA,TU,BU",1
5935_test.jpg,WA,WA,"WA,PA,GANTUNGAN-TA,0,WI",1
5936_test.jpg,BA,BA,"BA,NA-RAMBAT,GANTUNGAN-NGA,NYA,GANTUNGAN-BA",1
5937_test.jpg,NGA,A,"A,NGA,TA-TAWA,GANTUNGAN-NGA,GA-TEDONG",0
5938_test.jpg,A,A,"A,U,LA,DA,YA",1
5939_test.jpg,RA,RA,"RA,WA,GANTUNGAN-TA,MA,GANTUNGAN-KA",1
593_test.jpg,YA,YA,"YA,A,LA,GANTUNGAN-TA-LATIK,NGA",1
5940_test.jpg,TEDONG,TEDONG,"TEDONG,SUKU-ILUT,0,ULU,SUKU-KEMBUNG",1
5941_test.jpg,SA-SAPA,SA-SAPA,"SA-SAPA,GEMPELAN-SA-SAPA,MA,A-KARA,DA-MADU",1
5942_test.jpg,ADEG-ADEG,ADEG-ADEG,"ADEG-ADEG,RA,5,WU,TALENG",1
5943_test.jpg,CECEK,CECEK,"CECEK,TALENG,RA,ULU,BISAH",1
5944_test.jpg,WA,WA,"WA,PA,0,GANTUNGAN-TA,WI",1
5945_test.jpg,BRA,BRA,"BRA,KRA,TRA,GRA,GUWUNG-MACELEK",1
5946_test.jpg,LA-LENGA,LA-LENGA,"LA-LENGA,3,2,I-KARA,PAMADA",1
5947_test.jpg,NA,NA,"NA,DA,GANTUNGAN-KA,KA,NA-TEDONG",1
5948_test.jpg,A,A,"A,DA,YA,U,GANTUNGAN-A",1
5949_test.jpg,KRA,KRA,"KRA,GRA,TRA,BRA,GUWUNG-MACELEK",1
594_test.jpg,PEPET,PEPET,"PEPET,GA,TA,6,ULU",1
5950_test.jpg,WRE,WRE,"WRE,TRA,CA,NING,JNA",1
5951_test.jpg,I,I,"I,BI,JNA,DU,TI",1
5952_test.jpg,RA,RA,"RA,RA-TEDONG,WA,ADEG-ADEG,GANTUNGAN-TA",1
5953_test.jpg,LA-TEDONG,A-TEDONG,"A-TEDONG,NYA,TA-TEDONG,GA-TEDONG,A",0
5954_test.jpg,A,A,"A,U,GANTUNGAN-CA,GANTUNGAN-A,YA",1
5955_test.jpg,TEDONG,TEDONG,"TEDONG,SUKU-ILUT,SUKU,4,GU",1
5956_test.jpg,TU,TU,"TU,TIA,TRA,BU,WRE",1
5957_test.jpg,TU,TU,"TU,RU,U,TRA,GU",1
5958_test.jpg,SURANG,BA,"BA,LA,GANTUNGAN-LA,GANTUNGAN-BA,TA",0
5959_test.jpg,BISAH,BISAH,"BISAH,TALENG,SURANG,GANTUNGAN-NA,SUKU",1
595_test.jpg,TALENG,TALENG,"TALENG,U,GANTUNGAN-A,A,I-KARA",1
5960_test.jpg,KA,KA,"KA,GANTUNGAN-KA,KA-TEDONG,KU,NA-RAMBAT",1
5961_test.jpg,GANTUNGAN-MA,GANTUNGAN-MA,"GANTUNGAN-MA,SURANG,GUWUNG-MACELEK,GRA,0",1
5962_test.jpg,MI,MI,"MI,WI,SI,PI,WUA",1
5963_test.jpg,MA,MA,"MA,GEMPELAN-PA,GEMPELAN-SA-SAPA,PA,SA-SAPA",1
5964_test.jpg,JA,JA,"JA,BISAH,4,JU,DU",1
5965_test.jpg,LA,LA,"LA,GANTUNGAN-LA,7,SA,GUWUNG-MACELEK",1
5966_test.jpg,TALENG,TALENG,"TALENG,NANIA,2,SUKU,NGU",1
5967_test.jpg,MA,MA,"MA,MA-TEDONG,SA-SAPA,PI,A-KARA",1
5968_test.jpg,TA,TA,"TA,TU,GANTUNGAN-TA,BA,TI",1
5969_test.jpg,SA,SA,"SA,CA,7,SI,GANTUNGAN-LA",1
596_test.jpg,MA,MA,"MA,NIA,MA-TEDONG,PI,7",1
5970_test.jpg,NA,NA,"NA,GANTUNGAN-KA,DA,KA,BA-KEMBANG",1
5971_test.jpg,WA,WA,"WA,GANTUNGAN-TA,WI,PA,6",1
5972_test.jpg,KA,KA,"KA,NA-RAMBAT,BA,GANTUNGAN-BA,TA",1
5973_test.jpg,I-KARA,LA,"LA,JA,SA-SAGA,KA,7",0
5974_test.jpg,TEDONG,TEDONG,"TEDONG,GU,SUKU-ILUT,SUKU,GUWUNG-MACELEK",1
5975_test.jpg,GA,GA,"GA,KA,BA,TA,GANTUNGAN-GA",1
5976_test.jpg,KA,KA,"KA,KU,A-KARA,KA-TEDONG,GANTUNGAN-KA",1
5977_test.jpg,ULU,ULU,"ULU,GANTUNGAN-MA,PEPET,ULU-SARI,SUKU-KEMBUNG",1
5978_test.jpg,LA,LA,"LA,SA,7,PA,GANTUNGAN-LA",1
5979_test.jpg,GA,GA,"GA,GANTUNGAN-GA,PEPET,SA-SAGA,JA",1
597_test.jpg,DA,DA,"DA,BA-KEMBANG,TA-TAWA,A,I-KARA",1
5980_test.jpg,NA,NA,"NA,BA-KEMBANG,DA,ULU-SARI,JA",1
5981_test.jpg,MA,MA,"MA,SA-SAPA,A-KARA,GEMPELAN-SA-SAPA,8",1
5982_test.jpg,TA,TA,"TA,GANTUNGAN-TA,TU,TI,BA",1
5983_test.jpg,YA,YA,"YA,GANTUNGAN-TA-LATIK,9,LA,YA-TEDONG",1
5984_test.jpg,WA,WA,"WA,0,GANTUNGAN-TA,WI,PA",1
5985_test.jpg,JI,JI,"JI,GI,GNA,I,NI",1
5986_test.jpg,MA,MA,"MA,SA-SAPA,8,PA,GEMPELAN-SA-SAPA",1
5987_test.jpg,PA,PA,"PA,WA,TA-TAWA,GANTUNGAN-TA-LATIK,8",1
5988_test.jpg,SA,CA,"CA,SA,A-KARA,NA,KNA",0
5989_test.jpg,YA,YA,"YA,9,GANTUNGAN-CA,GANTUNGAN-TA-LATIK,YA-TEDONG",1
598_test.jpg,YA,YA,"YA,LA,ULU-CANDRA,SA,GANTUNGAN-TA-LATIK",1
5990_test.jpg,LA,LA,"LA,GA-TEDONG,GANTUNGAN-LA,7,GANTUNGAN-GA",1
5991_test.jpg,JA,JA,"JA,GANTUNGAN-GA,GU,RA,GA",1
5992_test.jpg,SUKU,SUKU,"SUKU,NANIA,GANTUNGAN-NA,SUKU-KEMBUNG,IA",1
5993_test.jpg,ADEG-ADEG,ADEG-ADEG,"ADEG-ADEG,SUKU,GNA,NANIA,RI",1
5994_test.jpg,TEDONG,TEDONG,"TEDONG,ULU,CECEK,4,GANTUNGAN-NA",1
5995_test.jpg,SA,SA,"SA,LA,A-KARA,SA-SAPA,KA",1
5996_test.jpg,CECEK,CECEK,"CECEK,BISAH,TALENG,ULU,ADEG-ADEG",1
5997_test.jpg,GUWUNG-MACELEK,GUWUNG-MACELEK,"GUWUNG-MACELEK,GUWUNG,BRA,GANTUNGAN-TA-LATIK,ULU-CANDRA",1
5998_test.jpg,NGA,BA,"BA,NGA,A,NA-RAMBAT,GANTUNGAN-NGA",0
5999_test.jpg,GANTUNGAN-A,GANTUNGAN-A,"GANTUNGAN-A,A,GANTUNGAN-GA,GANTUNGAN-DA,NGA",1
599_test.jpg,BISAH,BISAH,"BISAH,TALENG,SURANG,ADEG-ADEG,NANIA",1
59_test.jpg,PA,PA,"PA,WA,A,GANTUNGAN-TA-LATIK,8",1
5_test.jpg,RA,RA,"RA,RA-TEDONG,TALENG,3,CECEK",1
6000_test.jpg,DI,DI,"DI,NI,JI,NGI,KI",1
6001_test.jpg,BISAH,BISAH,"BISAH,4,CECEK,RA,JU",1
6002_test.jpg,YA,YA,"YA,GANTUNGAN-CA,SA,A,GANTUNGAN-TA-LATIK",1
6003_test.jpg,TU,TU,"TU,RU,WU,TRA,5",1
6004_test.jpg,KU,KU,"KU,KNA,NU,CU,NIA",1
6005_test.jpg,NING,NING,"NING,LA-LENGA,PAMADA,KI,NA-TEDONG",1
6006_test.jpg,YU,NANIA,"NANIA,GEMPELAN-SA-SAPA,MA,ULU-CANDRA,TIA",0
6007_test.jpg,PA,PA,"PA,GANTUNGAN-TA-LATIK,8,SA-SAPA,WA",1
6008_test.jpg,SURANG,SURANG,"SURANG,GANTUNGAN-MA,GANTUNGAN-TA-LATIK,GANTUNGAN-NA,TALENG",1
6009_test.jpg,PEPET,PEPET,"PEPET,SUKU-KEMBUNG,DA,U-KARA,6",1
600_test.jpg,NA-TEDONG,NA-TEDONG,"NA-TEDONG,KA-TEDONG,DA-TEDONG,KA,A-KARA",1
6010_test.jpg,ADEG-ADEG,ADEG-ADEG,"ADEG-ADEG,RU,TALENG,GNA,NGU",1
6011_test.jpg,TALENG,TALENG,"TALENG,U,TU,DU,GANTUNGAN-A",1
6012_test.jpg,BISAH,BISAH,"BISAH,TALENG,SURANG,ADEG-ADEG,CECEK",1
6013_test.jpg,BISAH,BISAH,"BISAH,TALENG,ADEG-ADEG,SURANG,SUKU",1
6014_test.jpg,ADEG-ADEG,ADEG-ADEG,"ADEG-ADEG,5,RA,RI,GNA",1
6015_test.jpg,DA-TEDONG,DA-TEDONG,"DA-TEDONG,NA-RAMBAT,NGA,YA-TEDONG,WA-TEDONG",1
6016_test.jpg,CECEK,CECEK,"CECEK,ULU,BISAH,TALENG,SURANG",1
6017_test.jpg,ADEG-ADEG,ADEG-ADEG,"ADEG-ADEG,SUKU,NANIA,2,TALENG",1
6018_test.jpg,BISAH,BISAH,"BISAH,GANTUNGAN-NA,4,JNA,SUKU",1
6019_test.jpg,ADEG-ADEG,ADEG-ADEG,"ADEG-ADEG,SUKU,SURANG,NANIA,TALENG",1
601_test.jpg,TALENG,TALENG,"TALENG,ULU,RA,CECEK,GANTUNGAN-A",1
6020_test.jpg,SUKU,SUKU,"SUKU,NANIA,PU,GEMPELAN-PA,SUKU-KEMBUNG",1
6021_test.jpg,JA,JU,"JU,JA,GU,GNA,RU",0
6022_test.jpg,SUKU-KEMBUNG,SUKU-KEMBUNG,"SUKU-KEMBUNG,ULU,BRA,GRA,GUWUNG",1
6023_test.jpg,NGA,NGA,"NGA,GANTUNGAN-NGA,GANTUNGAN-GA,GANTUNGAN-BA,NA-TEDONG",1
6024_test.jpg,TU,KU,"KU,GU,TU,LU,BU",0
6025_test.jpg,BA,BA,"BA,NYA,1,GANTUNGAN-NGA,GANTUNGAN-BA",1
6026_test.jpg,SA,SA,"SA,CA,GANTUNGAN-LA,GANTUNGAN-CA,YA",1
6027_test.jpg,GANTUNGAN-MA,0,"0,GANTUNGAN-MA,ULU,ULU-SARI,TALENG",0
6028_test.jpg,SURANG,SURANG,"SURANG,TALENG,GANTUNGAN-TA-LATIK,GANTUNGAN-MA,GANTUNGAN-NA",1
6029_test.jpg,BISAH,BISAH,"BISAH,CECEK,TALENG,MU,PU",1
602_test.jpg,JA,JA,"JA,BISAH,DA,JU,GANTUNGAN-KA",1
6030_test.jpg,KA,KA,"KA,GANTUNGAN-KA,KA-TEDONG,GANTUNGAN-BA,TA",1
6031_test.jpg,SUKU-KEMBUNG,SUKU-KEMBUNG,"SUKU-KEMBUNG,BRA,GUWUNG,GRA,GANTUNGAN-MA",1
6032_test.jpg,PEPET,SURANG,"SURANG,PEPET,GANTUNGAN-DA,GANTUNGAN-TA-LATIK,GANTUNGAN-JA",0
6033_test.jpg,SURANG,SURANG,"SURANG,GUWUNG,GANTUNGAN-DA,GANTUNGAN-TA-LATIK,GANTUNGAN-JA",1
6034_test.jpg,RA,RA,"RA,MA,GEMPELAN-PA,NIA,WA",1
6035_test.jpg,SURANG,SURANG,"SURANG,GUWUNG,GANTUNGAN-MA,GANTUNGAN-TA-LATIK,GANTUNGAN-LA",1
6036_test.jpg,DA,DA,"DA,YA,DA-MADU,BA-KEMBANG,TA-TAWA",1
6037_test.jpg,RA,RA,"RA,WA,GANTUNGAN-TA,RA-TEDONG,MA",1
6038_test.jpg,LA,LA,"LA,SA,7,LU,GANTUNGAN-LA",1
6039_test.jpg,SUKU,BISAH,"BISAH,ADEG-ADEG,CECEK,TALENG,4",0
603_test.jpg,CECEK,CECEK,"CECEK,BISAH,TALENG,4,GANTUNGAN-NA",1
6040_test.jpg,WA,WA,"WA,WI,PA,CA,WA-TEDONG",1
6041_test.jpg,WA,WA,"WA,GANTUNGAN-TA,WI,CA,WA-TEDONG",1
6042_test.jpg,TALENG,TALENG,"TALENG,BISAH,ADEG-ADEG,2,SURANG",1
6043_test.jpg,YA,YA,"YA,9,LA,A,GANTUNGAN-TA-LATIK",1
6044_test.jpg,LA,LU,"LU,KA,KU,GU,LA",0
6045_test.jpg,SUKU,SUKU,"SUKU,GANTUNGAN-NA,CECEK,TALENG,SU",1
6046_test.jpg,LA,LA,"LA,SA,A,GANTUNGAN-LA,7",1
6047_test.jpg,TALENG,TALENG,"TALENG,BISAH,GU,SUKU,BU",1
6048_test.jpg,WA,WA,"WA,WA-TEDONG,GANTUNGAN-TA,RA,LA-TEDONG",1
6049_test.jpg,LA,LA,"LA,GANTUNGAN-LA,7,A,GUWUNG-MACELEK",1
604_test.jpg,TEDONG,TEDONG,"TEDONG,GU,ULU,ULU-SARI,0",1
6050_test.jpg,KA,KA,"KA,NA-RAMBAT,KU,KA-TEDONG,BA",1
6051_test.jpg,SUKU,SUKU,"SUKU,NANIA,PU,MU,GANTUNGAN-NA",1
6052_test.jpg,GANTUNGAN-BA,GANTUNGAN-NYA,"GANTUNGAN-NYA,NA-RAMBAT,GANTUNGAN-BA,GANTUNGAN-NGA,NYA",0
6053_test.jpg,GA,GA,"GA,LA,BA,GANTUNGAN-GA,KA",1
6054_test.jpg,GANTUNGAN-CA,GANTUNGAN-MA,"GANTUNGAN-MA,GANTUNGAN-TA-LATIK,GANTUNGAN-LA,NA-RAMBAT,9",0
6055_test.jpg,ULU,RA,"RA,GANTUNGAN-GA,NGA,GANTUNGAN-NGA,GANTUNGAN-A",0
6056_test.jpg,KA,KA,"KA,GANTUNGAN-KA,KA-TEDONG,KU,1",1
6057_test.jpg,BA,BA,"BA,NA-RAMBAT,GANTUNGAN-BA,1,NGA",1
6058_test.jpg,TA,TA,"TA,TU,BA,TI,TA-TEDONG",1
6059_test.jpg,LA,LA,"LA,GANTUNGAN-LA,7,LU,SA",1
605_test.jpg,WA,WA,"WA,WI,PA,0,DA",1
6060_test.jpg,CECEK,CECEK,"CECEK,ULU,TEDONG,TALENG,ADEG-ADEG",1
6061_test.jpg,ULU,ULU,"ULU,PEPET,GANTUNGAN-MA,SUKU-KEMBUNG,GANTUNGAN-GA",1
6062_test.jpg,NA,NA,"NA,DA,BA-KEMBANG,GANTUNGAN-KA,KA",1
6063_test.jpg,GA,JA,"JA,GA,LA,GANTUNGAN-GA,PEPET",0
6064_test.jpg,GU,GU,"GU,LU,GNA,JU,U",1
6065_test.jpg,SUKU-KEMBUNG,GUWUNG,"GUWUNG,SUKU-KEMBUNG,GRA,BRA,GUWUNG-MACELEK",0
6066_test.jpg,NANIA,NANIA,"NANIA,IA,SUKU,NIA,TUA",1
6067_test.jpg,MA,MA,"MA,GEMPELAN-SA-SAPA,SA,NANIA,A-KARA",1
6068_test.jpg,6,6,"6,GANTUNGAN-A,GANTUNGAN-DA,A,1",1
6069_test.jpg,PA,PA,"PA,SA,GEMPELAN-PA,8,WA",1
606_test.jpg,DA,I,"I,DA,I-KARA,BI,BA-KEMBANG",0
6070_test.jpg,TA,TA,"TA,BA,KA,TU,A",1
6071_test.jpg,BA,BA,"BA,1,GANTUNGAN-BA,NYA,NA-RAMBAT",1
6072_test.jpg,DA,DA,"DA,6,BA-KEMBANG,WA,GANTUNGAN-A",1
6073_test.jpg,LA,LA,"LA,SA,GANTUNGAN-LA,7,YA",1
6074_test.jpg,SUKU,SUKU,"SUKU,GANTUNGAN-NA,GANTUNGAN-KA,TALENG,PU",1
6075_test.jpg,6,E-KARA,"E-KARA,6,GANTUNGAN-DA,GANTUNGAN-TA-TAWA,U-KARA",0
6076_test.jpg,ADEG-ADEG,ADEG-ADEG,"ADEG-ADEG,5,NU,RI,DU",1
6077_test.jpg,TU,TU,"TU,KU,U,NGU,BU",1
6078_test.jpg,ULU,ULU,"ULU,GANTUNGAN-MA,0,PEPET,ULU-SARI",1
6079_test.jpg,DA,DA,"DA,DA-MADU,NA,BA-KEMBANG,TA-TAWA",1
607_test.jpg,WA,WA,"WA,PA,WI,CA,A",1
6080_test.jpg,BISAH,BISAH,"BISAH,JU,4,TALENG,MU",1
6081_test.jpg,TEDONG,TEDONG,"TEDONG,ADEG-ADEG,ULU,GU,SUKU",1
6082_test.jpg,NANIA,NANIA,"NANIA,SUKU,TEDONG,8,IA",1
6083_test.jpg,SA,SA,"SA,CA,A-KARA,YA,GEMPELAN-SA-SAPA",1
6084_test.jpg,PI,PI,"PI,WI,SI,MI,TI",1
6085_test.jpg,TA-TEDONG,WA-TEDONG,"WA-TEDONG,TA-TEDONG,GANTUNGAN-JA,MA-TEDONG,A-TEDONG",0
6086_test.jpg,NGA,NGA,"NGA,GANTUNGAN-NGA,A,WA-TEDONG,RA-TEDONG",1
6087_test.jpg,KA,KA,"KA,KA-TEDONG,NA-RAMBAT,GANTUNGAN-BA,KU",1
6088_test.jpg,MA,MA,"MA,GEMPELAN-SA-SAPA,MA-TEDONG,A-KARA,SA-SAPA",1
6089_test.jpg,TA,TA,"TA,TU,TI,BA,TA-TEDONG",1
608_test.jpg,DA,DA,"DA,TA-TAWA,DA-MADU,NA,YA",1
6090_test.jpg,LA,GANTUNGAN-LA,"GANTUNGAN-LA,LA,7,SA,GANTUNGAN-NA",0
6091_test.jpg,A,A,"A,GA,NA-RAMBAT,U,TA",1
6092_test.jpg,TALENG,TALENG,"TALENG,SUKU,U,CECEK,TEDONG",1
6093_test.jpg,TU,TU,"TU,TIA,TRA,TUA,RU",1
6094_test.jpg,SURANG,SURANG,"SURANG,GANTUNGAN-MA,GANTUNGAN-TA-LATIK,GANTUNGAN-TA,GANTUNGAN-NA",1
6095_test.jpg,KU,KU,"KU,GU,TALENG,DU,KNA",1
6096_test.jpg,WA,WA,"WA,PA,MA,0,GANTUNGAN-TA",1
6097_test.jpg,SA,SA,"SA,CA,7,LA,PA",1
6098_test.jpg,KA,KA,"KA,SA-SAGA,KU,JNA,KA-TEDONG",1
6099_test.jpg,PA,GUWUNG,"GUWUNG,PA,SUKU-KEMBUNG,NANIA,GUWUNG-MACELEK",0
609_test.jpg,TALENG,TALENG,"TALENG,NGU,U,BISAH,RA",1
60_test.jpg,WA,WA,"WA,WI,PA,GANTUNGAN-TA,CA",1
6100_test.jpg,CECEK,CECEK,"CECEK,TALENG,BISAH,GANTUNGAN-NA,SU",1
6101_test.jpg,TA,TA,"TA,TU,NA-RAMBAT,GANTUNGAN-TA,TI",1
6102_test.jpg,A,A,"A,U,GANTUNGAN-GA,LA,GA",1
6103_test.jpg,CECEK,CECEK,"CECEK,BISAH,ADEG-ADEG,TALENG,TEDONG",1
6104_test.jpg,SUKU,SUKU,"SUKU,SUKU-KEMBUNG,NANIA,TEDONG,PU",1
6105_test.jpg,BU,BU,"BU,U,NA-RAMBAT,GU,NGU",1
6106_test.jpg,GEMPELAN-SA-SAPA,GEMPELAN-SA-SAPA,"GEMPELAN-SA-SAPA,SA-SAPA,TA-TAWA,5,WI",1
6107_test.jpg,CECEK,CECEK,"CECEK,TEDONG,4,NANIA,SUKU-ILUT",1
6108_test.jpg,JA,JA,"JA,KU,LU,1,4",1
6109_test.jpg,BI,TI,"TI,BI,GI,I,KI",0
610_test.jpg,SUKU,SUKU,"SUKU,NANIA,TEDONG,PU,MU",1
6110_test.jpg,TU,TU,"TU,TIA,TRA,TUA,IA",1
6111_test.jpg,WA,WA,"WA,PA,WI,GUWUNG-MACELEK,TA-TAWA",1
6112_test.jpg,PA,PA,"PA,GEMPELAN-PA,SA,WA,8",1
6113_test.jpg,WA,WA,"WA,TA,5,TRA,GUWUNG-MACELEK",1
6114_test.jpg,WA,WA,"WA,WI,TA-TAWA,PA,GUWUNG-MACELEK",1
6115_test.jpg,CA,CA,"CA,DA-MADU,GANTUNGAN-CA,NA,WA",1
6116_test.jpg,ADEG-ADEG,TALENG,"TALENG,ADEG-ADEG,BISAH,CECEK,RA",0
6117_test.jpg,PA,PA,"PA,LA,SA,7,WA",1
6118_test.jpg,RA,RA,"RA,GANTUNGAN-GA,GA,GANTUNGAN-A,NA",1
6119_test.jpg,WA,WA,"WA,PA,WI,CA,GANTUNGAN-TA",1
611_test.jpg,TA,TA,"TA,BA,TA-TEDONG,TU,RA-TEDONG",1
6120_test.jpg,PEPET,GANTUNGAN-A,"GANTUNGAN-A,GANTUNGAN-TA,GANTUNGAN-CA,PEPET,GANTUNGAN-LA",0
6121_test.jpg,DA,DA,"DA,JA,GANTUNGAN-A,I,6",1
6122_test.jpg,ULU,ULU,"ULU,GANTUNGAN-MA,0,SUKU-KEMBUNG,GANTUNGAN-GA",1
6123_test.jpg,TALENG,TALENG,"TALENG,RU,CECEK,GU,U",1
6124_test.jpg,YA,YA,"YA,LA,A,9,GANTUNGAN-TA-LATIK",1
6125_test.jpg,CECEK,CECEK,"CECEK,BISAH,TALENG,4,ULU",1
6126_test.jpg,GA,GA-TEDONG,"GA-TEDONG,GA,GANTUNGAN-GA,TA-TEDONG,PEPET",0
6127_test.jpg,LA,NGA,"NGA,LA-TEDONG,WA,GA-TEDONG,SA-SAGA",0
6128_test.jpg,GANTUNGAN-GA,GANTUNGAN-GA,"GANTUNGAN-GA,ULU,GA,TEDONG,GU",1
6129_test.jpg,KA,KA-TEDONG,"KA-TEDONG,KA,BA,KU,NA-RAMBAT",0
612_test.jpg,SA,SA,"SA,GANTUNGAN-LA,CA,NA,GANTUNGAN-CA",1
6130_test.jpg,TU,TU,"TU,TRA,TIA,U,BU",1
6131_test.jpg,BISAH,BISAH,"BISAH,TALENG,4,JU,MU",1
6132_test.jpg,JA,JA,"JA,BISAH,4,KU,JA-TEDONG",1
6133_test.jpg,ADEG-ADEG,MU,"MU,ADEG-ADEG,NIA,NANIA,5",0
6134_test.jpg,GA,GA,"GA,GANTUNGAN-GA,GU,LA,SA-SAGA",1
6135_test.jpg,TEDONG,TEDONG,"TEDONG,GU,RU,GNA,ADEG-ADEG",1
6136_test.jpg,SURANG,SURANG,"SURANG,GANTUNGAN-TA-LATIK,GANTUNGAN-JA,GUWUNG,GANTUNGAN-CA",1
6137_test.jpg,GANTUNGAN-DA,GANTUNGAN-DA,"GANTUNGAN-DA,GANTUNGAN-LA,6,E-KARA,NA-RAMBAT",1
6138_test.jpg,PI,PU,"PU,WU,MU,SU,LU",0
6139_test.jpg,BA,BA,"BA,1,GANTUNGAN-BA,KU,NA-RAMBAT",1
613_test.jpg,1,1,"1,GANTUNGAN-BA,LA,BA,NYA",1
6140_test.jpg,SA,SA,"SA,CA,7,A-KARA,NA",1
6141_test.jpg,BA,KA,"KA,BA,NA-RAMBAT,GANTUNGAN-BA,KA-TEDONG",0
6142_test.jpg,JA,JA,"JA,JU,NGA,DU,6",1
6143_test.jpg,NANIA,NANIA,"NANIA,NIA,IA,SUKU-KEMBUNG,GUWUNG-MACELEK",1
6144_test.jpg,JA,JA,"JA,GANTUNGAN-GA,6,PEPET,RA",1
6145_test.jpg,WA,WA,"WA,WI,PA,TA-TAWA,CA",1
6146_test.jpg,TU,KU,"KU,DU,BU,1,NIA",0
6147_test.jpg,BA,BA,"BA,GANTUNGAN-BA,KA,NA-RAMBAT,GANTUNGAN-NGA",1
6148_test.jpg,BISAH,BISAH,"BISAH,TALENG,ADEG-ADEG,CECEK,SUKU",1
6149_test.jpg,ADEG-ADEG,ADEG-ADEG,"ADEG-ADEG,TALENG,RU,RA,5",1
614_test.jpg,PU,PU,"PU,WU,SU,MU,LU",1
6150_test.jpg,JA,JA,"JA,KU,KA,BISAH,RA",1
6151_test.jpg,TALENG,TALENG,"TALENG,U,TU,GANTUNGAN-A,NGU",1
6152_test.jpg,TALENG,TALENG,"TALENG,NGU,U,2,I-KARA",1
6153_test.jpg,ADEG-ADEG,TU,"TU,WU,RU,ADEG-ADEG,5",0
6154_test.jpg,SA,SA,"SA,CA,KA,LA,A-KARA",1
6155_test.jpg,A,A,"A,U,NA-RAMBAT,LA,GA",1
6156_test.jpg,PA,PA,"PA,GEMPELAN-PA,GEMPELAN-SA-SAPA,8,SA",1
6157_test.jpg,NA,NA,"NA,CA,KA,GANTUNGAN-KA,DA",1
6158_test.jpg,TA,TA,"TA,KA,TA-TEDONG,BA,NA-RAMBAT",1
6159_test.jpg,YA,YA,"YA,GANTUNGAN-TA-LATIK,LA,ULU-CANDRA,9",1
615_test.jpg,GANTUNGAN-KA,GANTUNGAN-KA,"GANTUNGAN-KA,NA,KA,CA,CECEK",1
6160_test.jpg,BISAH,BISAH,"BISAH,JU,TALENG,ADEG-ADEG,MU",1
6161_test.jpg,PA,PA,"PA,WA,MA,8,SA-SAPA",1
6162_test.jpg,NA,NA,"NA,DA,GANTUNGAN-KA,ULU-SARI,MA",1
6163_test.jpg,TEDONG,TEDONG,"TEDONG,ULU,ADEG-ADEG,GU,RA",1
6164_test.jpg,TA,TA,"TA,TU,TI,BA,NA-RAMBAT",1
6165_test.jpg,MA,MA,"MA,PA,MA-TEDONG,GEMPELAN-SA-SAPA,SA-SAPA",1
6166_test.jpg,NGA,NGA,"NGA,WA,GANTUNGAN-NGA,RA,TU",1
6167_test.jpg,NGI,NI,"NI,DI,SI,NGI,KI",0
6168_test.jpg,SA,7,"7,SA,LA,KA,CA",0
6169_test.jpg,SU,SU,"SU,SI,CU,SA,YU",1
616_test.jpg,NA,NA,"NA,DA,GANTUNGAN-KA,ULU-SARI,JA",1
6170_test.jpg,TEDONG,TEDONG,"TEDONG,GANTUNGAN-GA,ULU,GA,PEPET",1
6171_test.jpg,CECEK,CECEK,"CECEK,TALENG,SURANG,GANTUNGAN-NA,SUKU",1
6172_test.jpg,0,GUWUNG-MACELEK,"GUWUNG-MACELEK,GANTUNGAN-JA,GANTUNGAN-TA-TAWA,WA,8",0
6173_test.jpg,MA,MA,"MA,PA,SA-SAPA,PI,GEMPELAN-PA",1
6174_test.jpg,DA,DA,"DA,BA-KEMBANG,NA,MA-TEDONG,YA",1
6175_test.jpg,YA,YA,"YA,9,GANTUNGAN-CA,GANTUNGAN-TA-LATIK,YA-TEDONG",1
6176_test.jpg,YA,YA,"YA,9,NGA,A,DA-MADU",1
6177_test.jpg,ULU,ULU,"ULU,ULU-SARI,TEDONG,GANTUNGAN-MA,0",1
6178_test.jpg,RA,RA,"RA,MA-TEDONG,MA,GANTUNGAN-A,RA-TEDONG",1
6179_test.jpg,GEMPELAN-PA,GEMPELAN-PA,"GEMPELAN-PA,PA,CECEK,ULU,GEMPELAN-SA-SAPA",1
617_test.jpg,NANIA,NANIA,"NANIA,NIA,PAMADA,TIA,IA",1
6180_test.jpg,YA,YA,"YA,LA,SA,9,7",1
6181_test.jpg,ADEG-ADEG,ADEG-ADEG,"ADEG-ADEG,BISAH,SUKU,CECEK,TALENG",1
6182_test.jpg,TA-TEDONG,TA-TEDONG,"TA-TEDONG,TI,TA,A-TEDONG,A",1
6183_test.jpg,PEPET,GANTUNGAN-MA,"GANTUNGAN-MA,PEPET,ULU,SUKU-KEMBUNG,ULU-SARI",0
6184_test.jpg,BA,BA,"BA,NA-RAMBAT,GANTUNGAN-NGA,GANTUNGAN-BA,A",1
6185_test.jpg,CECEK,CECEK,"CECEK,SUKU,BISAH,ADEG-ADEG,TALENG",1
6186_test.jpg,LA,LA,"LA,GANTUNGAN-LA,7,LA-TEDONG,GA-TEDONG",1
6187_test.jpg,TEDONG,TEDONG,"TEDONG,GU,0,NU,RU",1
6188_test.jpg,KU,KU,"KU,GU,BU,LU,KA",1
6189_test.jpg,TA,TA,"TA,GANTUNGAN-TA,A,WA-TEDONG,TI",1
618_test.jpg,NGA,NGA,"NGA,GANTUNGAN-NGA,JA-TEDONG,A,TU",1
6190_test.jpg,TEDONG,TEDONG,"TEDONG,GU,RU,ADEG-ADEG,NU",1
6191_test.jpg,TA,TA,"TA,TU,BA,WA,TIA",1
6192_test.jpg,BA,BA,"BA,NYA,GANTUNGAN-BA,NA-RAMBAT,BU",1
6193_test.jpg,GANTUNGAN-TA,GANTUNGAN-TA,"GANTUNGAN-TA,ULU-SARI,WA,0,LA-TEDONG",1
6194_test.jpg,TRA,TRA,"TRA,TUA,GRA,NANIA,TIA",1
6195_test.jpg,PEPET,PEPET,"PEPET,GANTUNGAN-DA,GANTUNGAN-GA,GANTUNGAN-A,DA",1
6196_test.jpg,BISAH,BISAH,"BISAH,TALENG,CECEK,RA,ADEG-ADEG",1
6197_test.jpg,A,A,"A,BA,GANTUNGAN-NGA,NA-RAMBAT,DA",1
6198_test.jpg,SA,SA,"SA,CA,LA,GEMPELAN-SA-SAPA,A-KARA",1
6199_test.jpg,TU,TU,"TU,TIA,TRA,TUA,WU",1
619_test.jpg,LA-TEDONG,LA-TEDONG,"LA-TEDONG,7,GA-TEDONG,LA,A",1
61_test.jpg,WRE,WRE,"WRE,TRA,PI,LA-LENGA,NING",1
6200_test.jpg,BA,BA,"BA,GANTUNGAN-BA,1,NYA,GANTUNGAN-NGA",1
6201_test.jpg,TEDONG,TEDONG,"TEDONG,ADEG-ADEG,NU,RA-TEDONG,MI",1
6202_test.jpg,A,A,"A,U,LA,GANTUNGAN-GA,GA",1
6203_test.jpg,MA,MA,"MA,MA-TEDONG,SA-SAPA,NIA,SA",1
6204_test.jpg,NANIA,NANIA,"NANIA,NIA,IA,SUKU,PU",1
6205_test.jpg,NING,NING,"NING,A-KARA,NA-TEDONG,KI,SI",1
6206_test.jpg,BISAH,BISAH,"BISAH,TALENG,ADEG-ADEG,JU,CECEK",1
6207_test.jpg,SA,SA,"SA,LA,A-KARA,7,SU",1
6208_test.jpg,TU,TU,"TU,TRA,TIA,BU,TUA",1
6209_test.jpg,BA,BA,"BA,KA,NA-RAMBAT,GANTUNGAN-BA,TA",1
620_test.jpg,ULU,ULU,"ULU,ULU-SARI,NA,0,WA",1
6210_test.jpg,YA,YA,"YA,A,GANTUNGAN-A,9,LA",1
6211_test.jpg,TEDONG,TEDONG,"TEDONG,SUKU-ILUT,MI,RA-TEDONG,RA",1
6212_test.jpg,LA,LA,"LA,SA,GUWUNG-MACELEK,GA,A",1
6213_test.jpg,NANIA,NANIA,"NANIA,IA,NIA,TIA,PAMADA",1
6214_test.jpg,A,A,"A,GA,U,NA-RAMBAT,TA",1
6215_test.jpg,ADEG-ADEG,ADEG-ADEG,"ADEG-ADEG,SUKU,TALENG,CECEK,NANIA",1
6216_test.jpg,WA,WA,"WA,GANTUNGAN-TA,WI,PA,TA-TAWA",1
6217_test.jpg,YA,YA,"YA,NGA,DA-MADU,LA,ULU-CANDRA",1
6218_test.jpg,GA,GA,"GA,BA,LA,A,GU",1
6219_test.jpg,LA,LA,"LA,7,SA,GANTUNGAN-LA,KA",1
621_test.jpg,SUKU,SUKU,"SUKU,NANIA,MU,TALENG,SU",1
6220_test.jpg,PA,PA,"PA,GUWUNG,SUKU-KEMBUNG,GEMPELAN-PA,WA",1
6221_test.jpg,KNA,KNA,"KNA,GNA,LA-LENGA,NIA,I-KARA",1
6222_test.jpg,SA,SA,"SA,CA,KA,A-KARA,NA",1
6223_test.jpg,NGA,NA-RAMBAT,"NA-RAMBAT,BA,GANTUNGAN-BA,GANTUNGAN-NGA,BU",0
6224_test.jpg,TU,TU,"TU,TRA,TIA,TUA,5",1
6225_test.jpg,NANIA,NANIA,"NANIA,SUKU,RU,MU,IA",1
6226_test.jpg,PEPET,PEPET,"PEPET,GANTUNGAN-MA,GANTUNGAN-GA,SUKU-KEMBUNG,GANTUNGAN-DA",1
6227_test.jpg,BA,BA,"BA,GANTUNGAN-BA,NA-RAMBAT,KA,GA",1
6228_test.jpg,SA,SA,"SA,CA,A-KARA,LA,7",1
6229_test.jpg,PEPET,PEPET,"PEPET,GANTUNGAN-MA,GANTUNGAN-DA,GANTUNGAN-GA,ULU-RICEM",1
622_test.jpg,WA,WA,"WA,WI,PA,GRA,0",1
6230_test.jpg,SUKU,SUKU,"SUKU,GANTUNGAN-NA,PU,TALENG,4",1
6231_test.jpg,NI,NI,"NI,DI,SI,KI,NING",1
6232_test.jpg,PU,TALENG,"TALENG,PU,2,U,SU",0
6233_test.jpg,CECEK,CECEK,"CECEK,BISAH,4,KU,TEDONG",1
6234_test.jpg,PA,PA,"PA,GEMPELAN-PA,SUKU-KEMBUNG,GUWUNG,WA",1
6235_test.jpg,KA-TEDONG,KA-TEDONG,"KA-TEDONG,DA-TEDONG,TA-TEDONG,GA-TEDONG,LA-TEDONG",1
6236_test.jpg,SA,SA,"SA,LA,7,GANTUNGAN-LA,CA",1
6237_test.jpg,NANIA,NANIA,"NANIA,IA,SUKU,NIA,PU",1
6238_test.jpg,ULU,ULU,"ULU,0,ULU-SARI,TEDONG,GANTUNGAN-MA",1
6239_test.jpg,NANIA,NANIA,"NANIA,IA,TUA,NIA,TIA",1
623_test.jpg,SA,SA,"SA,CA,NA,A-KARA,MA",1
6240_test.jpg,GANTUNGAN-DA,GANTUNGAN-DA,"GANTUNGAN-DA,GANTUNGAN-JA,E-KARA,6,GANTUNGAN-TA-LATIK",1
6241_test.jpg,PA,PA,"PA,WA,GEMPELAN-PA,SUKU-KEMBUNG,GANTUNGAN-A",1
6242_test.jpg,LA,LA,"LA,GANTUNGAN-LA,7,SA,8",1
6243_test.jpg,SURANG,SURANG,"SURANG,GANTUNGAN-NA,CECEK,TALENG,GANTUNGAN-TA-LATIK",1
6244_test.jpg,GA,GA,"GA,GANTUNGAN-GA,LA,GA-TEDONG,GANTUNGAN-LA",1
6245_test.jpg,ADEG-ADEG,NANIA,"NANIA,SUKU,GU,ADEG-ADEG,TALENG",0
6246_test.jpg,BISAH,BISAH,"BISAH,GANTUNGAN-NA,4,TALENG,GANTUNGAN-MA",1
6247_test.jpg,RA,RA,"RA,WA,GANTUNGAN-GA,GANTUNGAN-KA,GA",1
6248_test.jpg,DA,DA-MADU,"DA-MADU,DA,TA-TAWA,9,DU",0
6249_test.jpg,YA,YA,"YA,LA,ULU-CANDRA,SA,9",1
624_test.jpg,A,A,"A,U,NA-RAMBAT,TA,BA",1
6250_test.jpg,NA,NA,"NA,CA,GANTUNGAN-KA,SA,BA-KEMBANG",1
6251_test.jpg,DA,DA,"DA,TA-TAWA,GUWUNG-MACELEK,GANTUNGAN-TA-LATIK,GANTUNGAN-MA",1
6252_test.jpg,GA,GA,"GA,GANTUNGAN-GA,SA-SAGA,LA,JA",1
6253_test.jpg,SURANG,SURANG,"SURANG,CECEK,GANTUNGAN-NA,TALENG,GEMPELAN-SA-SAPA",1
6254_test.jpg,TA,TA,"TA,TU,BA,A,GANTUNGAN-TA",1
6255_test.jpg,GA,GA,"GA,GANTUNGAN-GA,SA-SAGA,LA,PEPET",1
6256_test.jpg,A,A,"A,GANTUNGAN-A,U,YA,GANTUNGAN-GA",1
6257_test.jpg,NING,NING,"NING,NI,KI,SI,LA-LENGA",1
6258_test.jpg,WA,PA,"PA,WA,GANTUNGAN-TA-LATIK,GUWUNG,GUWUNG-MACELEK",0
6259_test.jpg,SA,SA,"SA,CA,LA,7,KA",1
625_test.jpg,NANIA,SUKU,"SUKU,NANIA,MU,U,RU",0
6260_test.jpg,KA,KA,"KA,KA-TEDONG,GANTUNGAN-KA,NA-RAMBAT,KU",1
6261_test.jpg,BISAH,BISAH,"BISAH,TALENG,ADEG-ADEG,JU,RA",1
6262_test.jpg,PEPET,PEPET,"PEPET,GANTUNGAN-MA,SA-SAGA,JA,ULU-RICEM",1
6263_test.jpg,NING,NING,"NING,NI,SI,KI,NA-TEDONG",1
6264_test.jpg,A,A,"A,GA,U,NA-RAMBAT,TA",1
6265_test.jpg,KI,KI,"KI,KA,NI,KA-TEDONG,NA-TEDONG",1
6266_test.jpg,NYA,NYA,"NYA,KA-TEDONG,1,GANTUNGAN-NYA,NA",1
6267_test.jpg,ADEG-ADEG,RA,"RA,ADEG-ADEG,TALENG,CECEK,RU",0
6268_test.jpg,RA,RA,"RA,TALENG,CECEK,GANTUNGAN-TA,GANTUNGAN-A",1
6269_test.jpg,BISAH,BISAH,"BISAH,4,TALENG,ADEG-ADEG,JU",1
626_test.jpg,SUKU,SUKU,"SUKU,NANIA,TEDONG,2,SU",1
6270_test.jpg,SA,SA,"SA,CA,GANTUNGAN-LA,A-KARA,7",1
6271_test.jpg,TALENG,TALENG,"TALENG,U,GANTUNGAN-A,GANTUNGAN-DA,TU",1
6272_test.jpg,SUKU,SUKU,"SUKU,CECEK,TALENG,GANTUNGAN-NA,SURANG",1
6273_test.jpg,KA,KA,"KA,KA-TEDONG,GANTUNGAN-KA,GANTUNGAN-BA,NA-RAMBAT",1
6274_test.jpg,YA,YA,"YA,SA,9,ULU-CANDRA,YA-TEDONG",1
6275_test.jpg,WA,WA,"WA,PA,GANTUNGAN-TA,CA,A",1
6276_test.jpg,U-KARA,U-KARA,"U-KARA,E-KARA,GANTUNGAN-DA,6,GANTUNGAN-MA",1
6277_test.jpg,BA,BA,"BA,GANTUNGAN-BA,RA-TEDONG,GANTUNGAN-NGA,NA-RAMBAT",1
6278_test.jpg,GA,GA,"GA,LA,SA-SAGA,TA,A",1
6279_test.jpg,KA,NA,"NA,BA-KEMBANG,DA,CA,GANTUNGAN-KA",0
627_test.jpg,TALENG,ADEG-ADEG,"ADEG-ADEG,SURANG,TALENG,SUKU,BISAH",0
6280_test.jpg,NGA,NGA,"NGA,GANTUNGAN-NGA,A,GANTUNGAN-A,I-KARA",1
6281_test.jpg,YA,YA,"YA,LA,SA,GANTUNGAN-CA,GANTUNGAN-TA-LATIK",1
6282_test.jpg,A,A,"A,U,GA,NA-RAMBAT,BA",1
6283_test.jpg,LA,LA,"LA,GANTUNGAN-LA,SA,GA,7",1
6284_test.jpg,PEPET,GANTUNGAN-MA,"GANTUNGAN-MA,SUKU-KEMBUNG,PEPET,ULU,GUWUNG",0
6285_test.jpg,MA,MA,"MA,GEMPELAN-SA-SAPA,SA-SAPA,MA-TEDONG,A-KARA",1
6286_test.jpg,SURANG,SURANG,"SURANG,GANTUNGAN-TA-LATIK,GANTUNGAN-NA,CECEK,GANTUNGAN-JA",1
6287_test.jpg,TALENG,TALENG,"TALENG,U,GANTUNGAN-A,TU,A",1
6288_test.jpg,SA,A-KARA,"A-KARA,ULU-CANDRA,SA,NIA,NANIA",0
6289_test.jpg,ULU,ULU,"ULU,0,TALENG,WA,GANTUNGAN-MA",1
628_test.jpg,WA,WA,"WA,0,PA,GANTUNGAN-TA,CA",1
6290_test.jpg,LA,LA,"LA,GANTUNGAN-LA,GA,GA-TEDONG,GANTUNGAN-GA",1
6291_test.jpg,TA,TA,"TA,TU,BA,A,KA",1
6292_test.jpg,BA,BA,"BA,A,NA-RAMBAT,1,GANTUNGAN-NGA",1
6293_test.jpg,YU,YU,"YU,LU,SU,U,CU",1
6294_test.jpg,ADEG-ADEG,ADEG-ADEG,"ADEG-ADEG,SUKU,NANIA,GNA,RU",1
6295_test.jpg,ULU,ULU,"ULU,TALENG,0,GANTUNGAN-NA,CECEK",1
6296_test.jpg,NANIA,NANIA,"NANIA,IA,NIA,SUKU,PAMADA",1
6297_test.jpg,ULU-SARI,ULU-SARI,"ULU-SARI,SA-SAGA,ULU-RICEM,DA,PEPET",1
6298_test.jpg,GANTUNGAN-NA,GANTUNGAN-NA,"GANTUNGAN-NA,SUKU,2,0,NANIA",1
6299_test.jpg,CECEK,CECEK,"CECEK,GANTUNGAN-NA,SURANG,GANTUNGAN-KA,BISAH",1
629_test.jpg,SUKU-KEMBUNG,SUKU-KEMBUNG,"SUKU-KEMBUNG,GUWUNG,BRA,GRA,0",1
62_test.jpg,NA,A,"A,GANTUNGAN-DA,U,GANTUNGAN-LA,NA-RAMBAT",0
6300_test.jpg,TA,TA,"TA,TA-TEDONG,GANTUNGAN-TA,TU,WA",1
6301_test.jpg,SA-SAGA,SA-SAGA,"SA-SAGA,JA,ULU-SARI,LA,KA",1
6302_test.jpg,MA,MA,"MA,A-KARA,GEMPELAN-SA-SAPA,RA,SA-SAPA",1
6303_test.jpg,SA,SA,"SA,CA,7,GANTUNGAN-LA,NA-TEDONG",1
6304_test.jpg,RA,RA,"RA,RA-TEDONG,MA,GANTUNGAN-KA,CA",1
6305_test.jpg,LI,LI,"LI,NI,SI,KI,NGI",1
6306_test.jpg,BISAH,BISAH,"BISAH,JA,CECEK,4,RA",1
6307_test.jpg,A,A,"A,U,TA,LA,WA-TEDONG",1
6308_test.jpg,KA,KA,"KA,NA-RAMBAT,KU,SA,NA",1
6309_test.jpg,NA,NA,"NA,GANTUNGAN-KA,KA,A-KARA,CA",1
630_test.jpg,TU,TU,"TU,TRA,U,WU,GU",1
6310_test.jpg,TALENG,TALENG,"TALENG,NANIA,GRA,BRA,GUWUNG",1
6311_test.jpg,YA,YA,"YA,LA,ULU-CANDRA,A,8",1
6312_test.jpg,BA,BA,"BA,GANTUNGAN-BA,NA-RAMBAT,GANTUNGAN-NGA,1",1
6313_test.jpg,KU,KU,"KU,KRA,LU,BU,SU",1
6314_test.jpg,RA-TEDONG,RA-TEDONG,"RA-TEDONG,TA-TEDONG,WA-TEDONG,NA-TEDONG,DA-TEDONG",1
6315_test.jpg,KA,KA,"KA,KA-TEDONG,KU,BA,NA-RAMBAT",1
6316_test.jpg,YA,YA,"YA,YA-TEDONG,9,GANTUNGAN-CA,GANTUNGAN-NGA",1
6317_test.jpg,LI,LI,"LI,PI,SI,7,KI",1
6318_test.jpg,GANTUNGAN-NGA,NGA,"NGA,GANTUNGAN-NGA,A,GANTUNGAN-A,DU",0
6319_test.jpg,NGA,NGA,"NGA,A,DU,YU,I-KARA",1
631_test.jpg,ULU-SARI,ULU-SARI,"ULU-SARI,NA,SA-SAGA,DA,5",1
6320_test.jpg,KU,KU,"KU,KRA,NIA,BU,KA",1
6321_test.jpg,SUKU,SUKU,"SUKU,2,GANTUNGAN-NA,MU,PU",1
6322_test.jpg,CECEK,CECEK,"CECEK,BISAH,GANTUNGAN-NA,4,TALENG",1
6323_test.jpg,SA,SA,"SA,YA,GANTUNGAN-LA,GEMPELAN-PA,GEMPELAN-SA-SAPA",1
6324_test.jpg,RA,RA,"RA,NGA,GANTUNGAN-GA,RU,RA-TEDONG",1
6325_test.jpg,JA,JA,"JA,BISAH,RA,JU,SA-SAGA",1
6326_test.jpg,A,A,"A,NA-RAMBAT,GANTUNGAN-DA,GANTUNGAN-LA,U",1
6327_test.jpg,ADEG-ADEG,ADEG-ADEG,"ADEG-ADEG,I,5,MI,RI",1
6328_test.jpg,YA,SA,"SA,LA,YA,7,GANTUNGAN-LA",0
6329_test.jpg,RA,RA,"RA,RU,RA-TEDONG,NGA,5",1
632_test.jpg,RA,RA,"RA,TALENG,CECEK,ULU,RA-TEDONG",1
6330_test.jpg,RA,RA,"RA,MA,RU,5,RA-TEDONG",1
6331_test.jpg,PEPET,PEPET,"PEPET,GANTUNGAN-MA,ULU,GANTUNGAN-GA,DA",1
6332_test.jpg,WA,WA,"WA,TA-TAWA,6,WI,GANTUNGAN-JA",1
6333_test.jpg,SA,SA,"SA,CA,LA,A-KARA,7",1
6334_test.jpg,RU,RU,"RU,SUKU,NANIA,WU,ADEG-ADEG",1
6335_test.jpg,TU,TU,"TU,RU,U,GU,BU",1
6336_test.jpg,ULU-CANDRA,ULU-CANDRA,"ULU-CANDRA,ULU-RICEM,GEMPELAN-SA-SAPA,8,GEMPELAN-PA",1
6337_test.jpg,CECEK,PEPET,"PEPET,GANTUNGAN-DA,GANTUNGAN-GA,SURANG,GANTUNGAN-A",0
6338_test.jpg,TU,TU,"TU,TRA,TIA,TUA,U",1
6339_test.jpg,ULU,ULU,"ULU,GANTUNGAN-MA,SUKU-KEMBUNG,PEPET,GANTUNGAN-GA",1
633_test.jpg,TEDONG,TEDONG,"TEDONG,ULU-SARI,ULU-RICEM,GU,SA-SAGA",1
6340_test.jpg,DA,DA,"DA,NA,BA-KEMBANG,E-KARA,I-KARA",1
6341_test.jpg,ULU,RA,"RA,GANTUNGAN-TA,ULU,MA,GANTUNGAN-A",0
6342_test.jpg,BISAH,BISAH,"BISAH,TALENG,JU,4,MU",1
6343_test.jpg,NI,KI,"KI,NI,NU,NA,KA-TEDONG",0
6344_test.jpg,SUKU,SUKU,"SUKU,TEDONG,GANTUNGAN-NA,PU,SU",1
6345_test.jpg,BA,GANTUNGAN-BA,"GANTUNGAN-BA,BA,1,KA,NGA",0
6346_test.jpg,A,A,"A,U,TA,NA-RAMBAT,BA",1
6347_test.jpg,ADEG-ADEG,ADEG-ADEG,"ADEG-ADEG,GNA,NANIA,TALENG,SUKU",1
6348_test.jpg,DA,DI,"DI,9,BA-KEMBANG,ULU-CANDRA,GANTUNGAN-A",0
6349_test.jpg,ULU,ULU,"ULU,TEDONG,CECEK,TALENG,GANTUNGAN-GA",1
634_test.jpg,NANIA,NANIA,"NANIA,IA,SUKU,NIA,SUKU-KEMBUNG",1
6350_test.jpg,WA-TEDONG,WA-TEDONG,"WA-TEDONG,MA-TEDONG,WA,LA-TEDONG,GUWUNG-MACELEK",1
6351_test.jpg,PI,MI,"MI,PI,I,SI,WI",0
6352_test.jpg,LA,LA,"LA,7,GANTUNGAN-LA,LA-TEDONG,SA",1
6353_test.jpg,KA,KA,"KA,KA-TEDONG,NA-RAMBAT,KU,NA-TEDONG",1
6354_test.jpg,MA,MA,"MA,SA-SAPA,A-KARA,PI,MA-TEDONG",1
6355_test.jpg,TEDONG,TEDONG,"TEDONG,ULU,GANTUNGAN-MA,GANTUNGAN-GA,PEPET",1
6356_test.jpg,YA,YA,"YA,GANTUNGAN-TA-LATIK,DA,LA,9",1
6357_test.jpg,SUKU,SUKU,"SUKU,CECEK,GANTUNGAN-NA,4,BISAH",1
6358_test.jpg,BA,BA,"BA,KA,A,NA-RAMBAT,TA",1
6359_test.jpg,1,9,"9,1,GANTUNGAN-LA,BA,A-KARA",0
635_test.jpg,NGA,NGA,"NGA,GANTUNGAN-NGA,A-TEDONG,NYA,DA-TEDONG",1
6360_test.jpg,A,A,"A,U,GA,BA,NA-RAMBAT",1
6361_test.jpg,ULU,ULU,"ULU,0,ULU-SARI,CECEK,GANTUNGAN-MA",1
6362_test.jpg,NANIA,NANIA,"NANIA,IA,SUKU-KEMBUNG,NIA,PU",1
6363_test.jpg,MA,MA-TEDONG,"MA-TEDONG,RA,WA-TEDONG,NANIA,JA",0
6364_test.jpg,NANIA,NANIA,"NANIA,IA,TIA,NIA,TUA",1
6365_test.jpg,JU,JU,"JU,DU,GRA,GU,NU",1
6366_test.jpg,BA,1,"1,NGA,NYA,BA,A",0
6367_test.jpg,BA,BA,"BA,NA-RAMBAT,GANTUNGAN-BA,GA,KA",1
6368_test.jpg,LA,7,"7,GANTUNGAN-LA,GA-TEDONG,LA,LI",0
6369_test.jpg,MA,MA,"MA,SA-SAPA,MA-TEDONG,GEMPELAN-SA-SAPA,PI",1
636_test.jpg,NA,NA,"NA,GANTUNGAN-KA,DA,NA-TEDONG,MA",1
6370_test.jpg,YA,YA,"YA,LA,GANTUNGAN-TA-LATIK,A,SA",1
6371_test.jpg,SU,SU,"SU,YU,CU,LU,SI",1
6372_test.jpg,NANIA,NANIA,"NANIA,IA,NIA,PAMADA,TUA",1
6373_test.jpg,TALENG,TALENG,"TALENG,CECEK,U,GU,RU",1
6374_test.jpg,CECEK,CECEK,"CECEK,ULU,TALENG,TEDONG,BISAH",1
6375_test.jpg,ADEG-ADEG,ADEG-ADEG,"ADEG-ADEG,RA,TALENG,BISAH,CECEK",1
6376_test.jpg,SA,SA,"SA,CA,MA,7,LA",1
6377_test.jpg,NA,NA,"NA,DA,BA-KEMBANG,GANTUNGAN-KA,CA",1
6378_test.jpg,YA,YA,"YA,GANTUNGAN-TA-LATIK,9,GANTUNGAN-CA,YA-TEDONG",1
6379_test.jpg,MA,MA,"MA,SA-SAPA,PA,MA-TEDONG,A-KARA",1
637_test.jpg,GA,GA,"GA,SA-SAGA,JA,GU,GANTUNGAN-GA",1
6380_test.jpg,NA,NA,"NA,DA,GANTUNGAN-KA,BA-KEMBANG,KA",1
6381_test.jpg,LA,LA,"LA,GANTUNGAN-LA,SA,GANTUNGAN-GA,YA",1
6382_test.jpg,A,A,"A,GA,U,NA-RAMBAT,GEMPELAN-PA",1
6383_test.jpg,CECEK,CECEK,"CECEK,BISAH,TALENG,4,GANTUNGAN-NA",1
6384_test.jpg,PA,PA,"PA,MA,SA-SAPA,8,GANTUNGAN-TA-LATIK",1
6385_test.jpg,NA,NA,"NA,GANTUNGAN-KA,DA,BA-KEMBANG,KA",1
6386_test.jpg,TEDONG,TEDONG,"TEDONG,ULU,CECEK,GU,ADEG-ADEG",1
6387_test.jpg,TEDONG,TEDONG,"TEDONG,0,SUKU-ILUT,4,GU",1
6388_test.jpg,U,U,"U,TU,IA,YU,LU",1
6389_test.jpg,ADEG-ADEG,ADEG-ADEG,"ADEG-ADEG,5,GNA,MI,GEMPELAN-SA-SAPA",1
638_test.jpg,JA,JA,"JA,GU,GANTUNGAN-GA,BU,GA",1
6390_test.jpg,TU,TU,"TU,U,GU,TRA,BU",1
6391_test.jpg,RA,RA,"RA,RA-TEDONG,WA,MA,GANTUNGAN-A",1
6392_test.jpg,CECEK,CECEK,"CECEK,ULU,TEDONG,BISAH,4",1
6393_test.jpg,NANIA,NANIA,"NANIA,IA,NIA,PAMADA,U",1
6394_test.jpg,GANTUNGAN-JA,CECEK,"CECEK,GANTUNGAN-JA,SURANG,DA,4",0
6395_test.jpg,SURANG,SURANG,"SURANG,GANTUNGAN-MA,GANTUNGAN-TA-LATIK,TALENG,GUWUNG",1
6396_test.jpg,BA-KEMBANG,BA-KEMBANG,"BA-KEMBANG,NA,GI,DA,NYA",1
6397_test.jpg,LI,LI,"LI,PI,WI,SI,MI",1
6398_test.jpg,E-KARA,6,"6,E-KARA,GANTUNGAN-A,GANTUNGAN-DA,JA",0
6399_test.jpg,ADEG-ADEG,ADEG-ADEG,"ADEG-ADEG,RA,RI,SUKU,GNA",1
639_test.jpg,WI,WI,"WI,DI,NGI,WRE,PI",1
63_test.jpg,BI,TI,"TI,BI,GI,LI,I",0
6400_test.jpg,TALENG,TALENG,"TALENG,CECEK,BISAH,ULU,GU",1
6401_test.jpg,PEPET,PEPET,"PEPET,GANTUNGAN-MA,ULU,GANTUNGAN-GA,DA",1
6402_test.jpg,LA-LENGA,2,"2,GANTUNGAN-NA,LA-LENGA,KNA,PAMADA",0
6403_test.jpg,SA,SA,"SA,CA,A-KARA,YA,GEMPELAN-SA-SAPA",1
6404_test.jpg,TU,TU,"TU,TRA,GU,U,BU",1
6405_test.jpg,CA,BA-KEMBANG,"BA-KEMBANG,A-KARA,DA,NA,CA",0
6406_test.jpg,NA,NA,"NA,GANTUNGAN-KA,DA,CA,KA-TEDONG",1
6407_test.jpg,LA,LA,"LA,7,SA,GANTUNGAN-LA,GANTUNGAN-GA",1
6408_test.jpg,A,A,"A,U,NA-RAMBAT,GANTUNGAN-A,GANTUNGAN-LA",1
6409_test.jpg,CECEK,CECEK,"CECEK,SUKU,TALENG,TEDONG,ULU",1
640_test.jpg,TA,TA,"TA,TU,TA-TEDONG,BA,TI",1
6410_test.jpg,BISAH,BISAH,"BISAH,TALENG,GANTUNGAN-NA,CECEK,SUKU",1
6411_test.jpg,TALENG,TALENG,"TALENG,U,GANTUNGAN-A,A,I-KARA",1
6412_test.jpg,NGA,NGA,"NGA,A,GANTUNGAN-NGA,WA-TEDONG,DA-MADU",1
6413_test.jpg,ULU-SARI,ULU-SARI,"ULU-SARI,ULU-RICEM,TEDONG,4,NA",1
6414_test.jpg,NGA,WA,"WA,RA,RA-TEDONG,WI,ADEG-ADEG",0
6415_test.jpg,TA,TA,"TA,WA,TA-TEDONG,TU,TI",1
6416_test.jpg,JA,JA,"JA,GANTUNGAN-NA,KU,JNA,JA-TEDONG",1
6417_test.jpg,ADEG-ADEG,ADEG-ADEG,"ADEG-ADEG,SUKU,NANIA,RI,GNA",1
6418_test.jpg,LA,LA,"LA,GANTUNGAN-LA,SA,7,GA",1
6419_test.jpg,TEDONG,TEDONG,"TEDONG,SUKU-ILUT,4,NANIA,0",1
641_test.jpg,DA,DA,"DA,BA-KEMBANG,NA,DA-MADU,TA-TAWA",1
6420_test.jpg,PA,PA,"PA,SA-SAPA,MA,8,GEMPELAN-SA-SAPA",1
6421_test.jpg,SUKU,SUKU,"SUKU,ADEG-ADEG,GANTUNGAN-NA,2,MU",1
6422_test.jpg,KU,KU,"KU,NU,NIA,CU,KNA",1
6423_test.jpg,PEPET,PEPET,"PEPET,GANTUNGAN-DA,GANTUNGAN-BA,NA-RAMBAT,GANTUNGAN-LA",1
6424_test.jpg,TEDONG,TEDONG,"TEDONG,SUKU-ILUT,SUKU,GU,4",1
6425_test.jpg,TU,TU,"TU,WU,TRA,TIA,U",1
6426_test.jpg,SUKU,SUKU,"SUKU,GANTUNGAN-NA,PU,SURANG,2",1
6427_test.jpg,WA,WA,"WA,PA,0,WI,PI",1
6428_test.jpg,A,A,"A,LA,U,GA,GANTUNGAN-GA",1
6429_test.jpg,JA,JA,"JA,BISAH,JU,E-KARA,4",1
642_test.jpg,NGA,NGA,"NGA,NA-RAMBAT,NYA,GANTUNGAN-NGA,A-TEDONG",1
6430_test.jpg,GA,GU,"GU,GA,NA-RAMBAT,SA-SAGA,TU",0
6431_test.jpg,PEPET,PEPET,"PEPET,GANTUNGAN-DA,GANTUNGAN-A,GANTUNGAN-LA,GANTUNGAN-CA",1
6432_test.jpg,ADEG-ADEG,ADEG-ADEG,"ADEG-ADEG,SUKU,NANIA,GNA,RU",1
6433_test.jpg,BA,BA,"BA,NYA,GANTUNGAN-BA,GANTUNGAN-NGA,BU",1
6434_test.jpg,TA,TA,"TA,TI,TU,TA-TEDONG,BA",1
6435_test.jpg,PA,PA,"PA,GEMPELAN-PA,8,SUKU-KEMBUNG,SA",1
6436_test.jpg,GA,GA,"GA,GANTUNGAN-GA,SA-SAGA,LA,NA-RAMBAT",1
6437_test.jpg,SA,SA,"SA,CA,A-KARA,NA,MA",1
6438_test.jpg,NGU,NGU,"NGU,U,2,DU,TU",1
6439_test.jpg,SA,SA,"SA,GANTUNGAN-LA,7,LA,CA",1
643_test.jpg,RA-TEDONG,RA-TEDONG,"RA-TEDONG,GA,GA-TEDONG,GANTUNGAN-GA,TA-TEDONG",1
6440_test.jpg,DA,DA,"DA,BA-KEMBANG,NA,DA-MADU,ULU-RICEM",1
6441_test.jpg,RA,RA,"RA,RU,I-KARA,NGA,GANTUNGAN-KA",1
6442_test.jpg,YA,SA,"SA,YA,GANTUNGAN-CA,LA,GANTUNGAN-TA",0
6443_test.jpg,NA,NA,"NA,CA,KNA,SA,GANTUNGAN-KA",1
6444_test.jpg,SURANG,SURANG,"SURANG,GANTUNGAN-TA-LATIK,GUWUNG,GANTUNGAN-NA,GANTUNGAN-MA",1
6445_test.jpg,YU,YU,"YU,GANTUNGAN-DA,U,DU,CU",1
6446_test.jpg,MA,MA,"MA,NIA,SA,MA-TEDONG,NANIA",1
6447_test.jpg,ULU,ULU,"ULU,PEPET,GANTUNGAN-MA,GANTUNGAN-GA,JA",1
6448_test.jpg,YA,YA,"YA,9,GANTUNGAN-TA-LATIK,YA-TEDONG,DA-MADU",1
6449_test.jpg,SURANG,SURANG,"SURANG,GANTUNGAN-MA,GANTUNGAN-TA-LATIK,TALENG,GANTUNGAN-NA",1
644_test.jpg,TALENG,TALENG,"TALENG,WU,DU,JU,BISAH",1
6450_test.jpg,CECEK,CECEK,"CECEK,TALENG,GANTUNGAN-NA,ULU,RA",1
6451_test.jpg,BA,BA,"BA,GANTUNGAN-NGA,GANTUNGAN-BA,NA-RAMBAT,NGA",1
6452_test.jpg,A,NGA,"NGA,A,GANTUNGAN-A,GANTUNGAN-NGA,WA-TEDONG",0
6453_test.jpg,SUKU,SUKU,"SUKU,NANIA,NIA,2,U",1
6454_test.jpg,TALENG,TALENG,"TALENG,CECEK,ADEG-ADEG,BISAH,RA",1
6455_test.jpg,TEDONG,TEDONG,"TEDONG,GU,SUKU,SUKU-ILUT,ULU",1
6456_test.jpg,KI,NGI,"NGI,BI,SI,KI,LI",0
6457_test.jpg,TEDONG,TEDONG,"TEDONG,SUKU,ADEG-ADEG,GU,RU",1
6458_test.jpg,YA,YA,"YA,GANTUNGAN-CA,YA-TEDONG,9,GANTUNGAN-A",1
6459_test.jpg,GA,GA,"GA,GANTUNGAN-GA,NA-RAMBAT,SA-SAGA,BA",1
645_test.jpg,GANTUNGAN-TA,GANTUNGAN-TA,"GANTUNGAN-TA,GANTUNGAN-A,GANTUNGAN-KA,GANTUNGAN-JA,TA",1
6460_test.jpg,SA,SA,"SA,CA,7,GANTUNGAN-LA,LA",1
6461_test.jpg,NA,NA,"NA,DA,GANTUNGAN-KA,KA,BA-KEMBANG",1
6462_test.jpg,TALENG,TALENG,"TALENG,BISAH,ADEG-ADEG,JU,2",1
6463_test.jpg,NA,NA,"NA,GANTUNGAN-KA,DA,KA,KNA",1
6464_test.jpg,WA,GANTUNGAN-TA,"GANTUNGAN-TA,WA,GANTUNGAN-CA,CA,GANTUNGAN-A",0
6465_test.jpg,TA,TA,"TA,TU,BA,TI,TRA",1
6466_test.jpg,TA-TEDONG,TA-TEDONG,"TA-TEDONG,TI,TA,A-TEDONG,RA-TEDONG",1
6467_test.jpg,SUKU,SUKU,"SUKU,GANTUNGAN-NA,TEDONG,PU,CECEK",1
6468_test.jpg,TALENG,TALENG,"TALENG,BISAH,ADEG-ADEG,2,WU",1
6469_test.jpg,NGA,WA,"WA,NGA,RA,DA,GANTUNGAN-TA",0
646_test.jpg,NYA,NYA,"NYA,GANTUNGAN-NYA,KA-TEDONG,NA-RAMBAT-TEDONG,TA-TEDONG",1
6470_test.jpg,JI,JI,"JI,GI,GNA,DI,NI",1
6471_test.jpg,7,7,"7,LA,GANTUNGAN-LA,LI,GA-TEDONG",1
6472_test.jpg,TU,BU,"BU,2,NGU,3,NIA",0
6473_test.jpg,SUKU,SUKU,"SUKU,SU,PU,NANIA,U",1
6474_test.jpg,JA,JA,"JA,RA,GANTUNGAN-KA,JA-TEDONG,6",1
6475_test.jpg,A,U,"U,A,YU,NA-RAMBAT,GANTUNGAN-A",0
6476_test.jpg,DU,DU,"DU,CU,NU,NA,YU",1
6477_test.jpg,DA-MADU,DA-MADU,"DA-MADU,TA-TAWA,DA-TEDONG,GANTUNGAN-CA,DA",1
6478_test.jpg,TA,TA,"TA,WA,ULU-SARI,GANTUNGAN-TA,GANTUNGAN-TA-TAWA",1
6479_test.jpg,GANTUNGAN-TA,GANTUNGAN-TA,"GANTUNGAN-TA,GANTUNGAN-JA,WA,GANTUNGAN-CA,GANTUNGAN-A",1
647_test.jpg,GANTUNGAN-JA,GANTUNGAN-JA,"GANTUNGAN-JA,GANTUNGAN-TA,GANTUNGAN-CA,GANTUNGAN-A,GANTUNGAN-DA",1
6480_test.jpg,RI,RI,"RI,NU,I,DU,ADEG-ADEG",1
6481_test.jpg,TU,TU,"TU,TRA,TIA,U,BU",1
6482_test.jpg,RA,RA,"RA,WA,GANTUNGAN-TA,RA-TEDONG,TALENG",1
6483_test.jpg,PA,PA,"PA,GANTUNGAN-TA-LATIK,GEMPELAN-PA,WA,SA-SAPA",1
6484_test.jpg,ADEG-ADEG,ADEG-ADEG,"ADEG-ADEG,SUKU,NANIA,GNA,RI",1
6485_test.jpg,MA,MA,"MA,SA-SAPA,PA,GEMPELAN-SA-SAPA,SA",1
6486_test.jpg,ADEG-ADEG,ADEG-ADEG,"ADEG-ADEG,5,WI,DU,RI",1
6487_test.jpg,JA,JA,"JA,BISAH,JU,RA,4",1
6488_test.jpg,ADEG-ADEG,ADEG-ADEG,"ADEG-ADEG,RI,SUKU,RA,5",1
6489_test.jpg,YA,YA,"YA,LA,A,NGA,GANTUNGAN-TA-LATIK",1
648_test.jpg,TEDONG,TEDONG,"TEDONG,SUKU-ILUT,GU,SUKU,4",1
6490_test.jpg,SA,SA,"SA,GEMPELAN-SA-SAPA,GANTUNGAN-TA,LA,MA",1
6491_test.jpg,ULU,ULU,"ULU,0,GANTUNGAN-MA,ULU-SARI,PEPET",1
6492_test.jpg,SURANG,SURANG,"SURANG,TALENG,GANTUNGAN-NA,GANTUNGAN-MA,GANTUNGAN-TA-LATIK",1
6493_test.jpg,WA,WA,"WA,0,ULU,ULU-SARI,GANTUNGAN-TA",1
6494_test.jpg,TEDONG,TEDONG,"TEDONG,GANTUNGAN-NA,0,4,SI",1
6495_test.jpg,JNA,JNA,"JNA,4,GANTUNGAN-NA,NU,KU",1
6496_test.jpg,BA,BA,"BA,KA,NA-RAMBAT,TA,KU",1
6497_test.jpg,MA,MA,"MA,SA-SAPA,A-KARA,MA-TEDONG,GEMPELAN-SA-SAPA",1
6498_test.jpg,YA,YA,"YA,LA,A,ULU-CANDRA,SA",1
6499_test.jpg,ADEG-ADEG,ADEG-ADEG,"ADEG-ADEG,5,NANIA,WU,RU",1
649_test.jpg,TU,TU,"TU,TRA,WU,TIA,U",1
64_test.jpg,KA-TEDONG,KA-TEDONG,"KA-TEDONG,KA,DA-TEDONG,GANTUNGAN-KA,NA-RAMBAT-TEDONG",1
6500_test.jpg,SUKU,SUKU,"SUKU,NANIA,CECEK,GANTUNGAN-NA,PU",1
6501_test.jpg,RU,RU,"RU,WU,TU,NGU,TRA",1
6502_test.jpg,TA,TA,"TA,BA,TU,TI,A",1
6503_test.jpg,I,I,"I,LI,DU,BI,MI",1
6504_test.jpg,SURANG,SURANG,"SURANG,CECEK,GANTUNGAN-NA,TALENG,BISAH",1
6505_test.jpg,CECEK,CECEK,"CECEK,ULU,TALENG,BISAH,SUKU",1
6506_test.jpg,SUKU,SUKU,"SUKU,CECEK,PU,GANTUNGAN-NA,NANIA",1
6507_test.jpg,SA,SA,"SA,LA,GANTUNGAN-LA,CA,7",1
6508_test.jpg,MA,MA,"MA,SA-SAPA,PA,MA-TEDONG,A-KARA",1
6509_test.jpg,NGA,NGA,"NGA,BA,A,GANTUNGAN-NYA,GANTUNGAN-NGA",1
650_test.jpg,RA,RA,"RA,RA-TEDONG,MA,RU,NGA",1
6510_test.jpg,RA,RA,"RA,NGA,RU,RA-TEDONG,MA",1
6511_test.jpg,NGI,NGI,"NGI,NI,BI,KI,JI",1
6512_test.jpg,NGA,NGA,"NGA,TA-TAWA,SA-SAPA,A,GANTUNGAN-NGA",1
6513_test.jpg,SUKU,SUKU,"SUKU,PU,GEMPELAN-PA,NANIA,SUKU-KEMBUNG",1
6514_test.jpg,KA,KA,"KA,NA-RAMBAT,KA-TEDONG,KU,CA",1
6515_test.jpg,NU,NU,"NU,SU,NIA,NI,CU",1
6516_test.jpg,WA,WA,"WA,PA,A,WI,0",1
6517_test.jpg,ULU,ULU,"ULU,ULU-SARI,0,TALENG,GANTUNGAN-GA",1
6518_test.jpg,TA,TA,"TA,TA-TEDONG,TI,A,TU",1
6519_test.jpg,ULU,ULU,"ULU,GANTUNGAN-MA,ULU-SARI,PEPET,TEDONG",1
651_test.jpg,DA,DA,"DA,BA-KEMBANG,NA,JA,DA-MADU",1
6520_test.jpg,PEPET,PEPET,"PEPET,GANTUNGAN-DA,GANTUNGAN-GA,GANTUNGAN-MA,ULU-RICEM",1
6521_test.jpg,NGA,NGA,"NGA,NYA,GANTUNGAN-NGA,A,BA",1
6522_test.jpg,DA,DA,"DA,NA,BA-KEMBANG,JA,DA-MADU",1
6523_test.jpg,SA,SA,"SA,CA,7,NIA,MA",1
6524_test.jpg,NA,NA,"NA,GANTUNGAN-KA,KA,CA,BA-KEMBANG",1
6525_test.jpg,YA,YA,"YA,LA,A,ULU-CANDRA,GANTUNGAN-TA-LATIK",1
6526_test.jpg,NA,NA,"NA,DA,BA-KEMBANG,GANTUNGAN-KA,KA",1
6527_test.jpg,DA,DA,"DA,BA-KEMBANG,NA,JA,ULU-SARI",1
6528_test.jpg,I-KARA,I-KARA,"I-KARA,DA,NA,3,2",1
6529_test.jpg,TA,WA,"WA,TA,GANTUNGAN-TA,TA-TEDONG,TU",0
652_test.jpg,NGA,NGA,"NGA,A,GANTUNGAN-NGA,GANTUNGAN-A,1",1
6530_test.jpg,DA,GANTUNGAN-TA-LATIK,"GANTUNGAN-TA-LATIK,SA-SAPA,TA-TAWA,GANTUNGAN-MA,NGA",0
6531_test.jpg,NA,NA,"NA,CA,GANTUNGAN-KA,SA,KA",1
6532_test.jpg,MA,MA,"MA,MA-TEDONG,PA,GEMPELAN-SA-SAPA,8",1
6533_test.jpg,YA,YA,"YA,LA,ULU-CANDRA,GANTUNGAN-TA-LATIK,GANTUNGAN-CA",1
6534_test.jpg,NANIA,NANIA,"NANIA,IA,TUA,TIA,PAMADA",1
6535_test.jpg,BA,BA,"BA,NA-RAMBAT,A,GANTUNGAN-NGA,TA",1
6536_test.jpg,NA,NA,"NA,DA,GANTUNGAN-KA,KA,KA-TEDONG",1
6537_test.jpg,SA,SA,"SA,GEMPELAN-SA-SAPA,MA,A-KARA,LA",1
6538_test.jpg,TA,TA,"TA,TA-TEDONG,BA,TU,TI",1
6539_test.jpg,I,I,"I,NGI,DU,I-KARA,BI",1
653_test.jpg,JA-TEDONG,ULU-SARI,"ULU-SARI,ULU-RICEM,NA,GANTUNGAN-KA,TEDONG",0
6540_test.jpg,ULU,TEDONG,"TEDONG,GU,GA,ULU,RA",0
6541_test.jpg,DU,DU,"DU,CU,NGU,JU,TALENG",1
6542_test.jpg,ADEG-ADEG,ADEG-ADEG,"ADEG-ADEG,KI,TI,ULU-SARI,KA-TEDONG",1
6543_test.jpg,KA,KA,"KA,KU,KA-TEDONG,GANTUNGAN-KA,NA-RAMBAT",1
6544_test.jpg,SUKU-KEMBUNG,SUKU-KEMBUNG,"SUKU-KEMBUNG,BRA,ULU,GUWUNG,0",1
6545_test.jpg,JA,JA,"JA,RA,BISAH,6,ULU",1
6546_test.jpg,BA,BA,"BA,NA-RAMBAT,GANTUNGAN-BA,GANTUNGAN-NGA,BU",1
6547_test.jpg,TALENG,TALENG,"TALENG,U,TU,RU,TEDONG",1
6548_test.jpg,GEMPELAN-PA,GEMPELAN-PA,"GEMPELAN-PA,GEMPELAN-SA-SAPA,8,GANTUNGAN-TA,PA",1
6549_test.jpg,TEDONG,RA,"RA,TEDONG,CECEK,ULU,4",0
654_test.jpg,NANIA,NANIA,"NANIA,IA,NIA,TIA,TUA",1
6550_test.jpg,1,1,"1,7,LA,GANTUNGAN-BA,LI",1
6551_test.jpg,ULU,ULU,"ULU,GANTUNGAN-GA,GA,0,ULU-SARI",1
6552_test.jpg,GANTUNGAN-NA,GANTUNGAN-NA,"GANTUNGAN-NA,2,MU,PU,TALENG",1
6553_test.jpg,TEDONG,TEDONG,"TEDONG,GU,SUKU,U,LU",1
6554_test.jpg,BISAH,BISAH,"BISAH,SUKU-ILUT,4,PU,CECEK",1
6555_test.jpg,DU,DU,"DU,CU,YU,DI,NGU",1
6556_test.jpg,NANIA,NANIA,"NANIA,IA,NIA,TIA,PAMADA",1
6557_test.jpg,RA,RA,"RA,NGA,MA,GANTUNGAN-A,GANTUNGAN-TA",1
6558_test.jpg,ADEG-ADEG,ADEG-ADEG,"ADEG-ADEG,CECEK,NANIA,SUKU,RA",1
6559_test.jpg,JA,JA,"JA,GANTUNGAN-GA,GANTUNGAN-NA,RA,SA-SAGA",1
655_test.jpg,BA-KEMBANG,BA-KEMBANG,"BA-KEMBANG,I,I-KARA,NA,BI",1
6560_test.jpg,ULU,ULU,"ULU,TEDONG,GU,0,TALENG",1
6561_test.jpg,TALENG,TALENG,"TALENG,BISAH,ADEG-ADEG,RA,2",1
6562_test.jpg,GA,GA,"GA,GANTUNGAN-GA,SA-SAGA,LA,PEPET",1
6563_test.jpg,0,0,"0,WA,PA,ULU,GANTUNGAN-TA",1
6564_test.jpg,NA,NA,"NA,GANTUNGAN-KA,BA-KEMBANG,DA,KA",1
6565_test.jpg,ADEG-ADEG,ADEG-ADEG,"ADEG-ADEG,SUKU,NANIA,RI,GNA",1
6566_test.jpg,CA,CA,"CA,SA,NA,GANTUNGAN-CA,KA",1
6567_test.jpg,GANTUNGAN-TA-LATIK,GANTUNGAN-TA-LATIK,"GANTUNGAN-TA-LATIK,GANTUNGAN-JA,GANTUNGAN-TA,8,SA-SAPA",1
6568_test.jpg,A,A,"A,U,NA-RAMBAT,GANTUNGAN-GA,GA",1
6569_test.jpg,SUKU,SUKU,"SUKU,GANTUNGAN-NA,2,4,PU",1
656_test.jpg,A,A,"A,U,GANTUNGAN-A,GA,NA-RAMBAT",1
6570_test.jpg,MU,MU,"MU,PU,LU,SU,WU",1
6571_test.jpg,NA-TEDONG,NA-TEDONG,"NA-TEDONG,KA-TEDONG,DA-TEDONG,KA,NI",1
6572_test.jpg,SUKU,SUKU,"SUKU,GANTUNGAN-NA,I,ADEG-ADEG,PU",1
6573_test.jpg,YA,YA,"YA,9,YA-TEDONG,GANTUNGAN-CA,GANTUNGAN-TA-LATIK",1
6574_test.jpg,ADEG-ADEG,ADEG-ADEG,"ADEG-ADEG,SUKU,NANIA,TALENG,SURANG",1
6575_test.jpg,YA,YA,"YA,9,A,LA,GANTUNGAN-A",1
6576_test.jpg,TEDONG,TEDONG,"TEDONG,ULU,ADEG-ADEG,GU,GANTUNGAN-GA",1
6577_test.jpg,TU,BU,"BU,TU,2,KU,TRA",0
6578_test.jpg,JA,JA,"JA,6,PEPET,SA-SAGA,GANTUNGAN-NA",1
6579_test.jpg,DA,DA,"DA,TA-TAWA,GANTUNGAN-A,BA-KEMBANG,MA-TEDONG",1
657_test.jpg,PEPET,PEPET,"PEPET,GANTUNGAN-GA,GA,ULU,GANTUNGAN-MA",1
6580_test.jpg,ADEG-ADEG,ADEG-ADEG,"ADEG-ADEG,RI,SUKU,5,MI",1
6581_test.jpg,TEDONG,TEDONG,"TEDONG,0,GU,MI,ULU-SARI",1
6582_test.jpg,CECEK,CECEK,"CECEK,BISAH,TALENG,ADEG-ADEG,ULU",1
6583_test.jpg,MA,MA,"MA,PA,SA-SAPA,PI,NIA",1
6584_test.jpg,ADEG-ADEG,ADEG-ADEG,"ADEG-ADEG,SUKU,NANIA,RI,GNA",1
6585_test.jpg,DI,DI,"DI,SI,A-KARA,NI,U-KARA",1
6586_test.jpg,ADEG-ADEG,ADEG-ADEG,"ADEG-ADEG,SUKU,NANIA,RI,5",1
6587_test.jpg,GA,GA,"GA,LA,BA,1,GANTUNGAN-GA",1
6588_test.jpg,SA,SA,"SA,CA,7,GANTUNGAN-LA,GANTUNGAN-A",1
6589_test.jpg,TALENG,TALENG,"TALENG,U,TU,GANTUNGAN-A,NGA",1
658_test.jpg,GEMPELAN-SA-SAPA,SA-SAPA,"SA-SAPA,GEMPELAN-SA-SAPA,TA-TAWA,8,GANTUNGAN-TA-LATIK",0
6590_test.jpg,BA,A,"A,NGA,BA,U,NA-RAMBAT",0
6591_test.jpg,NA,NA,"NA,GANTUNGAN-KA,CA,DA,KA",1
6592_test.jpg,PA,PA,"PA,WU,GANTUNGAN-DA,GANTUNGAN-NA,TI",1
6593_test.jpg,A,A-TEDONG,"A-TEDONG,TA-TEDONG,RA-TEDONG,GANTUNGAN-NGA,NYA",0
6594_test.jpg,KA,KA,"KA,KA-TEDONG,KU,SA-SAGA,BA",1
6595_test.jpg,LA,LA,"LA,GANTUNGAN-LA,GA-TEDONG,7,GUWUNG-MACELEK",1
6596_test.jpg,ADEG-ADEG,ADEG-ADEG,"ADEG-ADEG,NANIA,SUKU,SURANG,SI",1
6597_test.jpg,YU,YU,"YU,PU,LU,U,WU",1
6598_test.jpg,ULU,ULU,"ULU,0,TEDONG,GANTUNGAN-GA,TALENG",1
6599_test.jpg,CECEK,CECEK,"CECEK,ULU,TALENG,TEDONG,ADEG-ADEG",1
659_test.jpg,WA,WA,"WA,GANTUNGAN-TA,PA,TA-TAWA,CA",1
65_test.jpg,WU,WU,"WU,MU,TU,CU,RU",1
6600_test.jpg,TA,TA,"TA,TU,BA,TI,GANTUNGAN-TA",1
6601_test.jpg,SUKU-KEMBUNG,SUKU-KEMBUNG,"SUKU-KEMBUNG,GUWUNG,BRA,ULU,GANTUNGAN-TA-TAWA",1
6602_test.jpg,GUWUNG-MACELEK,GUWUNG-MACELEK,"GUWUNG-MACELEK,GUWUNG,ULU-CANDRA,8,GANTUNGAN-LA",1
6603_test.jpg,NGA,NGA,"NGA,A,WA-TEDONG,GANTUNGAN-NGA,YA",1
6604_test.jpg,MA,MA,"MA,PA,SA,8,MA-TEDONG",1
6605_test.jpg,SA,SA,"SA,CA,LA,YA,GANTUNGAN-CA",1
6606_test.jpg,GA,GA,"GA,LA,BA,GANTUNGAN-GA,GU",1
6607_test.jpg,KA,KA,"KA,KU,BA,KA-TEDONG,NA-RAMBAT",1
6608_test.jpg,MA,MA,"MA,GEMPELAN-PA,PA,NANIA,GEMPELAN-SA-SAPA",1
6609_test.jpg,DA,DA,"DA,BA-KEMBANG,NA,DA-MADU,DI",1
660_test.jpg,KA,KA,"KA,NA,GANTUNGAN-KA,KI,GA",1
6610_test.jpg,CECEK,CECEK,"CECEK,BISAH,TALENG,ADEG-ADEG,ULU",1
6611_test.jpg,BISAH,BISAH,"BISAH,NU,JA,4,GANTUNGAN-NA",1
6612_test.jpg,NA,NA,"NA,GNA,CA,BA-KEMBANG,SA",1
6613_test.jpg,RA,RA,"RA,RA-TEDONG,5,RU,WA",1
6614_test.jpg,DA,DA,"DA,BA-KEMBANG,NA,I-KARA,DA-MADU",1
6615_test.jpg,YA,YA,"YA,9,SA,GANTUNGAN-CA,A",1
6616_test.jpg,PI,PI,"PI,WI,GRA,MA-TEDONG,MI",1
6617_test.jpg,A,A,"A,U,LA,GA,TA",1
6618_test.jpg,WA,WA,"WA,GANTUNGAN-TA,WI,PA,CA",1
6619_test.jpg,SURANG,SURANG,"SURANG,CECEK,GANTUNGAN-NA,TALENG,BISAH",1
661_test.jpg,A,A,"A,U,WA-TEDONG,LA,WA",1
6620_test.jpg,A-TEDONG,A,"A,A-TEDONG,WA-TEDONG,YA-TEDONG,LA-TEDONG",0
6621_test.jpg,NGA,NGA,"NGA,GANTUNGAN-NGA,A,BA,1",1
6622_test.jpg,BISAH,BISAH,"BISAH,MU,4,TALENG,CECEK",1
6623_test.jpg,TALENG,TALENG,"TALENG,U,GANTUNGAN-A,DU,A",1
6624_test.jpg,GANTUNGAN-CA,GANTUNGAN-CA,"GANTUNGAN-CA,PEPET,GANTUNGAN-A,DA,NA",1
6625_test.jpg,PEPET,GANTUNGAN-A,"GANTUNGAN-A,PEPET,GANTUNGAN-LA,GANTUNGAN-DA,GANTUNGAN-CA",0
6626_test.jpg,BRA,BRA,"BRA,KRA,GRA,TRA,GUWUNG-MACELEK",1
6627_test.jpg,LA,LA,"LA,GANTUNGAN-LA,GA-TEDONG,7,LU",1
6628_test.jpg,TA,TA,"TA,TU,BA,TI,A",1
6629_test.jpg,LA,LA,"LA,7,GANTUNGAN-LA,SA,8",1
662_test.jpg,DI,DI,"DI,WI,NGI,NI,JI",1
6630_test.jpg,SUKU,SUKU,"SUKU,SUKU-KEMBUNG,NANIA,PU,TEDONG",1
6631_test.jpg,TA,TA,"TA,BA,A,TU,U",1
6632_test.jpg,DA,DA,"DA,BA-KEMBANG,NA,DA-MADU,WA-TEDONG",1
6633_test.jpg,WA,WA,"WA,WA-TEDONG,GANTUNGAN-TA,CA,WI",1
6634_test.jpg,SA,SA,"SA,CA,A-KARA,NA,GANTUNGAN-CA",1
6635_test.jpg,KU,KU,"KU,KRA,NIA,KA,LU",1
6636_test.jpg,NA-RAMBAT-TEDONG,NA-RAMBAT-TEDONG,"NA-RAMBAT-TEDONG,NYA,GANTUNGAN-NYA,KA-TEDONG,NA-RAMBAT",1
6637_test.jpg,CECEK,CECEK,"CECEK,BISAH,ADEG-ADEG,TALENG,TEDONG",1
6638_test.jpg,ULU,TEDONG,"TEDONG,ULU-SARI,ULU,NA,GANTUNGAN-NA",0
6639_test.jpg,KA,KA,"KA,KA-TEDONG,NA-RAMBAT,DA-TEDONG,NA-TEDONG",1
663_test.jpg,NA,NA,"NA,GANTUNGAN-KA,DA,KA,BA-KEMBANG",1
6640_test.jpg,RA,RA,"RA,RA-TEDONG,MA,TALENG,MA-TEDONG",1
6641_test.jpg,BA,BA,"BA,GANTUNGAN-BA,NA-RAMBAT,TA,TA-TEDONG",1
6642_test.jpg,RA,RA,"RA,RA-TEDONG,ADEG-ADEG,WA,5",1
6643_test.jpg,SUKU,SUKU,"SUKU,NANIA,SUKU-KEMBUNG,PU,GANTUNGAN-NA",1
6644_test.jpg,DA-TEDONG,DA-TEDONG,"DA-TEDONG,YA-TEDONG,NA-RAMBAT,A-TEDONG,NGA",1
6645_test.jpg,BISAH,BISAH,"BISAH,CECEK,TALENG,ADEG-ADEG,4",1
6646_test.jpg,WA,WA,"WA,PA,WI,TA-TAWA,A",1
6647_test.jpg,3,GANTUNGAN-TA-TAWA,"GANTUNGAN-TA-TAWA,E-KARA,6,GUWUNG-MACELEK,4",0
6648_test.jpg,SUKU-KEMBUNG,SUKU-KEMBUNG,"SUKU-KEMBUNG,GUWUNG,BRA,0,GRA",1
6649_test.jpg,RU,RU,"RU,NU,GU,GNA,JU",1
664_test.jpg,GANTUNGAN-BA,GANTUNGAN-BA,"GANTUNGAN-BA,BA,GANTUNGAN-LA,LA,GANTUNGAN-NGA",1
6650_test.jpg,DA,NA,"NA,DA,GANTUNGAN-KA,BA-KEMBANG,NA-TEDONG",0
6651_test.jpg,NA,GANTUNGAN-KA,"GANTUNGAN-KA,NA,DA-TEDONG,KA-TEDONG,DA",0
6652_test.jpg,NGA,GANTUNGAN-A,"GANTUNGAN-A,6,NGA,GANTUNGAN-NGA,A",0
6653_test.jpg,A-KARA,A-KARA,"A-KARA,SA-SAPA,9,SA,GEMPELAN-SA-SAPA",1
6654_test.jpg,NA,NA,"NA,KNA,NU,GANTUNGAN-KA,KA",1
6655_test.jpg,DA,DA,"DA,BA-KEMBANG,NA,ULU-RICEM,DA-TEDONG",1
6656_test.jpg,TA,TA,"TA,GANTUNGAN-JA,GANTUNGAN-TA,TU,TRA",1
6657_test.jpg,KA,KA,"KA,KU,1,NA,A",1
6658_test.jpg,RA,TEDONG,"TEDONG,GU,CECEK,ADEG-ADEG,RA",0
6659_test.jpg,BISAH,BISAH,"BISAH,TALENG,ADEG-ADEG,CECEK,RA",1
665_test.jpg,NANIA,NANIA,"NANIA,IA,RU,SUKU,PU",1
6660_test.jpg,NANIA,NANIA,"NANIA,MU,PU,TUA,IA",1
6661_test.jpg,KA,KA,"KA,KA-TEDONG,KU,NA-RAMBAT,KI",1
6662_test.jpg,TALENG,TALENG,"TALENG,NGU,RA,BISAH,2",1
6663_test.jpg,GA,GA,"GA,GANTUNGAN-GA,SA-SAGA,LA,A",1
6664_test.jpg,BISAH,BISAH,"BISAH,TALENG,4,CECEK,JU",1
6665_test.jpg,MA,MA,"MA,SA-SAPA,MA-TEDONG,PA,GEMPELAN-SA-SAPA",1
6666_test.jpg,NIA,NIA,"NIA,NU,KNA,SA,NA",1
6667_test.jpg,SA,SA,"SA,CA,A-KARA,MA,7",1
6668_test.jpg,SUKU,NANIA,"NANIA,SUKU,2,ADEG-ADEG,TALENG",0
6669_test.jpg,BA,BA,"BA,GANTUNGAN-BA,KA,NA-RAMBAT,TA",1
666_test.jpg,SA-SAGA,SA-SAGA,"SA-SAGA,KA,ULU-SARI,JA,GA",1
6670_test.jpg,TEDONG,TEDONG,"TEDONG,GANTUNGAN-NA,GU,ULU,CECEK",1
6671_test.jpg,ADEG-ADEG,ADEG-ADEG,"ADEG-ADEG,SUKU,NANIA,GNA,RI",1
6672_test.jpg,DA,DA,"DA,DA-MADU,DA-TEDONG,E-KARA,NA",1
6673_test.jpg,TEDONG,TEDONG,"TEDONG,SUKU,GU,ADEG-ADEG,CECEK",1
6674_test.jpg,DA,DA,"DA,BA-KEMBANG,DA-MADU,NA,YA",1
6675_test.jpg,LA,LA,"LA,GANTUNGAN-LA,GA-TEDONG,GA,7",1
6676_test.jpg,LA,LA,"LA,GANTUNGAN-LA,A,7,GANTUNGAN-GA",1
6677_test.jpg,YA,YA,"YA,9,LA,SA,GANTUNGAN-TA-LATIK",1
6678_test.jpg,RI,RI,"RI,ADEG-ADEG,NGI,DU,NU",1
6679_test.jpg,NANIA,NANIA,"NANIA,SUKU,IA,NIA,RU",1
667_test.jpg,ULU,ULU,"ULU,GANTUNGAN-MA,PEPET,SUKU-KEMBUNG,GANTUNGAN-GA",1
6680_test.jpg,JA,JA,"JA,PEPET,RA,SA-SAGA,GANTUNGAN-GA",1
6681_test.jpg,YA,YA,"YA,SA,9,GANTUNGAN-CA,LA",1
6682_test.jpg,KRA,KRA,"KRA,BRA,TRA,NIA,GUWUNG-MACELEK",1
6683_test.jpg,LU,LU,"LU,YU,PU,U,SU",1
6684_test.jpg,CECEK,CECEK,"CECEK,TALENG,ULU,BISAH,TEDONG",1
6685_test.jpg,WA,WA,"WA,PA,WI,GANTUNGAN-TA,CA",1
6686_test.jpg,TALENG,TALENG,"TALENG,CECEK,SUKU,2,U",1
6687_test.jpg,BISAH,BISAH,"BISAH,TALENG,ADEG-ADEG,CECEK,SUKU",1
6688_test.jpg,KA,KA,"KA,KA-TEDONG,KU,NA-RAMBAT,GANTUNGAN-BA",1
6689_test.jpg,RU,RU,"RU,DU,NGU,U,TU",1
668_test.jpg,WRE,WRE,"WRE,WUA,TRA,TUA,CU",1
6690_test.jpg,SA,SA,"SA,CA,GANTUNGAN-LA,LA,A-KARA",1
6691_test.jpg,TALENG,TALENG,"TALENG,ADEG-ADEG,NANIA,BISAH,2",1
6692_test.jpg,SA-SAGA,SA-SAGA,"SA-SAGA,JA,ULU-SARI,KA,KU",1
6693_test.jpg,TALENG,TALENG,"TALENG,BISAH,ADEG-ADEG,CECEK,RA",1
6694_test.jpg,GRA,GRA,"GRA,KRA,TRA,BRA,WI",1
6695_test.jpg,BA,BA,"BA,KA,NA-RAMBAT,TA,KU",1
6696_test.jpg,NING,NING,"NING,WRE,TUA,U-KARA,LA-LENGA",1
6697_test.jpg,TEDONG,TEDONG,"TEDONG,0,SUKU,CECEK,MI",1
6698_test.jpg,IA,IA,"IA,TIA,9,2,U",1
6699_test.jpg,NU,NU,"NU,CU,DU,NIA,KU",1
669_test.jpg,DA,BA-KEMBANG,"BA-KEMBANG,DA,NA,ULU-SARI,BI",0
66_test.jpg,A,A,"A,GA,GANTUNGAN-GA,MA-TEDONG,RA",1
6700_test.jpg,SA,SA,"SA,CA,7,LA,NA",1
6701_test.jpg,SUKU,SUKU,"SUKU,GANTUNGAN-NA,4,JNA,TEDONG",1
6702_test.jpg,1,1,"1,KA,BA,A,NA-RAMBAT",1
6703_test.jpg,RA,RA,"RA,GANTUNGAN-TA,CECEK,TALENG,WA",1
6704_test.jpg,TA,TA,"TA,TU,GANTUNGAN-TA,TA-TEDONG,TI",1
6705_test.jpg,NYA,GANTUNGAN-NYA,"GANTUNGAN-NYA,NYA,GANTUNGAN-NGA,GANTUNGAN-BA,NA-RAMBAT-TEDONG",0
6706_test.jpg,NANIA,NANIA,"NANIA,IA,TUA,NIA,SUKU",1
6707_test.jpg,LA,LA,"LA,GANTUNGAN-LA,SA,7,LU",1
6708_test.jpg,RA,RA,"RA,CECEK,GANTUNGAN-TA,ADEG-ADEG,TEDONG",1
6709_test.jpg,LA,LA,"LA,GANTUNGAN-LA,7,SA,YA",1
670_test.jpg,NA,DA,"DA,GANTUNGAN-KA,NA,RA,RU",0
6710_test.jpg,JA,JA,"JA,4,NU,NA,JU",1
6711_test.jpg,A,A,"A,GANTUNGAN-A,GANTUNGAN-LA,U,NA-RAMBAT",1
6712_test.jpg,GA,GA,"GA,GANTUNGAN-GA,GU,JA,ULU",1
6713_test.jpg,2,1,"1,SA-SAPA,TRA,4,PA",0
6714_test.jpg,CECEK,CECEK,"CECEK,BISAH,TALENG,GANTUNGAN-NA,ADEG-ADEG",1
6715_test.jpg,ULU-RICEM,ULU-SARI,"ULU-SARI,ULU-RICEM,E-KARA,DA,PEPET",0
6716_test.jpg,GANTUNGAN-CA,GUWUNG-MACELEK,"GUWUNG-MACELEK,DI,GANTUNGAN-TA-TAWA,BRA,ULU-CANDRA",0
6717_test.jpg,ULU,ULU,"ULU,GANTUNGAN-GA,PEPET,NA,GA",1
6718_test.jpg,LA-LENGA,LA-LENGA,"LA-LENGA,3,2,I-KARA,PAMADA",1
6719_test.jpg,ADEG-ADEG,ADEG-ADEG,"ADEG-ADEG,RA,CECEK,NANIA,MI",1
671_test.jpg,JI,GANTUNGAN-NA,"GANTUNGAN-NA,JA,PEPET,JA-TEDONG,U-KARA",0
6720_test.jpg,BA,BA,"BA,NGA,BU,NA-RAMBAT,GANTUNGAN-NGA",1
6721_test.jpg,LA,LA,"LA,7,GANTUNGAN-LA,SA,A",1
6722_test.jpg,WA,WA,"WA,WI,TRA,GRA,5",1
6723_test.jpg,A,A,"A,BA,GA,U,TA",1
6724_test.jpg,PEPET,PEPET,"PEPET,JA,GANTUNGAN-MA,ULU-RICEM,GANTUNGAN-GA",1
6725_test.jpg,NA,NA,"NA,GANTUNGAN-KA,DA,NA-TEDONG,CA",1
6726_test.jpg,RA,RA,"RA,CECEK,GEMPELAN-SA-SAPA,TALENG,4",1
6727_test.jpg,TA,TA,"TA,TU,BA,TI,KA",1
6728_test.jpg,GA,A,"A,TA,LA,GA,BA",0
6729_test.jpg,GANTUNGAN-NGA,GANTUNGAN-KA,"GANTUNGAN-KA,NGA,RA-TEDONG,GANTUNGAN-NGA,6",0
672_test.jpg,CECEK,CECEK,"CECEK,TALENG,BISAH,SUKU,GANTUNGAN-NA",1
6730_test.jpg,NA,NA,"NA,DA,BA-KEMBANG,GANTUNGAN-KA,CA",1
6731_test.jpg,TALENG,TALENG,"TALENG,U,2,DU,I-KARA",1
6732_test.jpg,TALENG,TALENG,"TALENG,BISAH,GU,TU,U",1
6733_test.jpg,SA-SAGA,SA-SAGA,"SA-SAGA,JA,GU,KU,ULU-SARI",1
6734_test.jpg,SUKU,SUKU,"SUKU,NANIA,SUKU-KEMBUNG,PU,TEDONG",1
6735_test.jpg,SUKU,SUKU,"SUKU,NANIA,SUKU-KEMBUNG,NIA,U",1
6736_test.jpg,BISAH,BISAH,"BISAH,MU,4,NU,JA",1
6737_test.jpg,NYA,NYA,"NYA,KA-TEDONG,LA-TEDONG,GA-TEDONG,TA-TEDONG",1
6738_test.jpg,KA,KA,"KA,KU,BA,NA-RAMBAT,KA-TEDONG",1
6739_test.jpg,SUKU,SUKU,"SUKU,U,SUKU-KEMBUNG,PU,2",1
673_test.jpg,JA,JA,"JA,JU,DU,BISAH,NU",1
6740_test.jpg,ADEG-ADEG,ADEG-ADEG,"ADEG-ADEG,SUKU,CECEK,BISAH,NANIA",1
6741_test.jpg,TA,TA,"TA,TA-TEDONG,TU,TI,GANTUNGAN-TA",1
6742_test.jpg,DA-MADU,DA-MADU,"DA-MADU,DA,TA-TAWA,DA-TEDONG,YA",1
6743_test.jpg,DA,DA,"DA,DA-MADU,TA-TAWA,BA-KEMBANG,YA",1
6744_test.jpg,BA,BA,"BA,NYA,GANTUNGAN-NYA,GANTUNGAN-BA,GANTUNGAN-NGA",1
6745_test.jpg,TA,TA,"TA,TU,TA-TEDONG,TI,BA",1
6746_test.jpg,BISAH,BISAH,"BISAH,TALENG,ADEG-ADEG,CECEK,4",1
6747_test.jpg,ADEG-ADEG,ADEG-ADEG,"ADEG-ADEG,SUKU,GNA,RI,NANIA",1
6748_test.jpg,JA,JA,"JA,U-KARA,JA-TEDONG,E-KARA,3",1
6749_test.jpg,GANTUNGAN-NA,GNA,"GNA,SUKU,GANTUNGAN-NA,ADEG-ADEG,GU",0
674_test.jpg,DA,RA,"RA,DA,MA,MA-TEDONG,BA-KEMBANG",0
6750_test.jpg,GANTUNGAN-TA,GANTUNGAN-TA,"GANTUNGAN-TA,GANTUNGAN-A,GANTUNGAN-GA,GANTUNGAN-DA,TA",1
6751_test.jpg,GANTUNGAN-TA-LATIK,GANTUNGAN-TA-LATIK,"GANTUNGAN-TA-LATIK,GANTUNGAN-TA,GANTUNGAN-JA,PA,GANTUNGAN-MA",1
6752_test.jpg,ADEG-ADEG,BISAH,"BISAH,ADEG-ADEG,TALENG,SUKU,NANIA",0
6753_test.jpg,TALENG,TALENG,"TALENG,GANTUNGAN-A,U,ULU,GANTUNGAN-DA",1
6754_test.jpg,GANTUNGAN-TA-LATIK,GANTUNGAN-TA-LATIK,"GANTUNGAN-TA-LATIK,GANTUNGAN-TA,PA,SA-SAPA,8",1
6755_test.jpg,DA,DA,"DA,DA-MADU,BA-KEMBANG,MA-TEDONG,YA",1
6756_test.jpg,JA,JA,"JA,SA-SAGA,NA,GANTUNGAN-MA,GANTUNGAN-NA",1
6757_test.jpg,YA,YA,"YA,DA-MADU,ULU-CANDRA,GANTUNGAN-TA-LATIK,YA-TEDONG",1
6758_test.jpg,DA,DA,"DA,BA-KEMBANG,NA,RA,JA-TEDONG",1
6759_test.jpg,NA-RAMBAT,NGA,"NGA,A,NA-RAMBAT,I-KARA,U",0
675_test.jpg,KA,KA,"KA,NA-RAMBAT,BA,A,GANTUNGAN-BA",1
6760_test.jpg,A,A,"A,U,GANTUNGAN-GA,NGA,GA",1
6761_test.jpg,ULU,ULU,"ULU,GANTUNGAN-GA,PEPET,TEDONG,GANTUNGAN-MA",1
6762_test.jpg,U,GU,"GU,SUKU,GNA,LU,MU",0
6763_test.jpg,GANTUNGAN-TA,WA,"WA,GANTUNGAN-TA,CA,WA-TEDONG,GANTUNGAN-CA",0
6764_test.jpg,NA,NA,"NA,MA,CA,GANTUNGAN-KA,SA",1
6765_test.jpg,SA,SA,"SA,GANTUNGAN-A,GANTUNGAN-LA,GANTUNGAN-CA,SU",1
6766_test.jpg,NA,NA,"NA,BA-KEMBANG,GANTUNGAN-KA,DA,ULU-RICEM",1
6767_test.jpg,NYA,NYA,"NYA,TA-TEDONG,BA,GANTUNGAN-NYA,RA-TEDONG",1
6768_test.jpg,WA,WA,"WA,GANTUNGAN-TA,A,PA,CA",1
6769_test.jpg,KA-TEDONG,KA-TEDONG,"KA-TEDONG,KA,NA-RAMBAT-TEDONG,GANTUNGAN-KA,GANTUNGAN-NYA",1
676_test.jpg,SA,SA,"SA,CA,LA,NA,MA",1
6770_test.jpg,LI,LI,"LI,7,LA-TEDONG,PI,LA",1
6771_test.jpg,ULU,ULU,"ULU,ULU-SARI,TEDONG,GANTUNGAN-GA,PEPET",1
6772_test.jpg,LA,LA,"LA,GANTUNGAN-GA,GANTUNGAN-LA,7,GA-TEDONG",1
6773_test.jpg,BRA,BRA,"BRA,TRA,GRA,KRA,NGU",1
6774_test.jpg,CECEK,CECEK,"CECEK,TALENG,BISAH,ULU,SUKU",1
6775_test.jpg,NING,NING,"NING,TU,WU,TRA,TUA",1
6776_test.jpg,TALENG,TALENG,"TALENG,BISAH,CECEK,RA,GU",1
6777_test.jpg,NANIA,NANIA,"NANIA,IA,TIA,NIA,TUA",1
6778_test.jpg,BISAH,BISAH,"BISAH,ADEG-ADEG,TALENG,CECEK,SUKU",1
6779_test.jpg,YA,YA,"YA,SA,LA,ULU-CANDRA,GANTUNGAN-CA",1
677_test.jpg,DA,YA,"YA,GANTUNGAN-CA,SA,A,9",0
6780_test.jpg,NGA,6,"6,NGA,GANTUNGAN-NGA,DU,A",0
6781_test.jpg,SUKU,SUKU,"SUKU,GANTUNGAN-NA,PU,SUKU-KEMBUNG,2",1
6782_test.jpg,TUA,TUA,"TUA,WUA,WRE,TIA,TRA",1
6783_test.jpg,NGA,NGA,"NGA,GANTUNGAN-NGA,A,BA,GANTUNGAN-BA",1
6784_test.jpg,SA,SA,"SA,MA,LA,CA,PA",1
6785_test.jpg,U,U,"U,LU,YU,IA,A",1
6786_test.jpg,RA,RA,"RA,RA-TEDONG,MA,GANTUNGAN-GA,ULU",1
6787_test.jpg,NA,NA,"NA,CA,GANTUNGAN-KA,DA,SA",1
6788_test.jpg,SA-SAGA,SA-SAGA,"SA-SAGA,KA,JA,KU,ULU-SARI",1
6789_test.jpg,ADEG-ADEG,ADEG-ADEG,"ADEG-ADEG,NANIA,SUKU,5,RI",1
678_test.jpg,WA,WA,"WA,GANTUNGAN-TA,CA,WA-TEDONG,WU",1
6790_test.jpg,GANTUNGAN-LA,A,"A,GANTUNGAN-LA,LA,NA-RAMBAT,GANTUNGAN-BA",0
6791_test.jpg,U-KARA,U-KARA,"U-KARA,3,GANTUNGAN-MA,GANTUNGAN-DA,E-KARA",1
6792_test.jpg,GANTUNGAN-A,GANTUNGAN-A,"GANTUNGAN-A,A,GANTUNGAN-GA,GANTUNGAN-DA,GANTUNGAN-NGA",1
6793_test.jpg,NGA,I-KARA,"I-KARA,NGA,NGU,2,A",0
6794_test.jpg,SUKU,SUKU,"SUKU,PU,MU,GANTUNGAN-NA,NANIA",1
6795_test.jpg,GUWUNG,SURANG,"SURANG,GUWUNG,GANTUNGAN-JA,PEPET,GANTUNGAN-LA",0
6796_test.jpg,JA,PEPET,"PEPET,JA,GANTUNGAN-MA,GANTUNGAN-GA,ULU-SARI",0
6797_test.jpg,JU,JU,"JU,DU,U,NGU,TALENG",1
6798_test.jpg,TA,BA,"BA,TA,TA-TEDONG,RA-TEDONG,GANTUNGAN-BA",0
6799_test.jpg,NA,GANTUNGAN-KA,"GANTUNGAN-KA,NA,KA,GANTUNGAN-TA,CA",0
679_test.jpg,SUKU,SUKU,"SUKU,NANIA,GANTUNGAN-NA,2,IA",1
67_test.jpg,LA,LA,"LA,GANTUNGAN-LA,A,YA,7",1
6800_test.jpg,LA,LA,"LA,GANTUNGAN-LA,7,GA-TEDONG,SA",1
6801_test.jpg,NANIA,NANIA,"NANIA,IA,MA-TEDONG,RA-TEDONG,GRA",1
6802_test.jpg,PA,PA,"PA,MA,SA-SAPA,8,SA",1
6803_test.jpg,0,0,"0,PA,WA,ULU,GUWUNG",1
6804_test.jpg,BA,BA,"BA,NA-RAMBAT,GANTUNGAN-BA,GANTUNGAN-NGA,TU",1
6805_test.jpg,TEDONG,TEDONG,"TEDONG,GU,RU,TALENG,SUKU",1
6806_test.jpg,JA,JA,"JA,I-KARA,5,DU,3",1
6807_test.jpg,SUKU-ILUT,SUKU-ILUT,"SUKU-ILUT,4,0,TEDONG,8",1
6808_test.jpg,KA,KA,"KA,KA-TEDONG,GANTUNGAN-KA,NA-TEDONG,KI",1
6809_test.jpg,DA,NA,"NA,DA,BA-KEMBANG,JA,ULU-SARI",0
680_test.jpg,SA-SAGA,SA-SAGA,"SA-SAGA,GA,LA,KA,GA-TEDONG",1
6810_test.jpg,WA,WA,"WA,TA,GANTUNGAN-TA,ULU-SARI,0",1
6811_test.jpg,MA,MA,"MA,MA-TEDONG,GEMPELAN-SA-SAPA,SA-SAPA,PI",1
6812_test.jpg,PA,PA,"PA,0,WA,MA,8",1
6813_test.jpg,TU,TU,"TU,TIA,U,TRA,WU",1
6814_test.jpg,KA,KA,"KA,KA-TEDONG,GANTUNGAN-KA,GANTUNGAN-BA,SA-SAGA",1
6815_test.jpg,NANIA,NANIA,"NANIA,IA,NIA,TUA,8",1
6816_test.jpg,NI,NI,"NI,DI,JI,NING,U-KARA",1
6817_test.jpg,TALENG,TALENG,"TALENG,DU,WU,PU,U",1
6818_test.jpg,LA,LA,"LA,A,GA,GANTUNGAN-LA,GANTUNGAN-GA",1
6819_test.jpg,KA,KA,"KA,NA-RAMBAT,BA,GANTUNGAN-BA,TA",1
681_test.jpg,WA,WA,"WA,WI,0,GANTUNGAN-TA,GRA",1
6820_test.jpg,KA,KA,"KA,NA-RAMBAT,SA-SAGA,KU,KA-TEDONG",1
6821_test.jpg,WA,WA,"WA,PA,WI,GANTUNGAN-TA,TA-TAWA",1
6822_test.jpg,KRA,KRA,"KRA,TRA,WRE,NIA,KU",1
6823_test.jpg,GA,GA,"GA,BA,KA,NA-RAMBAT,GU",1
6824_test.jpg,NA,NA,"NA,CA,GANTUNGAN-KA,BA-KEMBANG,SA",1
6825_test.jpg,TALENG,TALENG,"TALENG,CECEK,ADEG-ADEG,BISAH,RA",1
6826_test.jpg,LA,LA,"LA,GANTUNGAN-LA,7,GA-TEDONG,SA",1
6827_test.jpg,ULU-CANDRA,ULU-CANDRA,"ULU-CANDRA,ULU-RICEM,GEMPELAN-SA-SAPA,8,GUWUNG-MACELEK",1
6828_test.jpg,YA,YA,"YA,LA,SA,ULU-CANDRA,A",1
6829_test.jpg,SA,SA,"SA,A-KARA,GEMPELAN-SA-SAPA,SA-SAPA,MA",1
682_test.jpg,PA,PA,"PA,GANTUNGAN-TA-LATIK,8,WA,SA-SAPA",1
6830_test.jpg,SUKU-ILUT,SUKU-ILUT,"SUKU-ILUT,TEDONG,GANTUNGAN-GA,4,GANTUNGAN-JA",1
6831_test.jpg,SA,SA,"SA,A-KARA,9,CA,GEMPELAN-SA-SAPA",1
6832_test.jpg,WI,WI,"WI,NGI,MI,RI,WUA",1
6833_test.jpg,NA-RAMBAT,NA-RAMBAT,"NA-RAMBAT,GANTUNGAN-BA,NA-RAMBAT-TEDONG,GANTUNGAN-NYA,GANTUNGAN-NGA",1
6834_test.jpg,KA,KA,"KA,KA-TEDONG,GANTUNGAN-KA,KU,NA-TEDONG",1
6835_test.jpg,LA-LENGA,2,"2,LA-LENGA,I-KARA,NGU,3",0
6836_test.jpg,PA,PA,"PA,MA,WA,SUKU-KEMBUNG,0",1
6837_test.jpg,RI,RI,"RI,NGI,NU,KNA,CU",1
6838_test.jpg,GA,GA,"GA,KA,GANTUNGAN-GA,NA-RAMBAT,GU",1
6839_test.jpg,MA,MA,"MA,PI,A-KARA,SA-SAPA,SUKU-KEMBUNG",1
683_test.jpg,GANTUNGAN-CA,GANTUNGAN-CA,"GANTUNGAN-CA,GUWUNG-MACELEK,YA,GANTUNGAN-LA,GANTUNGAN-A",1
6840_test.jpg,RA,BA,"BA,GANTUNGAN-KA,NYA,JA,KA",0
6841_test.jpg,YA,YA,"YA,ULU-CANDRA,LA,A,SA",1
6842_test.jpg,ULU,GANTUNGAN-A,"GANTUNGAN-A,ULU,DA,TALENG,GANTUNGAN-NA",0
6843_test.jpg,ULU-CANDRA,ULU-CANDRA,"ULU-CANDRA,GUWUNG-MACELEK,ULU-RICEM,SA,GEMPELAN-SA-SAPA",1
6844_test.jpg,RA,RA,"RA,RA-TEDONG,RU,WA,ADEG-ADEG",1
6845_test.jpg,ADEG-ADEG,ADEG-ADEG,"ADEG-ADEG,RI,5,NANIA,SUKU",1
6846_test.jpg,TEDONG,TEDONG,"TEDONG,RA,ADEG-ADEG,CECEK,4",1
6847_test.jpg,SA,SA,"SA,CA,LA,A-KARA,GANTUNGAN-LA",1
6848_test.jpg,ULU,ULU,"ULU,ULU-SARI,0,PEPET,GANTUNGAN-GA",1
6849_test.jpg,DA,DA,"DA,DA-MADU,TA-TAWA,DA-TEDONG,BA-KEMBANG",1
684_test.jpg,WA,GANTUNGAN-A,"GANTUNGAN-A,A,8,NGA,GANTUNGAN-TA",0
6850_test.jpg,A,A,"A,U,GANTUNGAN-A,LA,YA",1
6851_test.jpg,LA,LA,"LA,SA-SAGA,NGA,GUWUNG-MACELEK,GANTUNGAN-GA",1
6852_test.jpg,RA,RA,"RA,WA,RA-TEDONG,GANTUNGAN-GA,MA",1
6853_test.jpg,BA,BA,"BA,GANTUNGAN-BA,NGA,A,TI",1
6854_test.jpg,BU,GU,"GU,KU,U,LU,BU",0
6855_test.jpg,PEPET,PEPET,"PEPET,GANTUNGAN-A,6,A,JA",1
6856_test.jpg,TU,TU,"TU,TRA,TIA,TUA,BU",1
6857_test.jpg,BISAH,BISAH,"BISAH,TALENG,ADEG-ADEG,SURANG,4",1
6858_test.jpg,MA,MA,"MA,SA-SAPA,MA-TEDONG,GEMPELAN-SA-SAPA,A-KARA",1
6859_test.jpg,WA,WA,"WA,PA,0,GRA,GANTUNGAN-TA",1
685_test.jpg,U-KARA,U-KARA,"U-KARA,GANTUNGAN-MA,GANTUNGAN-NA,GANTUNGAN-TA-TAWA,SURANG",1
6860_test.jpg,A,A,"A,U,LA,GA,TA",1
6861_test.jpg,WA,WA,"WA,PA,7,TA-TAWA,GANTUNGAN-TA",1
6862_test.jpg,4,SUKU-ILUT,"SUKU-ILUT,4,8,GUWUNG-MACELEK,GANTUNGAN-TA-TAWA",0
6863_test.jpg,WI,WI,"WI,PI,WUA,DI,GRA",1
6864_test.jpg,BA,BA,"BA,NA-RAMBAT,GANTUNGAN-BA,1,BU",1
6865_test.jpg,NI,NI,"NI,DI,KI,SI,NA-TEDONG",1
6866_test.jpg,ADEG-ADEG,ADEG-ADEG,"ADEG-ADEG,SUKU,TALENG,NANIA,RI",1
6867_test.jpg,WU,WU,"WU,WUA,PU,WRE,DU",1
6868_test.jpg,ULU,ULU,"ULU,0,GANTUNGAN-TA,4,GANTUNGAN-TA-TAWA",1
6869_test.jpg,TEDONG,TEDONG,"TEDONG,ADEG-ADEG,ULU,CECEK,GANTUNGAN-GA",1
686_test.jpg,NA,CA,"CA,NI,JNA,NA,SI",0
6870_test.jpg,GEMPELAN-SA-SAPA,GEMPELAN-SA-SAPA,"GEMPELAN-SA-SAPA,SA-SAPA,A-KARA,GEMPELAN-PA,8",1
6871_test.jpg,KA,KA,"KA,JA,SA-SAGA,LA,KU",1
6872_test.jpg,BA,A,"A,U,DA,JA,YA",0
6873_test.jpg,DA,DA,"DA,NA,DA-MADU,BA-KEMBANG,ULU-SARI",1
6874_test.jpg,WA,MA,"MA,SA-SAPA,GANTUNGAN-TA-TAWA,GUWUNG-MACELEK,GANTUNGAN-MA",0
6875_test.jpg,BISAH,BISAH,"BISAH,TALENG,ADEG-ADEG,JU,RA",1
6876_test.jpg,NU,NU,"NU,CU,DU,KU,NIA",1
6877_test.jpg,KA,KA,"KA,1,KI,KU,NA",1
6878_test.jpg,SA,SA,"SA,CA,A-KARA,GEMPELAN-SA-SAPA,YA",1
6879_test.jpg,TALENG,TALENG,"TALENG,RU,U,GU,NGU",1
687_test.jpg,TU,TU,"TU,TIA,TRA,TUA,U",1
6880_test.jpg,JA,JA,"JA,RA,SA-SAGA,GANTUNGAN-GA,GANTUNGAN-NA",1
6881_test.jpg,MA,MA,"MA,SA-SAPA,PA,GEMPELAN-SA-SAPA,A-KARA",1
6882_test.jpg,SUKU,SUKU,"SUKU,PU,4,GANTUNGAN-NA,SU",1
6883_test.jpg,I-KARA,I-KARA,"I-KARA,3,JA,2,U-KARA",1
6884_test.jpg,SA,SA,"SA,CA,NA,KA,NA-TEDONG",1
6885_test.jpg,PEPET,PEPET,"PEPET,GANTUNGAN-GA,GANTUNGAN-A,GANTUNGAN-KA,ULU-RICEM",1
6886_test.jpg,BA,BA,"BA,NYA,GANTUNGAN-NGA,NA-RAMBAT,1",1
6887_test.jpg,NYA,NYA,"NYA,KA-TEDONG,NA-RAMBAT-TEDONG,GANTUNGAN-NYA,GA-TEDONG",1
6888_test.jpg,DA,DA,"DA,NA,BA-KEMBANG,ULU-RICEM,ULU-SARI",1
6889_test.jpg,GANTUNGAN-DA,GANTUNGAN-DA,"GANTUNGAN-DA,E-KARA,GANTUNGAN-JA,6,GANTUNGAN-TA-LATIK",1
688_test.jpg,BA-KEMBANG,BA-KEMBANG,"BA-KEMBANG,NA,I-KARA,DA-MADU,DA",1
6890_test.jpg,PI,WI,"WI,MI,PI,RI,GRA",0
6891_test.jpg,TALENG,TALENG,"TALENG,U,WU,NGU,2",1
6892_test.jpg,TA,TA,"TA,TU,A,BA,NA-RAMBAT",1
6893_test.jpg,CECEK,CECEK,"CECEK,TALENG,ULU,SURANG,BISAH",1
6894_test.jpg,NGA,NGA,"NGA,GANTUNGAN-NGA,A,GANTUNGAN-BA,BA",1
6895_test.jpg,MA,MA,"MA,SA-SAPA,MA-TEDONG,GEMPELAN-SA-SAPA,A-KARA",1
6896_test.jpg,BISAH,BISAH,"BISAH,CECEK,TALENG,4,SURANG",1
6897_test.jpg,TEDONG,PEPET,"PEPET,ULU,SUKU-KEMBUNG,GANTUNGAN-GA,GANTUNGAN-MA",0
6898_test.jpg,GUWUNG-MACELEK,GUWUNG-MACELEK,"GUWUNG-MACELEK,GANTUNGAN-MA,8,ULU-CANDRA,MA",1
6899_test.jpg,JA,JA,"JA,GANTUNGAN-DA,PEPET,6,DA",1
689_test.jpg,NA,NA,"NA,BA-KEMBANG,DA,NYA,ULU-SARI",1
68_test.jpg,RA,RA,"RA,MA,GANTUNGAN-TA,MI,WA",1
6900_test.jpg,DI,DI,"DI,NI,SI,I,KI",1
6901_test.jpg,GA,GA,"GA,SA-SAGA,GANTUNGAN-GA,LA,KA",1
6902_test.jpg,YA,YA,"YA,GANTUNGAN-CA,9,DA,YA-TEDONG",1
6903_test.jpg,4,4,"4,GRA,GANTUNGAN-TA-TAWA,BISAH,BRA",1
6904_test.jpg,U,U,"U,A,LU,IA,BU",1
6905_test.jpg,GEMPELAN-PA,GEMPELAN-PA,"GEMPELAN-PA,PA,ULU,GEMPELAN-SA-SAPA,MA",1
6906_test.jpg,BA,BA,"BA,NA-RAMBAT,GANTUNGAN-BA,BU,1",1
6907_test.jpg,YA,YA,"YA,LA,9,GANTUNGAN-TA-LATIK,ULU-CANDRA",1
6908_test.jpg,KI,KI,"KI,NI,1,KA,LI",1
6909_test.jpg,IA,IA,"IA,TIA,NIA,NANIA,GUWUNG-MACELEK",1
690_test.jpg,PA,PA,"PA,LA,8,SA,YA",1
6910_test.jpg,NANIA,NANIA,"NANIA,IA,TUA,PAMADA,NIA",1
6911_test.jpg,WA-TEDONG,WA-TEDONG,"WA-TEDONG,GANTUNGAN-JA,TA-TEDONG,WA,TRA",1
6912_test.jpg,YA,A,"A,YA,GANTUNGAN-LA,GANTUNGAN-CA,GANTUNGAN-A",0
6913_test.jpg,A,A,"A,U,GA,BA,TA",1
6914_test.jpg,SUKU,SUKU-ILUT,"SUKU-ILUT,TEDONG,4,8,0",0
6915_test.jpg,TALENG,TALENG,"TALENG,CECEK,BISAH,RA,ADEG-ADEG",1
6916_test.jpg,WA-TEDONG,WA-TEDONG,"WA-TEDONG,A-TEDONG,NGA,6,DA-TEDONG",1
6917_test.jpg,TA,TA,"TA,BA,KA,TU,NA-RAMBAT",1
6918_test.jpg,NGA,NGA,"NGA,GANTUNGAN-NGA,A,BA,1",1
6919_test.jpg,JA,JA,"JA,GANTUNGAN-NA,KA,KU,SA-SAGA",1
691_test.jpg,PA,PA,"PA,GEMPELAN-PA,SA,8,SUKU-KEMBUNG",1
6920_test.jpg,KA,KA,"KA,GANTUNGAN-KA,KA-TEDONG,NA-TEDONG,KI",1
6921_test.jpg,NGA,NGA,"NGA,A,GANTUNGAN-NGA,GANTUNGAN-A,WA-TEDONG",1
6922_test.jpg,I-KARA,I-KARA,"I-KARA,TALENG,I,2,DU",1
6923_test.jpg,YA,YA,"YA,A,GANTUNGAN-CA,9,GANTUNGAN-A",1
6924_test.jpg,NA,GANTUNGAN-KA,"GANTUNGAN-KA,NA-TEDONG,NI,NA,KA-TEDONG",0
6925_test.jpg,LA,LA,"LA,SA,GANTUNGAN-LA,7,GANTUNGAN-GA",1
6926_test.jpg,DA,DA,"DA,BA-KEMBANG,TA-TAWA,MA-TEDONG,GUWUNG-MACELEK",1
6927_test.jpg,NANIA,NANIA,"NANIA,IA,PAMADA,NIA,NGU",1
6928_test.jpg,TEDONG,TEDONG,"TEDONG,RA,0,SUKU-ILUT,MI",1
6929_test.jpg,SUKU,SUKU,"SUKU,MU,GU,GANTUNGAN-NA,4",1
692_test.jpg,MA,MA,"MA,SA-SAPA,A-KARA,GEMPELAN-SA-SAPA,DA-MADU",1
6930_test.jpg,PA,PA,"PA,GEMPELAN-PA,WA,8,GANTUNGAN-TA",1
6931_test.jpg,I,I,"I,WI,NGI,DU,PI",1
6932_test.jpg,RA,RA,"RA,WA,WA-TEDONG,A-TEDONG,RA-TEDONG",1
6933_test.jpg,SURANG,SURANG,"SURANG,GANTUNGAN-TA-LATIK,CECEK,GANTUNGAN-NA,TALENG",1
6934_test.jpg,TI,TI,"TI,BI,I,GI,KI",1
6935_test.jpg,NA,NA,"NA,BA-KEMBANG,DA,GANTUNGAN-KA,MA",1
6936_test.jpg,SURANG,SURANG,"SURANG,GANTUNGAN-NA,GANTUNGAN-LA,SUKU-ILUT,CECEK",1
6937_test.jpg,ADEG-ADEG,ADEG-ADEG,"ADEG-ADEG,CECEK,SUKU,RU,MI",1
6938_test.jpg,TEDONG,TEDONG,"TEDONG,0,NA,GANTUNGAN-NA,ULU-SARI",1
6939_test.jpg,TEDONG,TEDONG,"TEDONG,ULU,SUKU-ILUT,SUKU-KEMBUNG,GANTUNGAN-GA",1
693_test.jpg,ADEG-ADEG,ADEG-ADEG,"ADEG-ADEG,MI,I,DU,RA-TEDONG",1
6940_test.jpg,A,A,"A,U,NA-RAMBAT,GA,GANTUNGAN-GA",1
6941_test.jpg,MA,MA,"MA,PA,NIA,8,SA-SAPA",1
6942_test.jpg,GANTUNGAN-TA,GANTUNGAN-TA,"GANTUNGAN-TA,CA,GANTUNGAN-CA,SA,WA",1
6943_test.jpg,DA,DA,"DA,BA-KEMBANG,DA-MADU,TA-TAWA,NA",1
6944_test.jpg,JA,JA,"JA,6,RA,4,BISAH",1
6945_test.jpg,YA,YA,"YA,GANTUNGAN-CA,A,SA,LA",1
6946_test.jpg,NANIA,NANIA,"NANIA,IA,NIA,PAMADA,ULU-CANDRA",1
6947_test.jpg,I-KARA,LA-LENGA,"LA-LENGA,KNA,I-KARA,3,KU",0
6948_test.jpg,ADEG-ADEG,ADEG-ADEG,"ADEG-ADEG,RA,NANIA,RU,SUKU",1
6949_test.jpg,GA,GA,"GA,GANTUNGAN-GA,GU,JA,KA",1
694_test.jpg,BISAH,BISAH,"BISAH,4,CECEK,TALENG,SUKU-ILUT",1
6950_test.jpg,TEDONG,TEDONG,"TEDONG,SUKU-ILUT,4,MI,SUKU",1
6951_test.jpg,BA,BA,"BA,A,NA-RAMBAT,NGA,KA",1
6952_test.jpg,GANTUNGAN-KA,GANTUNGAN-KA,"GANTUNGAN-KA,PEPET,GANTUNGAN-TA,ULU-RICEM,NA",1
6953_test.jpg,CECEK,CECEK,"CECEK,TALENG,BISAH,SURANG,ULU",1
6954_test.jpg,TEDONG,TEDONG,"TEDONG,SUKU-ILUT,4,SUKU,GU",1
6955_test.jpg,NA,NA,"NA,NA-TEDONG,GANTUNGAN-KA,DA,KA",1
6956_test.jpg,JA,JA,"JA,BISAH,JU,RA,GU",1
6957_test.jpg,KA,KA,"KA,NA-RAMBAT,KA-TEDONG,SA-SAGA,KU",1
6958_test.jpg,YA,YA,"YA,SA,9,GEMPELAN-SA-SAPA,ULU-CANDRA",1
6959_test.jpg,ULU,ULU,"ULU,TEDONG,CECEK,GANTUNGAN-GA,TALENG",1
695_test.jpg,TA,TA,"TA,WA,A,WA-TEDONG,GANTUNGAN-TA",1
6960_test.jpg,BISAH,BISAH,"BISAH,TALENG,ADEG-ADEG,CECEK,JU",1
6961_test.jpg,WA,WA,"WA,GANTUNGAN-TA,WI,MA-TEDONG,WA-TEDONG",1
6962_test.jpg,SUKU,RU,"RU,WU,NGU,U,TU",0
6963_test.jpg,KA,KA,"KA,KU,NA-RAMBAT,KA-TEDONG,SA-SAGA",1
6964_test.jpg,A,A,"A,NA-RAMBAT,GANTUNGAN-GA,GANTUNGAN-LA,GANTUNGAN-A",1
6965_test.jpg,CECEK,CECEK,"CECEK,RA,ADEG-ADEG,TALENG,ULU",1
6966_test.jpg,SA-SAGA,SA-SAGA,"SA-SAGA,JA,KA,KU,GANTUNGAN-NA",1
6967_test.jpg,GU,GU,"GU,KU,SA-SAGA,GNA,KNA",1
6968_test.jpg,SA,SA,"SA,MA,PA,GEMPELAN-PA,A-KARA",1
6969_test.jpg,TALENG,TALENG,"TALENG,GANTUNGAN-A,RA,GANTUNGAN-TA,NGA",1
696_test.jpg,SA,SA,"SA,CA,LA,7,GANTUNGAN-LA",1
6970_test.jpg,BISAH,BISAH,"BISAH,CECEK,ADEG-ADEG,TALENG,4",1
6971_test.jpg,LA-LENGA,LA-LENGA,"LA-LENGA,2,WRE,CU,NING",1
6972_test.jpg,KA,KA,"KA,NA-RAMBAT,KU,GANTUNGAN-KA,KA-TEDONG",1
6973_test.jpg,SURANG,SURANG,"SURANG,GUWUNG,SUKU,NANIA,GANTUNGAN-TA-LATIK",1
6974_test.jpg,NYA,NYA,"NYA,GANTUNGAN-NYA,NA-RAMBAT-TEDONG,KA-TEDONG,GA-TEDONG",1
6975_test.jpg,BA,BA,"BA,GANTUNGAN-BA,NA-RAMBAT,A,1",1
6976_test.jpg,PA,PA,"PA,MA,GEMPELAN-PA,WA,SA",1
6977_test.jpg,NI,NI,"NI,DI,KI,SI,NING",1
6978_test.jpg,KA,KA,"KA,NA-RAMBAT,KU,TA,GANTUNGAN-BA",1
6979_test.jpg,ULU,ULU,"ULU,GANTUNGAN-MA,0,PEPET,ULU-SARI",1
697_test.jpg,SUKU,SUKU,"SUKU,NANIA,ADEG-ADEG,NIA,TEDONG",1
6980_test.jpg,BA,BA,"BA,A,NA-RAMBAT,GANTUNGAN-NGA,1",1
6981_test.jpg,A,A,"A,U,WA-TEDONG,GANTUNGAN-CA,GA",1
6982_test.jpg,CA,CA,"CA,GANTUNGAN-KA,7,NA,SA",1
6983_test.jpg,MA,WA,"WA,MA,GANTUNGAN-TA,PA,SA-SAPA",0
6984_test.jpg,A,A,"A,GA,U,BA,TA",1
6985_test.jpg,RA,RA,"RA,RA-TEDONG,ADEG-ADEG,RU,NGA",1
6986_test.jpg,NGU,NGU,"NGU,YU,NGA,U,2",1
6987_test.jpg,GANTUNGAN-TA-LATIK,GANTUNGAN-TA-LATIK,"GANTUNGAN-TA-LATIK,GANTUNGAN-TA,GANTUNGAN-JA,DA,GANTUNGAN-MA",1
6988_test.jpg,SUKU,SUKU,"SUKU,TEDONG,PU,SUKU-KEMBUNG,GANTUNGAN-NA",1
6989_test.jpg,A,A,"A,NA-RAMBAT,DA,U,BA",1
698_test.jpg,SA,SA,"SA,CA,GEMPELAN-SA-SAPA,LA,LI",1
6990_test.jpg,ADEG-ADEG,ADEG-ADEG,"ADEG-ADEG,SUKU,NANIA,GNA,TALENG",1
6991_test.jpg,JU,JU,"JU,U,GU,JA,BU",1
6992_test.jpg,TA,TA,"TA,A,BA,TU,NA-RAMBAT",1
6993_test.jpg,PA,PA,"PA,GEMPELAN-PA,TEDONG,0,MA",1
6994_test.jpg,NGA,NGA,"NGA,BA,GANTUNGAN-NGA,DA-TEDONG,GANTUNGAN-BA",1
6995_test.jpg,SA,SA,"SA,CA,A-KARA,GANTUNGAN-LA,GANTUNGAN-CA",1
6996_test.jpg,ULU-RICEM,GANTUNGAN-KA,"GANTUNGAN-KA,NA,ULU-SARI,ULU-RICEM,DA",0
6997_test.jpg,WA,WA,"WA,WI,TA-TAWA,GUWUNG-MACELEK,CA",1
6998_test.jpg,KA,KA,"KA,KA-TEDONG,TA,KU,NA-RAMBAT",1
6999_test.jpg,ADEG-ADEG,ADEG-ADEG,"ADEG-ADEG,NANIA,WI,5,GNA",1
699_test.jpg,NA,NA,"NA,BA-KEMBANG,3,MA,CA",1
69_test.jpg,YU,YU,"YU,LU,SU,U,CU",1
6_test.jpg,YA,YA,"YA,LA,GANTUNGAN-TA-LATIK,ULU-CANDRA,A",1
7000_test.jpg,WA,WA,"WA,ULU,GANTUNGAN-TA,ULU-SARI,TA-TAWA",1
7001_test.jpg,NA,ULU,"ULU,GANTUNGAN-MA,GANTUNGAN-KA,WA,NA",0
7002_test.jpg,KA,KA,"KA,KU,KA-TEDONG,KI,NA-RAMBAT",1
7003_test.jpg,NA,NA,"NA,BA-KEMBANG,GANTUNGAN-KA,DA,KA",1
7004_test.jpg,NGA,NGA,"NGA,A,GANTUNGAN-NGA,BA,GANTUNGAN-BA",1
7005_test.jpg,MA,MA,"MA,SA-SAPA,A-KARA,MA-TEDONG,GEMPELAN-SA-SAPA",1
7006_test.jpg,SUKU,SUKU,"SUKU,4,GANTUNGAN-NA,PU,SUKU-ILUT",1
7007_test.jpg,SUKU,SUKU,"SUKU,GANTUNGAN-NA,NANIA,TALENG,PU",1
7008_test.jpg,BA,BA,"BA,GANTUNGAN-BA,NA-RAMBAT,KA,GANTUNGAN-NGA",1
7009_test.jpg,WA,WA,"WA,WI,CA,GANTUNGAN-TA,PA",1
700_test.jpg,NA,NA,"NA,GANTUNGAN-KA,BA-KEMBANG,DA,MA",1
7010_test.jpg,ULU,ULU,"ULU,GANTUNGAN-TA,GANTUNGAN-MA,ULU-SARI,DA",1
7011_test.jpg,KNA,KNA,"KNA,GNA,NA,GU,KU",1
7012_test.jpg,GANTUNGAN-TA,GANTUNGAN-JA,"GANTUNGAN-JA,GANTUNGAN-DA,GANTUNGAN-TA,TA,GANTUNGAN-A",0
7013_test.jpg,ULU,ADEG-ADEG,"ADEG-ADEG,CECEK,ULU,TALENG,TEDONG",0
7014_test.jpg,TA,TA,"TA,TU,TI,TA-TEDONG,NA-RAMBAT",1
7015_test.jpg,GANTUNGAN-LA,GANTUNGAN-LA,"GANTUNGAN-LA,GANTUNGAN-DA,GANTUNGAN-CA,GANTUNGAN-TA-LATIK,GANTUNGAN-A",1
7016_test.jpg,GANTUNGAN-MA,GANTUNGAN-MA,"GANTUNGAN-MA,ULU,PEPET,SUKU-KEMBUNG,GRA",1
7017_test.jpg,NGA,NGA,"NGA,GANTUNGAN-NGA,NA-RAMBAT,A,GANTUNGAN-BA",1
7018_test.jpg,MA,MA,"MA,PA,NIA,MA-TEDONG,8",1
7019_test.jpg,KA,KA,"KA,GANTUNGAN-KA,KU,BA,KA-TEDONG",1
701_test.jpg,TALENG,TALENG,"TALENG,RA,BISAH,ADEG-ADEG,CECEK",1
7020_test.jpg,GA,GA,"GA,GANTUNGAN-GA,GU,LA,NA-RAMBAT",1
7021_test.jpg,SURANG,SURANG,"SURANG,GANTUNGAN-TA-LATIK,GANTUNGAN-MA,GUWUNG,GANTUNGAN-CA",1
7022_test.jpg,SUKU,SUKU,"SUKU,GANTUNGAN-NA,PU,SUKU-KEMBUNG,NANIA",1
7023_test.jpg,TU,TU,"TU,KU,U,BU,TRA",1
7024_test.jpg,TALENG,TALENG,"TALENG,U,TU,JU,DU",1
7025_test.jpg,ULU,ULU,"ULU,PEPET,GANTUNGAN-GA,GANTUNGAN-MA,ULU-SARI",1
7026_test.jpg,CECEK,CECEK,"CECEK,TALENG,ULU,BISAH,SURANG",1
7027_test.jpg,LA-LENGA,LA-LENGA,"LA-LENGA,CU,3,KNA,PAMADA",1
7028_test.jpg,NA,GANTUNGAN-KA,"GANTUNGAN-KA,NA,KA,DA,JA",0
7029_test.jpg,RA,RA,"RA,GANTUNGAN-NA,A-TEDONG,TEDONG,JA",1
702_test.jpg,KA,KA,"KA,KU,KA-TEDONG,LA,SA",1
7030_test.jpg,RA,RA,"RA,MA-TEDONG,GANTUNGAN-A,ULU,MA",1
7031_test.jpg,DA,DA,"DA,BA-KEMBANG,YA,TA-TAWA,DA-MADU",1
7032_test.jpg,SA,SA,"SA,CA,A-KARA,GEMPELAN-SA-SAPA,SI",1
7033_test.jpg,YA,YA,"YA,A,GANTUNGAN-LA,GANTUNGAN-CA,ULU-CANDRA",1
7034_test.jpg,GU,GU,"GU,GRA,TU,GNA,LU",1
7035_test.jpg,SUKU,SUKU,"SUKU,SURANG,SUKU-KEMBUNG,PEPET,GANTUNGAN-NA",1
7036_test.jpg,ULU-CANDRA,ULU-CANDRA,"ULU-CANDRA,ULU-RICEM,8,GUWUNG-MACELEK,GEMPELAN-SA-SAPA",1
7037_test.jpg,TEDONG,TEDONG,"TEDONG,CECEK,0,SUKU-ILUT,SUKU",1
7038_test.jpg,PEPET,PEPET,"PEPET,GANTUNGAN-GA,GA,ULU,GANTUNGAN-MA",1
7039_test.jpg,YA,YA,"YA,9,ULU-CANDRA,YA-TEDONG,LA",1
703_test.jpg,SUKU,BISAH,"BISAH,4,SUKU,TALENG,NANIA",0
7040_test.jpg,GANTUNGAN-BA,GANTUNGAN-NGA,"GANTUNGAN-NGA,GANTUNGAN-BA,NGA,GANTUNGAN-A,NA-RAMBAT",0
7041_test.jpg,GUWUNG,GUWUNG,"GUWUNG,NANIA,SUKU-KEMBUNG,GUWUNG-MACELEK,BRA",1
7042_test.jpg,A,A,"A,NA-RAMBAT,U,DA,YU",1
7043_test.jpg,IA,IA,"IA,NANIA,TIA,TUA,U",1
7044_test.jpg,CECEK,CECEK,"CECEK,BISAH,ULU,TALENG,4",1
7045_test.jpg,TU,TU,"TU,TRA,RU,TIA,U",1
7046_test.jpg,GI,GI,"GI,TI,KI,BI,JI",1
7047_test.jpg,BISAH,BISAH,"BISAH,4,TALENG,CECEK,ADEG-ADEG",1
7048_test.jpg,SUKU,SUKU,"SUKU,MU,NANIA,U,WUA",1
7049_test.jpg,ULU,ULU,"ULU,CECEK,TALENG,GANTUNGAN-NA,0",1
704_test.jpg,GANTUNGAN-A,GANTUNGAN-A,"GANTUNGAN-A,GANTUNGAN-GA,GANTUNGAN-DA,GANTUNGAN-CA,A",1
7050_test.jpg,TALENG,TALENG,"TALENG,NGU,U,DU,I-KARA",1
7051_test.jpg,YA,DA-MADU,"DA-MADU,9,YA,DA-TEDONG,DA",0
7052_test.jpg,BISAH,BISAH,"BISAH,4,JU,CECEK,TALENG",1
7053_test.jpg,ULU,ULU,"ULU,PEPET,ULU-SARI,JA,ULU-RICEM",1
7054_test.jpg,PA,A-KARA,"A-KARA,SA-SAPA,PA,MA,SA",0
7055_test.jpg,ADEG-ADEG,ADEG-ADEG,"ADEG-ADEG,TALENG,SUKU,NANIA,RA",1
7056_test.jpg,WA,WA,"WA,GANTUNGAN-TA,PA,WI,TA-TAWA",1
7057_test.jpg,LA,LA,"LA,GANTUNGAN-LA,SA,7,LU",1
7058_test.jpg,JA,JA,"JA,JU,BISAH,RA,LU",1
7059_test.jpg,7,7,"7,LI,LA,LA-TEDONG,GANTUNGAN-LA",1
705_test.jpg,ULU,ULU,"ULU,CECEK,GANTUNGAN-KA,GANTUNGAN-GA,GANTUNGAN-TA",1
7060_test.jpg,DA,DA,"DA,BA-KEMBANG,I-KARA,NA,MA-TEDONG",1
7061_test.jpg,NGA,NGA,"NGA,GANTUNGAN-NGA,A,GANTUNGAN-BA,BA",1
7062_test.jpg,BRA,BRA,"BRA,KRA,TRA,GRA,NGU",1
7063_test.jpg,NGA,NGA,"NGA,A,BA,GANTUNGAN-NGA,JA-TEDONG",1
7064_test.jpg,RA,RA,"RA,WA,A-TEDONG,TEDONG,RA-TEDONG",1
7065_test.jpg,ULU,ULU,"ULU,ULU-SARI,0,NA,GANTUNGAN-MA",1
7066_test.jpg,LA,LA,"LA,SA,7,KA,GANTUNGAN-LA",1
7067_test.jpg,CECEK,CECEK,"CECEK,BISAH,TALENG,GANTUNGAN-NA,4",1
7068_test.jpg,YA,YA,"YA,LA,SA,ULU-CANDRA,9",1
7069_test.jpg,SA,CA,"CA,SA,BA-KEMBANG,A-KARA,NA",0
706_test.jpg,GA,GA,"GA,GANTUNGAN-GA,GU,SA-SAGA,JA",1
7070_test.jpg,SUKU,SUKU,"SUKU,GANTUNGAN-NA,PU,TALENG,NANIA",1
7071_test.jpg,TA,TA,"TA,TU,TI,TA-TEDONG,GANTUNGAN-TA",1
7072_test.jpg,KRA,KRA,"KRA,KU,NIA,TRA,KNA",1
7073_test.jpg,BISAH,BISAH,"BISAH,TALENG,GANTUNGAN-NA,SURANG,SUKU",1
7074_test.jpg,CECEK,CECEK,"CECEK,BISAH,TALENG,ULU,TEDONG",1
7075_test.jpg,TU,TU,"TU,TRA,TIA,TUA,U",1
7076_test.jpg,RI,RI,"RI,WI,NGI,GI,JI",1
7077_test.jpg,BISAH,BISAH,"BISAH,TALENG,JU,ADEG-ADEG,RA",1
7078_test.jpg,YA,YA,"YA,YA-TEDONG,GANTUNGAN-CA,9,NGA",1
7079_test.jpg,TALENG,TALENG,"TALENG,CECEK,ADEG-ADEG,RA,GU",1
707_test.jpg,CECEK,CECEK,"CECEK,GANTUNGAN-DA,ULU,PEPET,GANTUNGAN-NA",1
7080_test.jpg,NGA,A,"A,NGA,GANTUNGAN-TA,GANTUNGAN-NGA,GANTUNGAN-A",0
7081_test.jpg,TEDONG,TEDONG,"TEDONG,ADEG-ADEG,ULU-SARI,MI,RA",1
7082_test.jpg,BA,BA,"BA,NA-RAMBAT,GANTUNGAN-BA,1,NGA",1
7083_test.jpg,TA,TA,"TA,GA,A,BA,NA-RAMBAT",1
7084_test.jpg,YA,YA,"YA,ULU-CANDRA,LA,SA,GEMPELAN-SA-SAPA",1
7085_test.jpg,JA,JA,"JA,RA,JU,SA-SAGA,JA-TEDONG",1
7086_test.jpg,KA,KA,"KA,KU,SA-SAGA,KA-TEDONG,NA-RAMBAT",1
7087_test.jpg,BA-KEMBANG,BA-KEMBANG,"BA-KEMBANG,DI,DA,NA,BI",1
7088_test.jpg,GANTUNGAN-BA,BA,"BA,GANTUNGAN-BA,NGA,1,NYA",0
7089_test.jpg,YA,YA,"YA,9,YA-TEDONG,SA,ULU-CANDRA",1
708_test.jpg,BA,1,"1,BA,NYA,GANTUNGAN-NYA,GANTUNGAN-BA",0
7090_test.jpg,ADEG-ADEG,ADEG-ADEG,"ADEG-ADEG,SUKU,TALENG,RI,BISAH",1
7091_test.jpg,JA,4,"4,JA,DU,JNA,NU",0
7092_test.jpg,BISAH,BISAH,"BISAH,CECEK,TALENG,4,ADEG-ADEG",1
7093_test.jpg,KA,KA,"KA,KA-TEDONG,GANTUNGAN-KA,KU,NA-RAMBAT",1
7094_test.jpg,KA,KA,"KA,SA-SAGA,KU,NA-RAMBAT,KA-TEDONG",1
7095_test.jpg,1,1,"1,LU,LA,BI,JA",1
7096_test.jpg,DA,YA,"YA,DA,A,GANTUNGAN-A,DA-MADU",0
7097_test.jpg,JA,JA,"JA,SA-SAGA,GANTUNGAN-NA,DA,RA",1
7098_test.jpg,GANTUNGAN-KA,GANTUNGAN-KA,"GANTUNGAN-KA,NA,KA,DA,A-KARA",1
7099_test.jpg,SURANG,CECEK,"CECEK,SURANG,TALENG,GANTUNGAN-NA,BISAH",0
709_test.jpg,TEDONG,TEDONG,"TEDONG,SUKU-ILUT,0,4,GU",1
70_test.jpg,SUKU,SUKU,"SUKU,NANIA,2,GANTUNGAN-NA,SUKU-KEMBUNG",1
7100_test.jpg,ADEG-ADEG,ADEG-ADEG,"ADEG-ADEG,SUKU,GNA,RI,NANIA",1
7101_test.jpg,BISAH,BISAH,"BISAH,4,CECEK,SUKU-ILUT,TALENG",1
7102_test.jpg,ADEG-ADEG,ADEG-ADEG,"ADEG-ADEG,RA,CECEK,TALENG,RU",1
7103_test.jpg,DA,DA,"DA,NA,I-KARA,6,0",1
7104_test.jpg,SUKU,SUKU,"SUKU,GANTUNGAN-NA,2,NANIA,ADEG-ADEG",1
7105_test.jpg,NU,NU,"NU,NIA,CU,DU,KU",1
7106_test.jpg,SUKU,U,"U,SUKU,PU,TALENG,IA",0
7107_test.jpg,JNA,JNA,"JNA,4,KNA,GANTUNGAN-NA,NIA",1
7108_test.jpg,ADEG-ADEG,ADEG-ADEG,"ADEG-ADEG,RA,5,RI,TALENG",1
7109_test.jpg,MA,MA,"MA,PI,SUKU-KEMBUNG,8,WI",1
710_test.jpg,NA,NA,"NA,BA-KEMBANG,ULU-SARI,DA,ULU",1
7110_test.jpg,NGA,NGA,"NGA,GANTUNGAN-NGA,A,WA-TEDONG,DA-TEDONG",1
7111_test.jpg,NA,NA,"NA,CA,GANTUNGAN-KA,KA,NA-TEDONG",1
7112_test.jpg,MA,MA,"MA,SA-SAPA,A-KARA,GEMPELAN-SA-SAPA,SA",1
7113_test.jpg,TEDONG,TEDONG,"TEDONG,MI,RA,4,NANIA",1
7114_test.jpg,RA,RA,"RA,RA-TEDONG,WA,RU,5",1
7115_test.jpg,SUKU,SUKU,"SUKU,GANTUNGAN-NA,PU,SUKU-KEMBUNG,NANIA",1
7116_test.jpg,RA,RA,"RA,RA-TEDONG,MA,NGA,MA-TEDONG",1
7117_test.jpg,ULU,ULU,"ULU,ULU-SARI,GANTUNGAN-NA,GANTUNGAN-DA,4",1
7118_test.jpg,SUKU,SUKU,"SUKU,GANTUNGAN-NA,GANTUNGAN-KA,SURANG,PU",1
7119_test.jpg,GANTUNGAN-DA,GANTUNGAN-DA,"GANTUNGAN-DA,GANTUNGAN-A,6,GANTUNGAN-TA-LATIK,GANTUNGAN-JA",1
711_test.jpg,ULU,ULU,"ULU,GANTUNGAN-MA,0,SUKU-KEMBUNG,TALENG",1
7120_test.jpg,TA,TA,"TA,BA,TU,KA,GANTUNGAN-BA",1
7121_test.jpg,NGI,BI,"BI,NGI,I,NGA,TI",0
7122_test.jpg,TU,TU,"TU,TRA,TIA,GU,TUA",1
7123_test.jpg,BA,BA,"BA,NA-RAMBAT,GANTUNGAN-BA,TU,BU",1
7124_test.jpg,MA,MA,"MA,SA-SAPA,PA,A-KARA,SA",1
7125_test.jpg,SUKU,SUKU,"SUKU,ADEG-ADEG,NANIA,RU,GNA",1
7126_test.jpg,SA,SA,"SA,MA,CA,A-KARA,PA",1
7127_test.jpg,SUKU,SUKU,"SUKU,RU,MI,WU,GU",1
7128_test.jpg,SUKU,SUKU,"SUKU,ADEG-ADEG,NANIA,GNA,TEDONG",1
7129_test.jpg,TEDONG,TEDONG,"TEDONG,RA,GA,GU,RA-TEDONG",1
712_test.jpg,NIA,NANIA,"NANIA,NIA,TUA,TIA,MA",0
7130_test.jpg,TEDONG,RA,"RA,TEDONG,ULU-SARI,GANTUNGAN-NA,ULU",0
7131_test.jpg,MA,MA,"MA,MA-TEDONG,WA,GANTUNGAN-TA,DA-MADU",1
7132_test.jpg,TALENG,TALENG,"TALENG,BISAH,RA,TU,ULU",1
7133_test.jpg,NA,NA,"NA,BA-KEMBANG,DA,ULU-SARI,GANTUNGAN-KA",1
7134_test.jpg,WA,WA,"WA,PA,GANTUNGAN-TA,WI,TA-TAWA",1
7135_test.jpg,1,1,"1,KI,BI,NGI,LI",1
7136_test.jpg,GANTUNGAN-KA,GANTUNGAN-KA,"GANTUNGAN-KA,KA-TEDONG,KA,GANTUNGAN-CA,GANTUNGAN-NYA",1
7137_test.jpg,RA,RA,"RA,WA,GANTUNGAN-TA,RA-TEDONG,5",1
7138_test.jpg,BRA,BRA,"BRA,KRA,GRA,GUWUNG-MACELEK,GUWUNG",1
7139_test.jpg,JA,JA,"JA,DA,GANTUNGAN-MA,BISAH,JU",1
713_test.jpg,PU,PU,"PU,LU,YU,MU,WU",1
7140_test.jpg,GANTUNGAN-TA,GANTUNGAN-TA,"GANTUNGAN-TA,CA,NA,GANTUNGAN-KA,GANTUNGAN-CA",1
7141_test.jpg,CECEK,CECEK,"CECEK,ULU,4,KA,BISAH",1
7142_test.jpg,RI,RI,"RI,NU,NGI,DU,WI",1
7143_test.jpg,TALENG,TALENG,"TALENG,SUKU,CECEK,NGU,GU",1
7144_test.jpg,WA,WA,"WA,WA-TEDONG,WI,TRA,GRA",1
7145_test.jpg,GANTUNGAN-NYA,GANTUNGAN-NYA,"GANTUNGAN-NYA,NA-RAMBAT-TEDONG,NYA,KA-TEDONG,NA-RAMBAT",1
7146_test.jpg,KA,KA,"KA,KA-TEDONG,NA-RAMBAT,BA,KU",1
7147_test.jpg,RA,RA,"RA,MA,RU,RA-TEDONG,NGA",1
7148_test.jpg,NA,NA,"NA,BA-KEMBANG,GANTUNGAN-KA,PEPET,ULU-RICEM",1
7149_test.jpg,BISAH,BISAH,"BISAH,CECEK,RA,4,TALENG",1
714_test.jpg,DA,NA,"NA,DA,BA-KEMBANG,I,DI",0
7150_test.jpg,A,GA,"GA,LA,JA,SA-SAGA,BA",0
7151_test.jpg,NANIA,SUKU-KEMBUNG,"SUKU-KEMBUNG,NANIA,PI,NIA,BRA",0
7152_test.jpg,NGA,NGA,"NGA,GANTUNGAN-NGA,A,GANTUNGAN-A,I-KARA",1
7153_test.jpg,PA,PA,"PA,WA,MA,GANTUNGAN-TA-LATIK,8",1
7154_test.jpg,NYA,NA-RAMBAT-TEDONG,"NA-RAMBAT-TEDONG,NYA,GANTUNGAN-NYA,KA-TEDONG,NA-RAMBAT",0
7155_test.jpg,LA,LA,"LA,GANTUNGAN-LA,7,GA-TEDONG,SA",1
7156_test.jpg,YA,YA,"YA,LA,9,A,GANTUNGAN-CA",1
7157_test.jpg,GANTUNGAN-KA,GANTUNGAN-KA,"GANTUNGAN-KA,NA,CA,KA,SA",1
7158_test.jpg,YA,YA,"YA,GANTUNGAN-CA,YA-TEDONG,9,GANTUNGAN-A",1
7159_test.jpg,ULU,ULU,"ULU,SUKU-KEMBUNG,GANTUNGAN-MA,ULU-SARI,PEPET",1
715_test.jpg,TEDONG,TEDONG,"TEDONG,ULU,CECEK,ADEG-ADEG,GU",1
7160_test.jpg,NA,NA,"NA,GANTUNGAN-KA,DA,KA,CA",1
7161_test.jpg,MA,MA,"MA,MA-TEDONG,PI,A-KARA,SA-SAPA",1
7162_test.jpg,PA,PA,"PA,LA,8,GANTUNGAN-TA-LATIK,GUWUNG-MACELEK",1
7163_test.jpg,LA,LA,"LA,GANTUNGAN-LA,GUWUNG-MACELEK,ULU-CANDRA,7",1
7164_test.jpg,ADEG-ADEG,ADEG-ADEG,"ADEG-ADEG,SUKU,NANIA,GNA,TALENG",1
7165_test.jpg,ADEG-ADEG,ADEG-ADEG,"ADEG-ADEG,RA,5,MI,RI",1
7166_test.jpg,KU,KU,"KU,GU,KRA,LU,BU",1
7167_test.jpg,DA,DA,"DA,NA,DA-MADU,BA-KEMBANG,DA-TEDONG",1
7168_test.jpg,2,3,"3,I-KARA,2,NGU,1",0
7169_test.jpg,SUKU,SUKU,"SUKU,SUKU-KEMBUNG,NANIA,GEMPELAN-PA,PA",1
716_test.jpg,YA,YA,"YA,9,LA,A,YA-TEDONG",1
7170_test.jpg,KA,KA,"KA,KA-TEDONG,NA-RAMBAT,KU,GANTUNGAN-KA",1
7171_test.jpg,JA,JA,"JA,BISAH,4,RA,NU",1
7172_test.jpg,U-KARA,U-KARA,"U-KARA,JI,3,E-KARA,GANTUNGAN-DA",1
7173_test.jpg,DU,DU,"DU,JU,CU,E-KARA,NU",1
7174_test.jpg,PEPET,PEPET,"PEPET,ULU,GANTUNGAN-MA,GANTUNGAN-DA,GANTUNGAN-GA",1
7175_test.jpg,PEPET,PEPET,"PEPET,GANTUNGAN-DA,GANTUNGAN-GA,GANTUNGAN-MA,GANTUNGAN-A",1
7176_test.jpg,GEMPELAN-SA-SAPA,ULU-CANDRA,"ULU-CANDRA,IA,GEMPELAN-SA-SAPA,NANIA,ULU-RICEM",0
7177_test.jpg,TALENG,TALENG,"TALENG,U,I-KARA,DU,GANTUNGAN-A",1
7178_test.jpg,BISAH,BISAH,"BISAH,TALENG,JU,CECEK,4",1
7179_test.jpg,SUKU,2,"2,SUKU,KU,TALENG,NGU",0
717_test.jpg,PEPET,PEPET,"PEPET,GANTUNGAN-MA,SUKU-KEMBUNG,ULU,GANTUNGAN-TA-LATIK",1
7180_test.jpg,TA,TA,"TA,GANTUNGAN-TA,WA,CA,A",1
7181_test.jpg,LA,LA,"LA,SA,LA-TEDONG,GA-TEDONG,7",1
7182_test.jpg,GANTUNGAN-A,GANTUNGAN-A,"GANTUNGAN-A,A,GANTUNGAN-DA,GANTUNGAN-GA,GANTUNGAN-NA",1
7183_test.jpg,GANTUNGAN-TA-LATIK,GANTUNGAN-TA-LATIK,"GANTUNGAN-TA-LATIK,MA,GANTUNGAN-TA,PA,GANTUNGAN-MA",1
7184_test.jpg,ULU,ULU,"ULU,GANTUNGAN-TA,ULU-SARI,RA,0",1
7185_test.jpg,TI,TI,"TI,TA-TEDONG,KI,A-TEDONG,1",1
7186_test.jpg,SUKU,SUKU,"SUKU,NANIA,TEDONG,IA,MI",1
7187_test.jpg,LA,LA,"LA,GANTUNGAN-LA,7,GA-TEDONG,GANTUNGAN-GA",1
7188_test.jpg,KA,KA,"KA,KU,NA-RAMBAT,KA-TEDONG,GANTUNGAN-KA",1
7189_test.jpg,TU,GU,"GU,TU,U,JU,RU",0
718_test.jpg,TEDONG,TEDONG,"TEDONG,GU,SUKU,SUKU-ILUT,MI",1
7190_test.jpg,WA,WA,"WA,WI,GRA,0,TRA",1
7191_test.jpg,NI,9,"9,I,BI,BA-KEMBANG,A-KARA",0
7192_test.jpg,KA,KA,"KA,KA-TEDONG,KU,NA-RAMBAT,GANTUNGAN-KA",1
7193_test.jpg,SURANG,GUWUNG,"GUWUNG,SURANG,GANTUNGAN-DA,GANTUNGAN-LA,GUWUNG-MACELEK",0
7194_test.jpg,RA,RA,"RA,JA,GANTUNGAN-KA,GA,NA",1
7195_test.jpg,A,A-TEDONG,"A-TEDONG,TA-TEDONG,WA-TEDONG,RA-TEDONG,LA-TEDONG",0
7196_test.jpg,MA,MA,"MA,SA-SAPA,MA-TEDONG,A-KARA,PI",1
7197_test.jpg,RA,RA,"RA,TALENG,CECEK,ADEG-ADEG,ULU",1
7198_test.jpg,NGA,NGA,"NGA,A,DA-TEDONG,GANTUNGAN-NGA,BA",1
7199_test.jpg,SURANG,SURANG,"SURANG,GUWUNG,GANTUNGAN-LA,GANTUNGAN-NA,GUWUNG-MACELEK",1
719_test.jpg,BISAH,BISAH,"BISAH,JU,NU,4,TALENG",1
71_test.jpg,GANTUNGAN-NA,GANTUNGAN-NA,"GANTUNGAN-NA,TALENG,RA,BISAH,2",1
7200_test.jpg,SURANG,SURANG,"SURANG,CECEK,GANTUNGAN-NA,TALENG,BISAH",1
7201_test.jpg,LA,LA,"LA,GANTUNGAN-LA,7,A,SA",1
7202_test.jpg,BISAH,BISAH,"BISAH,4,TALENG,JU,SUKU-ILUT",1
7203_test.jpg,GA,GA,"GA,LA,GANTUNGAN-GA,GU,SA-SAGA",1
7204_test.jpg,DA-TEDONG,DA-TEDONG,"DA-TEDONG,NA-RAMBAT,NA-TEDONG,DA,YA-TEDONG",1
7205_test.jpg,ULU,ULU,"ULU,TALENG,GANTUNGAN-MA,SUKU-KEMBUNG,0",1
7206_test.jpg,TALENG,TALENG,"TALENG,TU,RU,NGU,RA",1
7207_test.jpg,RA,RA,"RA,RA-TEDONG,GANTUNGAN-A,WA,GANTUNGAN-GA",1
7208_test.jpg,CECEK,CECEK,"CECEK,BISAH,ULU,TALENG,TEDONG",1
7209_test.jpg,GANTUNGAN-CA,GANTUNGAN-CA,"GANTUNGAN-CA,GANTUNGAN-A,A,DA-MADU,BA-KEMBANG",1
720_test.jpg,MA,MA,"MA,SA-SAPA,MA-TEDONG,WA,A-KARA",1
7210_test.jpg,NGA,NGA,"NGA,A,GANTUNGAN-NGA,NA-RAMBAT,DA-TEDONG",1
7211_test.jpg,SUKU,SUKU,"SUKU,SUKU-KEMBUNG,PU,NANIA,GANTUNGAN-NA",1
7212_test.jpg,SA,SA,"SA,CA,NA,7,A-KARA",1
7213_test.jpg,ADEG-ADEG,ADEG-ADEG,"ADEG-ADEG,5,RA-TEDONG,RA,RU",1
7214_test.jpg,SURANG,SURANG,"SURANG,GANTUNGAN-MA,GUWUNG,GANTUNGAN-TA-LATIK,GANTUNGAN-LA",1
7215_test.jpg,3,U-KARA,"U-KARA,3,I-KARA,2,LA-LENGA",0
7216_test.jpg,GANTUNGAN-GA,GANTUNGAN-GA,"GANTUNGAN-GA,ULU,GANTUNGAN-A,TEDONG,GANTUNGAN-DA",1
7217_test.jpg,CU,CU,"CU,NU,SU,DU,KU",1
7218_test.jpg,WA,WA,"WA,CA,WA-TEDONG,GANTUNGAN-TA,PA",1
7219_test.jpg,KA,KA,"KA,KU,NA-RAMBAT,KA-TEDONG,GANTUNGAN-BA",1
721_test.jpg,KU,KU,"KU,GU,BU,KNA,KRA",1
7220_test.jpg,ADEG-ADEG,ADEG-ADEG,"ADEG-ADEG,TALENG,NANIA,SUKU,2",1
7221_test.jpg,A,A,"A,U,LA,GANTUNGAN-A,WA-TEDONG",1
7222_test.jpg,SA-SAPA,SA-SAPA,"SA-SAPA,TA-TAWA,GEMPELAN-SA-SAPA,8,A-KARA",1
7223_test.jpg,MA,MA,"MA,SA-SAPA,A-KARA,PI,SA",1
7224_test.jpg,RA,RA,"RA,GANTUNGAN-TA,WA,TEDONG,RA-TEDONG",1
7225_test.jpg,A,A,"A,U,NA-RAMBAT,LA,TA",1
7226_test.jpg,CECEK,CECEK,"CECEK,TALENG,BISAH,ULU,GANTUNGAN-NA",1
7227_test.jpg,SA,SA,"SA,CA,GANTUNGAN-CA,GANTUNGAN-LA,YA",1
7228_test.jpg,PA,PA,"PA,WA,8,GANTUNGAN-TA-LATIK,MA",1
7229_test.jpg,TALENG,TALENG,"TALENG,ADEG-ADEG,BISAH,NANIA,GU",1
722_test.jpg,PEPET,PEPET,"PEPET,GANTUNGAN-MA,JA,ULU-SARI,ULU",1
7230_test.jpg,GANTUNGAN-NYA,NYA,"NYA,GANTUNGAN-NYA,GANTUNGAN-NGA,GANTUNGAN-BA,BA",0
7231_test.jpg,ADEG-ADEG,ADEG-ADEG,"ADEG-ADEG,SUKU,NANIA,GNA,TALENG",1
7232_test.jpg,GA,GA,"GA,TA,KA,NA-RAMBAT,BA",1
7233_test.jpg,JA,JA,"JA,SA-SAGA,JA-TEDONG,GANTUNGAN-NA,RA",1
7234_test.jpg,GANTUNGAN-JA,SURANG,"SURANG,GANTUNGAN-TA-LATIK,GANTUNGAN-TA,CECEK,GANTUNGAN-JA",0
7235_test.jpg,RA,RA,"RA,5,CA,WA,MA",1
7236_test.jpg,ULU,ULU,"ULU,TALENG,GEMPELAN-PA,I,GANTUNGAN-NA",1
7237_test.jpg,BA,NA-RAMBAT,"NA-RAMBAT,BA,NYA,1,GANTUNGAN-NGA",0
7238_test.jpg,WA,WA,"WA,WI,PA,GEMPELAN-PA,0",1
7239_test.jpg,TA,TA,"TA,TA-TEDONG,WA-TEDONG,TU,WA",1
723_test.jpg,TALENG,CECEK,"CECEK,ADEG-ADEG,RA,TALENG,ULU",0
7240_test.jpg,WA,WA,"WA,WI,0,GRA,PI",1
7241_test.jpg,TEDONG,TEDONG,"TEDONG,ULU,GANTUNGAN-GA,ADEG-ADEG,CECEK",1
7242_test.jpg,LA,LA,"LA,GANTUNGAN-LA,7,A,SA",1
7243_test.jpg,GANTUNGAN-BA,LA,"LA,GANTUNGAN-LA,GANTUNGAN-BA,BA,GA-TEDONG",0
7244_test.jpg,LA,LA,"LA,GANTUNGAN-LA,GANTUNGAN-DA,7,8",1
7245_test.jpg,ULU,ULU,"ULU,TEDONG,GANTUNGAN-GA,GUWUNG-MACELEK,ULU-SARI",1
7246_test.jpg,BISAH,BISAH,"BISAH,4,JU,TALENG,ADEG-ADEG",1
7247_test.jpg,BISAH,BISAH,"BISAH,4,MU,JA,JU",1
7248_test.jpg,DI,DI,"DI,I,NGI,NI,BI",1
7249_test.jpg,GANTUNGAN-BA,GANTUNGAN-BA,"GANTUNGAN-BA,BA,TA,RA-TEDONG,GANTUNGAN-LA",1
724_test.jpg,TA,TA,"TA,TU,GANTUNGAN-TA,A,BA",1
7250_test.jpg,0,DA,"DA,0,GANTUNGAN-JA,U-KARA,ULU-SARI",0
7251_test.jpg,PEPET,PEPET,"PEPET,GANTUNGAN-MA,ULU,GANTUNGAN-JA,DA",1
7252_test.jpg,DA,DA,"DA,JA,A,NA,DU",1
7253_test.jpg,PI,MI,"MI,WI,PI,I,LI",0
7254_test.jpg,BISAH,BISAH,"BISAH,4,JU,SUKU,SUKU-ILUT",1
7255_test.jpg,TA,TA,"TA,A,TU,BA,U",1
7256_test.jpg,BA,BA,"BA,KA,NA-RAMBAT,GANTUNGAN-BA,TA",1
7257_test.jpg,JA,JA,"JA,6,E-KARA,PU,DU",1
7258_test.jpg,TEDONG,TEDONG,"TEDONG,4,SUKU-ILUT,0,GANTUNGAN-NA",1
7259_test.jpg,ADEG-ADEG,ADEG-ADEG,"ADEG-ADEG,TALENG,RU,5,RA",1
725_test.jpg,JA,JA,"JA,6,JA-TEDONG,4,RA",1
7260_test.jpg,ADEG-ADEG,ADEG-ADEG,"ADEG-ADEG,TALENG,SURANG,NANIA,BISAH",1
7261_test.jpg,SA,SA,"SA,CA,A-KARA,YA,LA",1
7262_test.jpg,I-KARA,I-KARA,"I-KARA,LA-LENGA,NING,3,KNA",1
7263_test.jpg,NA,NA,"NA,CA,GANTUNGAN-KA,KA,SA",1
7264_test.jpg,SUKU-KEMBUNG,MA,"MA,SA,A-KARA,GUWUNG-MACELEK,NIA",0
7265_test.jpg,PA,LA,"LA,PA,8,SA,PU",0
7266_test.jpg,MA,MA,"MA,SA-SAPA,MA-TEDONG,GEMPELAN-SA-SAPA,PA",1
7267_test.jpg,CECEK,CECEK,"CECEK,SURANG,BISAH,ULU,TALENG",1
7268_test.jpg,ADEG-ADEG,ADEG-ADEG,"ADEG-ADEG,SUKU,NANIA,GNA,RI",1
7269_test.jpg,GANTUNGAN-A,GANTUNGAN-A,"GANTUNGAN-A,GANTUNGAN-GA,A,GANTUNGAN-NGA,GANTUNGAN-DA",1
726_test.jpg,KA,KA,"KA,TA,SA-SAGA,GANTUNGAN-KA,KA-TEDONG",1
7270_test.jpg,U,U,"U,LU,YU,PU,2",1
7271_test.jpg,A-TEDONG,A-TEDONG,"A-TEDONG,TA-TEDONG,A,U,WA-TEDONG",1
7272_test.jpg,NA,NA,"NA,GANTUNGAN-KA,ULU-SARI,ULU-RICEM,DA",1
7273_test.jpg,YA,TU,"TU,GU,KA,NANIA,BA",0
7274_test.jpg,TEDONG,TEDONG,"TEDONG,SUKU,0,GU,SUKU-ILUT",1
7275_test.jpg,MA,MA,"MA,A-KARA,SA-SAPA,GEMPELAN-SA-SAPA,MA-TEDONG",1
7276_test.jpg,SURANG,SURANG,"SURANG,GANTUNGAN-TA-LATIK,GUWUNG,GANTUNGAN-NA,GANTUNGAN-MA",1
7277_test.jpg,GA,GA,"GA,GANTUNGAN-GA,LA,TA,SA-SAGA",1
7278_test.jpg,RA,KU,"KU,NIA,TRA,5,GU",0
7279_test.jpg,SUKU,SUKU,"SUKU,NANIA,ADEG-ADEG,RU,SI",1
727_test.jpg,TA,TA,"TA,KA,SA-SAGA,ULU-SARI,NA-RAMBAT",1
7280_test.jpg,A,A,"A,U,NA-RAMBAT,GANTUNGAN-GA,TA",1
7281_test.jpg,KA,KA,"KA,KU,KA-TEDONG,NA-RAMBAT,SA-SAGA",1
7282_test.jpg,TA,TA,"TA,BA,TU,A,KA",1
7283_test.jpg,YA,YA,"YA,9,LA,ULU-CANDRA,SA",1
7284_test.jpg,GU,GU,"GU,GNA,U,LU,TU",1
7285_test.jpg,2,LA-LENGA,"LA-LENGA,KNA,PAMADA,2,I-KARA",0
7286_test.jpg,GANTUNGAN-LA,GANTUNGAN-LA,"GANTUNGAN-LA,NA-RAMBAT,GANTUNGAN-A,GANTUNGAN-BA,GANTUNGAN-DA",1
7287_test.jpg,TEDONG,TEDONG,"TEDONG,SUKU,GU,ADEG-ADEG,GA",1
7288_test.jpg,TALENG,ADEG-ADEG,"ADEG-ADEG,TALENG,BISAH,NANIA,SUKU",0
7289_test.jpg,TALENG,TALENG,"TALENG,I-KARA,GANTUNGAN-A,U,JU",1
728_test.jpg,KA,KU,"KU,KA,KNA,NIA,NA",0
7290_test.jpg,KA-TEDONG,KA-TEDONG,"KA-TEDONG,NA-TEDONG,KA,DA-TEDONG,KI",1
7291_test.jpg,TA,TA,"TA,TU,A,BA,GANTUNGAN-TA",1
7292_test.jpg,BA,BA,"BA,KA,NA-RAMBAT,TA,SA-SAGA",1
7293_test.jpg,TA,TA,"TA,BA,TU,TA-TEDONG,TI",1
7294_test.jpg,BISAH,BISAH,"BISAH,4,CECEK,TALENG,JU",1
7295_test.jpg,GA,GA,"GA,GANTUNGAN-GA,GU,SA-SAGA,JA",1
7296_test.jpg,KA,KA,"KA,GANTUNGAN-BA,NA-RAMBAT,BA,GANTUNGAN-LA",1
7297_test.jpg,CECEK,CECEK,"CECEK,SUKU,NANIA,ADEG-ADEG,GEMPELAN-PA",1
7298_test.jpg,CECEK,CECEK,"CECEK,ADEG-ADEG,BISAH,TEDONG,GEMPELAN-SA-SAPA",1
7299_test.jpg,ULU,ULU,"ULU,0,ULU-SARI,GANTUNGAN-MA,CECEK",1
729_test.jpg,KNA,KNA,"KNA,NIA,KU,NU,CU",1
72_test.jpg,NYA,NYA,"NYA,GANTUNGAN-NYA,NA-RAMBAT-TEDONG,GANTUNGAN-NGA,GA-TEDONG",1
7300_test.jpg,NA,NA,"NA,GANTUNGAN-KA,NI,DA,KA",1
7301_test.jpg,LA,LA,"LA,A,GANTUNGAN-LA,7,YA",1
7302_test.jpg,GI,GI,"GI,JI,LA-LENGA,WRE,KI",1
7303_test.jpg,GA-TEDONG,GA,"GA,GA-TEDONG,GANTUNGAN-GA,SA-SAGA,LA",0
7304_test.jpg,RA,RA,"RA,MA-TEDONG,MA,RU,NGA",1
7305_test.jpg,DA,PEPET,"PEPET,DA,GANTUNGAN-KA,JA,NA",0
7306_test.jpg,PA,GEMPELAN-PA,"GEMPELAN-PA,PA,GANTUNGAN-A,GANTUNGAN-TA,RA",0
7307_test.jpg,KA,KA,"KA,KA-TEDONG,GANTUNGAN-KA,GANTUNGAN-BA,KU",1
7308_test.jpg,BA,I,"I,TI,BA-KEMBANG,GEMPELAN-SA-SAPA,IA",0
7309_test.jpg,A,A,"A,GANTUNGAN-A,U,GANTUNGAN-NGA,GANTUNGAN-CA",1
730_test.jpg,YA,YA,"YA,9,A,GANTUNGAN-CA,YA-TEDONG",1
7310_test.jpg,U,YU,"YU,U,LU,2,DU",0
7311_test.jpg,LA,LA,"LA,7,PA,GUWUNG-MACELEK,SA",1
7312_test.jpg,TA,TA,"TA,TA-TEDONG,TU,TI,WA-TEDONG",1
7313_test.jpg,SA,SA,"SA,CA,GANTUNGAN-TA,LA,GANTUNGAN-CA",1
7314_test.jpg,SURANG,SURANG,"SURANG,GUWUNG,GANTUNGAN-TA-LATIK,GANTUNGAN-NA,GANTUNGAN-MA",1
7315_test.jpg,KA,KA,"KA,KA-TEDONG,GANTUNGAN-KA,KU,SA-SAGA",1
7316_test.jpg,KA-TEDONG,KA-TEDONG,"KA-TEDONG,KA,NA-TEDONG,DA-TEDONG,GANTUNGAN-KA",1
7317_test.jpg,WU,WU,"WU,PU,U,LU,MU",1
7318_test.jpg,ULU,GANTUNGAN-TA,"GANTUNGAN-TA,0,WA,ULU,GANTUNGAN-CA",0
7319_test.jpg,BA,BA,"BA,NYA,GANTUNGAN-BA,GANTUNGAN-NYA,1",1
731_test.jpg,ADEG-ADEG,ADEG-ADEG,"ADEG-ADEG,RU,TALENG,SUKU,RA",1
7320_test.jpg,SUKU,SUKU,"SUKU,NANIA,SUKU-KEMBUNG,PU,U",1
7321_test.jpg,A,A,"A,U,LA,NGA,TA",1
7322_test.jpg,NGA,NGA,"NGA,GANTUNGAN-A,WA-TEDONG,A,LA-TEDONG",1
7323_test.jpg,NANIA,NANIA,"NANIA,TEDONG,PU,GEMPELAN-PA,IA",1
7324_test.jpg,BISAH,BISAH,"BISAH,TALENG,ADEG-ADEG,4,CECEK",1
7325_test.jpg,NA,NA,"NA,BA-KEMBANG,DA,GANTUNGAN-KA,CA",1
7326_test.jpg,ULU-CANDRA,GUWUNG-MACELEK,"GUWUNG-MACELEK,8,ULU-CANDRA,SUKU-ILUT,4",0
7327_test.jpg,YA,YA,"YA,LA,A,9,NGA",1
7328_test.jpg,CECEK,CECEK,"CECEK,TALENG,SUKU,BISAH,ULU",1
7329_test.jpg,PEPET,PEPET,"PEPET,GANTUNGAN-DA,GANTUNGAN-GA,GANTUNGAN-A,DA",1
732_test.jpg,SUKU,SUKU,"SUKU,NANIA,2,NIA,TALENG",1
7330_test.jpg,GA,GA,"GA,GANTUNGAN-GA,LA,SA-SAGA,TA",1
7331_test.jpg,TALENG,TALENG,"TALENG,NGU,2,RA,ADEG-ADEG",1
7332_test.jpg,TA,TA,"TA,WA,TU,GANTUNGAN-TA,A",1
7333_test.jpg,A,A,"A,U,GA,GANTUNGAN-A,GANTUNGAN-GA",1
7334_test.jpg,WA,WA,"WA,PA,WI,A,GANTUNGAN-TA",1
7335_test.jpg,WA,WA,"WA,PA,WI,TA-TAWA,GUWUNG-MACELEK",1
7336_test.jpg,TEDONG,TEDONG,"TEDONG,GU,JNA,SUKU-ILUT,ULU-SARI",1
7337_test.jpg,RA,RA,"RA,RA-TEDONG,RU,ADEG-ADEG,WA",1
7338_test.jpg,RA-TEDONG,RA-TEDONG,"RA-TEDONG,DU,RA,RI,NU",1
7339_test.jpg,ADEG-ADEG,ADEG-ADEG,"ADEG-ADEG,RA,RU,5,WU",1
733_test.jpg,PEPET,PEPET,"PEPET,GANTUNGAN-GA,GANTUNGAN-MA,GANTUNGAN-DA,6",1
7340_test.jpg,SUKU,SUKU,"SUKU,SUKU-KEMBUNG,NANIA,PU,U",1
7341_test.jpg,JA,JA,"JA,GANTUNGAN-MA,SA-SAGA,ULU-SARI,NA",1
7342_test.jpg,SUKU,SUKU,"SUKU,PU,SUKU-KEMBUNG,TEDONG,MU",1
7343_test.jpg,NYA,NYA,"NYA,GANTUNGAN-NYA,BA,NA-RAMBAT-TEDONG,KA-TEDONG",1
7344_test.jpg,PAMADA,PAMADA,"PAMADA,KNA,LA-LENGA,NIA,KU",1
7345_test.jpg,SUKU-KEMBUNG,TUA,"TUA,NANIA,SUKU-KEMBUNG,MU,WUA",0
7346_test.jpg,TALENG,CECEK,"CECEK,TALENG,ADEG-ADEG,RA,BISAH",0
7347_test.jpg,ULU,GANTUNGAN-TA,"GANTUNGAN-TA,ULU,WA,0,PA",0
7348_test.jpg,GANTUNGAN-A,BA,"BA,DA,GANTUNGAN-BA,GANTUNGAN-NGA,A",0
7349_test.jpg,YA,YA,"YA,YA-TEDONG,9,GANTUNGAN-CA,A",1
734_test.jpg,SURANG,SURANG,"SURANG,GANTUNGAN-MA,GANTUNGAN-TA-LATIK,CECEK,GANTUNGAN-NA",1
7350_test.jpg,YA,YA,"YA,9,SA,GANTUNGAN-CA,GEMPELAN-SA-SAPA",1
7351_test.jpg,SUKU,SUKU,"SUKU,CECEK,PU,TEDONG,MU",1
7352_test.jpg,NANIA,NANIA,"NANIA,GEMPELAN-PA,PA,IA,MA",1
7353_test.jpg,TALENG,TALENG,"TALENG,BISAH,ADEG-ADEG,SURANG,NANIA",1
7354_test.jpg,SUKU,SUKU,"SUKU,4,SUKU-ILUT,GANTUNGAN-TA,3",1
7355_test.jpg,BISAH,BISAH,"BISAH,TALENG,CECEK,GANTUNGAN-NA,4",1
7356_test.jpg,NA-RAMBAT-TEDONG,NA-RAMBAT-TEDONG,"NA-RAMBAT-TEDONG,NA-RAMBAT,GANTUNGAN-NYA,KA-TEDONG,NYA",1
7357_test.jpg,TEDONG,RA,"RA,CECEK,SA,I,GANTUNGAN-NA",0
7358_test.jpg,GANTUNGAN-KA,GANTUNGAN-KA,"GANTUNGAN-KA,NA,BA-KEMBANG,KA,GANTUNGAN-TA",1
7359_test.jpg,TALENG,TALENG,"TALENG,2,JU,SUKU,BISAH",1
735_test.jpg,TU,TU,"TU,TIA,U,TRA,BU",1
7360_test.jpg,RA,RA,"RA,RA-TEDONG,GA,ADEG-ADEG,RU",1
7361_test.jpg,A-TEDONG,NYA,"NYA,KA-TEDONG,TA-TEDONG,GA-TEDONG,A-TEDONG",0
7362_test.jpg,TU,U,"U,LU,IA,A,2",0
7363_test.jpg,SI,SI,"SI,A-KARA,NING,NI,KI",1
7364_test.jpg,PEPET,PEPET,"PEPET,DA,GANTUNGAN-GA,GANTUNGAN-DA,GANTUNGAN-MA",1
7365_test.jpg,CECEK,CECEK,"CECEK,BISAH,ULU,ADEG-ADEG,TEDONG",1
7366_test.jpg,DA,DA,"DA,BA-KEMBANG,DA-MADU,NA,TA-TAWA",1
7367_test.jpg,YU,SU,"SU,YU,MU,U,KU",0
7368_test.jpg,LA,LA,"LA,GANTUNGAN-LA,7,LU,SA",1
7369_test.jpg,DU,DU,"DU,CU,NU,YU,JU",1
736_test.jpg,WRE,WRE,"WRE,WUA,PI,TRA,WI",1
7370_test.jpg,GUWUNG-MACELEK,PA,"PA,GUWUNG-MACELEK,8,LA,GEMPELAN-SA-SAPA",0
7371_test.jpg,GA,GA,"GA,GANTUNGAN-GA,LA,BA,PEPET",1
7372_test.jpg,TA,TA,"TA,GANTUNGAN-JA,WA-TEDONG,TRA,TU",1
7373_test.jpg,TALENG,TALENG,"TALENG,ADEG-ADEG,BISAH,RA,GU",1
7374_test.jpg,TEDONG,TEDONG,"TEDONG,ULU,GU,ADEG-ADEG,RA",1
7375_test.jpg,GANTUNGAN-MA,GANTUNGAN-MA,"GANTUNGAN-MA,PEPET,ULU,SUKU-KEMBUNG,GRA",1
7376_test.jpg,BISAH,BISAH,"BISAH,TALENG,4,JU,CECEK",1
7377_test.jpg,LA,LA,"LA,SA,YA,7,GANTUNGAN-LA",1
7378_test.jpg,BISAH,BISAH,"BISAH,TALENG,CECEK,JU,MU",1
7379_test.jpg,WA,WA,"WA,GANTUNGAN-TA,PA,WA-TEDONG,GEMPELAN-PA",1
737_test.jpg,KA-TEDONG,KA-TEDONG,"KA-TEDONG,NYA,JA-TEDONG,KA,NGA",1
7380_test.jpg,TEDONG,TEDONG,"TEDONG,MI,GU,ADEG-ADEG,SUKU",1
7381_test.jpg,WA,WA,"WA,DA,DA-MADU,MA,TA-TAWA",1
7382_test.jpg,LA,LA,"LA,SA,GUWUNG-MACELEK,7,GANTUNGAN-LA",1
7383_test.jpg,KA,KA,"KA,KA-TEDONG,GANTUNGAN-KA,NA,KU",1
7384_test.jpg,SURANG,SURANG,"SURANG,GANTUNGAN-JA,CECEK,GANTUNGAN-TA-LATIK,GUWUNG",1
7385_test.jpg,WA,WA,"WA,PA,WI,MA-TEDONG,A",1
7386_test.jpg,JA,JA,"JA,6,DA,SA-SAGA,BISAH",1
7387_test.jpg,JA,JA,"JA,JA-TEDONG,SA-SAGA,RA,JU",1
7388_test.jpg,KA,KA,"KA,KA-TEDONG,KU,GANTUNGAN-KA,NA-RAMBAT",1
7389_test.jpg,TU,TU,"TU,TRA,GU,RU,GNA",1
738_test.jpg,TALENG,CECEK,"CECEK,TALENG,BISAH,ADEG-ADEG,RA",0
7390_test.jpg,GU,GU,"GU,RU,GNA,TEDONG,NANIA",1
7391_test.jpg,KA,KA,"KA,KA-TEDONG,KU,GANTUNGAN-KA,GANTUNGAN-BA",1
7392_test.jpg,LA,LA,"LA,GANTUNGAN-LA,SA,7,GA-TEDONG",1
7393_test.jpg,JA,JA,"JA,BISAH,SA-SAGA,KU,RA",1
7394_test.jpg,TEDONG,TEDONG,"TEDONG,ULU-SARI,ULU-RICEM,PEPET,ULU",1
7395_test.jpg,SA,CA,"CA,SA,NA,7,GANTUNGAN-KA",0
7396_test.jpg,ULU,ULU,"ULU,CECEK,ADEG-ADEG,TEDONG,TALENG",1
7397_test.jpg,JA,JA,"JA,RA,DA,JU,6",1
7398_test.jpg,YA,YA,"YA,SA,LA,GANTUNGAN-CA,9",1
7399_test.jpg,ADEG-ADEG,ADEG-ADEG,"ADEG-ADEG,5,RI,WU,RA",1
739_test.jpg,SA,SA,"SA,A-KARA,CA,MA,SI",1
73_test.jpg,YA,YA,"YA,9,LA,7,NGA",1
7400_test.jpg,MA,MA,"MA,MA-TEDONG,SA-SAPA,PI,A-KARA",1
7401_test.jpg,NANIA,NANIA,"NANIA,RU,NIA,IA,TUA",1
7402_test.jpg,LA,LA,"LA,GANTUNGAN-LA,GUWUNG-MACELEK,GA-TEDONG,A",1
7403_test.jpg,A,A,"A,U,LA,TA,GANTUNGAN-GA",1
7404_test.jpg,MA,MA,"MA,NIA,7,SA,PA",1
7405_test.jpg,GA,GA,"GA,GANTUNGAN-GA,TA,BA,NA-RAMBAT",1
7406_test.jpg,SU,SU,"SU,SI,CU,NU,NI",1
7407_test.jpg,SA,SA,"SA,CA,LA,GANTUNGAN-LA,YA",1
7408_test.jpg,PEPET,PEPET,"PEPET,DA,GANTUNGAN-GA,GANTUNGAN-DA,GANTUNGAN-A",1
7409_test.jpg,TA,TA,"TA,KA,GANTUNGAN-TA,TU,BA",1
740_test.jpg,JI,JI,"JI,NI,DI,GI,WI",1
7410_test.jpg,PEPET,PEPET,"PEPET,DA,GANTUNGAN-DA,GANTUNGAN-GA,GANTUNGAN-A",1
7411_test.jpg,TALENG,TALENG,"TALENG,ADEG-ADEG,2,SURANG,NANIA",1
7412_test.jpg,JA,JU,"JU,DU,JA,NU,GRA",0
7413_test.jpg,GA,GA,"GA,TA,KA,LA,BA",1
7414_test.jpg,WA,WA,"WA,0,PA,CA,6",1
7415_test.jpg,GANTUNGAN-NA,GANTUNGAN-NA,"GANTUNGAN-NA,JNA,JA,BISAH,RA",1
7416_test.jpg,SA,SA,"SA,CA,LA,PA,GANTUNGAN-LA",1
7417_test.jpg,YA,9,"9,TA-TAWA,DA,DA-MADU,7",0
7418_test.jpg,GANTUNGAN-TA,GANTUNGAN-TA,"GANTUNGAN-TA,WA,CA,GANTUNGAN-CA,MA",1
7419_test.jpg,SURANG,SURANG,"SURANG,GANTUNGAN-MA,GANTUNGAN-TA-LATIK,TALENG,GUWUNG",1
741_test.jpg,ULU-CANDRA,ULU-CANDRA,"ULU-CANDRA,ULU-RICEM,GEMPELAN-SA-SAPA,8,GUWUNG-MACELEK",1
7420_test.jpg,TA,TA,"TA,GANTUNGAN-TA,TU,A,KA",1
7421_test.jpg,RA,RA,"RA,RU,RA-TEDONG,NGA,MA",1
7422_test.jpg,SUKU,SUKU,"SUKU,GANTUNGAN-NA,PU,4,SU",1
7423_test.jpg,DA,DA,"DA,NA,DA-MADU,TA-TAWA,BA-KEMBANG",1
7424_test.jpg,TU,TU,"TU,TRA,TIA,WU,RU",1
7425_test.jpg,NANIA,NANIA,"NANIA,SUKU,RU,NIA,GU",1
7426_test.jpg,JA,JA,"JA,BISAH,JU,RA,4",1
7427_test.jpg,GANTUNGAN-A,GANTUNGAN-A,"GANTUNGAN-A,GANTUNGAN-DA,GANTUNGAN-GA,6,E-KARA",1
7428_test.jpg,NANIA,NANIA,"NANIA,SUKU,NIA,IA,TALENG",1
7429_test.jpg,ULU-SARI,ULU-SARI,"ULU-SARI,GANTUNGAN-JA,TRA,ULU-RICEM,E-KARA",1
742_test.jpg,RA,RA,"RA,WA,GANTUNGAN-TA,RA-TEDONG,SUKU-ILUT",1
7430_test.jpg,TEDONG,TEDONG,"TEDONG,NU,RA,ADEG-ADEG,NA",1
7431_test.jpg,YA,YA,"YA,LA,9,GANTUNGAN-TA-LATIK,GANTUNGAN-CA",1
7432_test.jpg,DA,DA,"DA,NA,DA-MADU,BA-KEMBANG,E-KARA",1
7433_test.jpg,NANIA,NANIA,"NANIA,RU,IA,SUKU,NIA",1
7434_test.jpg,NA-TEDONG,NA-TEDONG,"NA-TEDONG,KA-TEDONG,DA-TEDONG,KA,RA-TEDONG",1
7435_test.jpg,LA,LA,"LA,GANTUNGAN-LA,7,GA-TEDONG,LA-TEDONG",1
7436_test.jpg,TEDONG,TEDONG,"TEDONG,ULU,CECEK,GU,0",1
7437_test.jpg,SURANG,SURANG,"SURANG,GANTUNGAN-MA,GUWUNG,GANTUNGAN-TA-LATIK,TALENG",1
7438_test.jpg,LA,LA,"LA,SA,GANTUNGAN-LA,7,KA",1
7439_test.jpg,KA,KA,"KA,KU,JA-TEDONG,1,JA",1
743_test.jpg,PEPET,PEPET,"PEPET,GANTUNGAN-MA,ULU,JA,DA",1
7440_test.jpg,SA,SA,"SA,CA,MA,GANTUNGAN-LA,LA",1
7441_test.jpg,PU,PU,"PU,MU,LU,WU,YU",1
7442_test.jpg,PEPET,PEPET,"PEPET,GANTUNGAN-DA,GANTUNGAN-GA,GANTUNGAN-MA,ULU-RICEM",1
7443_test.jpg,GA,GA,"GA,GANTUNGAN-GA,NA-RAMBAT,LA,TA",1
7444_test.jpg,KA,KA,"KA,KA-TEDONG,KU,NA-RAMBAT,GANTUNGAN-KA",1
7445_test.jpg,GA,GA,"GA,GANTUNGAN-GA,NA-RAMBAT,SA-SAGA,TA",1
7446_test.jpg,3,3,"3,2,I-KARA,U-KARA,U",1
7447_test.jpg,YA,YA,"YA,GANTUNGAN-CA,9,A,GANTUNGAN-LA",1
7448_test.jpg,A-KARA,A-KARA,"A-KARA,SA-SAPA,NING,9,KNA",1
7449_test.jpg,BA,1,"1,KA,BA,GANTUNGAN-BA,JA-TEDONG",0
744_test.jpg,PA,PA,"PA,GEMPELAN-PA,SA,8,GEMPELAN-SA-SAPA",1
7450_test.jpg,BISAH,BISAH,"BISAH,4,SUKU-ILUT,TALENG,CECEK",1
7451_test.jpg,GA,GA,"GA,GANTUNGAN-GA,LA,SA-SAGA,GU",1
7452_test.jpg,GANTUNGAN-LA,GANTUNGAN-LA,"GANTUNGAN-LA,NA-RAMBAT,GANTUNGAN-A,GANTUNGAN-DA,GANTUNGAN-BA",1
7453_test.jpg,SA,SA,"SA,MA,LA,GANTUNGAN-LA,CA",1
7454_test.jpg,NANIA,NANIA,"NANIA,NIA,IA,TUA,PAMADA",1
7455_test.jpg,GANTUNGAN-LA,GANTUNGAN-LA,"GANTUNGAN-LA,7,LA,GANTUNGAN-DA,SA",1
7456_test.jpg,TU,TU,"TU,TRA,TIA,KU,BU",1
7457_test.jpg,PA,PA,"PA,GANTUNGAN-TA-LATIK,GUWUNG,SUKU-KEMBUNG,GEMPELAN-PA",1
7458_test.jpg,SA,SA,"SA,CA,A-KARA,NA,SI",1
7459_test.jpg,NU,NU,"NU,CU,KU,NIA,SU",1
745_test.jpg,MA,MA,"MA,MA-TEDONG,SA-SAPA,A-KARA,GEMPELAN-SA-SAPA",1
7460_test.jpg,DA,DA,"DA,BA-KEMBANG,NA,DA-MADU,DA-TEDONG",1
7461_test.jpg,JA,JA,"JA,PEPET,6,GANTUNGAN-DA,BISAH",1
7462_test.jpg,TU,TU,"TU,TRA,TIA,RU,TUA",1
7463_test.jpg,TALENG,TALENG,"TALENG,ADEG-ADEG,BISAH,NANIA,SUKU",1
7464_test.jpg,A,A,"A,U,GANTUNGAN-A,GANTUNGAN-CA,GA",1
7465_test.jpg,NGA,NGA,"NGA,A,GANTUNGAN-NGA,WA-TEDONG,A-TEDONG",1
7466_test.jpg,TALENG,TALENG,"TALENG,CECEK,SUKU,ADEG-ADEG,RU",1
7467_test.jpg,A,A,"A,GANTUNGAN-A,U,NA-RAMBAT,GANTUNGAN-GA",1
7468_test.jpg,YA,YA,"YA,9,YA-TEDONG,A,GANTUNGAN-CA",1
7469_test.jpg,KI,KI,"KI,NI,KA,BI,KA-TEDONG",1
746_test.jpg,BISAH,BISAH,"BISAH,ADEG-ADEG,TALENG,SUKU,4",1
7470_test.jpg,TALENG,TALENG,"TALENG,BISAH,ADEG-ADEG,DU,GANTUNGAN-NA",1
7471_test.jpg,DA,DA,"DA,TA-TAWA,GUWUNG-MACELEK,NA,DA-MADU",1
7472_test.jpg,SA,SA,"SA,MA,LA,CA,A-KARA",1
7473_test.jpg,TA,TA,"TA,TI,TU,GANTUNGAN-TA,A",1
7474_test.jpg,A,A,"A,GA,NA-RAMBAT,LA,U",1
7475_test.jpg,GANTUNGAN-NA,GANTUNGAN-NA,"GANTUNGAN-NA,GU,ULU-SARI,JA,SA-SAGA",1
7476_test.jpg,GANTUNGAN-CA,GANTUNGAN-CA,"GANTUNGAN-CA,GANTUNGAN-TA,GANTUNGAN-TA-LATIK,6,GUWUNG-MACELEK",1
7477_test.jpg,JNA,GNA,"GNA,ADEG-ADEG,RI,2,LA-LENGA",0
7478_test.jpg,SA,SA,"SA,CA,GANTUNGAN-LA,7,LA",1
7479_test.jpg,BA,BA,"BA,NA-RAMBAT,GANTUNGAN-BA,KA,TA",1
747_test.jpg,SUKU,SUKU,"SUKU,GANTUNGAN-NA,PU,NANIA,GEMPELAN-PA",1
7480_test.jpg,TA,TA,"TA,BA,TU,TI,KA",1
7481_test.jpg,BISAH,BISAH,"BISAH,4,TALENG,GANTUNGAN-NA,CECEK",1
7482_test.jpg,LI,LI,"LI,7,SI,PI,1",1
7483_test.jpg,0,7,"7,1,0,WA,GRA",0
7484_test.jpg,LA-LENGA,NING,"NING,LA-LENGA,PAMADA,TUA,WRE",0
7485_test.jpg,SA,SA,"SA,GANTUNGAN-LA,SU,LA,SI",1
7486_test.jpg,JI,JI,"JI,U-KARA,LA-LENGA,3,WUA",1
7487_test.jpg,ADEG-ADEG,ADEG-ADEG,"ADEG-ADEG,SUKU,NANIA,GNA,RI",1
7488_test.jpg,1,1,"1,GANTUNGAN-BA,BI,BA,NYA",1
7489_test.jpg,TEDONG,TEDONG,"TEDONG,GU,SUKU-KEMBUNG,ULU,NU",1
748_test.jpg,KU,KU,"KU,KRA,NIA,KNA,NU",1
7490_test.jpg,PA,PA,"PA,MA,8,GANTUNGAN-TA,SA",1
7491_test.jpg,BISAH,BISAH,"BISAH,CECEK,TALENG,4,ADEG-ADEG",1
7492_test.jpg,DA,DA,"DA,NA,DA-MADU,BA-KEMBANG,TA-TAWA",1
7493_test.jpg,RA,RA,"RA,RU,NGA,RA-TEDONG,WU",1
7494_test.jpg,GANTUNGAN-BA,BA,"BA,GANTUNGAN-NGA,NA-RAMBAT,GANTUNGAN-BA,NYA",0
7495_test.jpg,TA,TA,"TA,TU,A,TI,BA",1
7496_test.jpg,BISAH,BISAH,"BISAH,CECEK,4,NU,SU",1
7497_test.jpg,SA,SA,"SA,A-KARA,GEMPELAN-SA-SAPA,CA,LA",1
7498_test.jpg,SA,SA,"SA,CA,NA,SI,KA",1
7499_test.jpg,SUKU,SUKU,"SUKU,GANTUNGAN-NA,ADEG-ADEG,PU,RI",1
749_test.jpg,PA,PA,"PA,8,GEMPELAN-PA,SA,GANTUNGAN-TA-LATIK",1
74_test.jpg,GUWUNG,GUWUNG,"GUWUNG,SUKU-KEMBUNG,0,BRA,PA",1
7500_test.jpg,TEDONG,TEDONG,"TEDONG,GANTUNGAN-GA,GA,RA,GU",1
7501_test.jpg,RA,RA,"RA,GANTUNGAN-TA,GANTUNGAN-A,MA-TEDONG,MA",1
7502_test.jpg,JU,JU,"JU,NU,BISAH,GRA,TEDONG",1
7503_test.jpg,BISAH,BISAH,"BISAH,4,ADEG-ADEG,TALENG,JU",1
7504_test.jpg,A,LA,"LA,7,SA,GANTUNGAN-LA,YA",0
7505_test.jpg,MA,MA,"MA,NANIA,PA,GEMPELAN-PA,GEMPELAN-SA-SAPA",1
7506_test.jpg,DA,DA,"DA,NA,TA-TAWA,DA-MADU,JA",1
7507_test.jpg,NA,NA,"NA,GANTUNGAN-KA,KA,MA,JNA",1
7508_test.jpg,NGA,NGA,"NGA,GANTUNGAN-NGA,A,GANTUNGAN-BA,BA",1
7509_test.jpg,A,A,"A,U,GANTUNGAN-A,PA,GANTUNGAN-CA",1
750_test.jpg,BISAH,BISAH,"BISAH,4,TALENG,CECEK,JU",1
7510_test.jpg,TA,TA,"TA,A,BA,TU,WA",1
7511_test.jpg,NA,NA,"NA,BA-KEMBANG,CA,DA,SA",1
7512_test.jpg,LA,LA,"LA,PA,SA,GANTUNGAN-LA,GANTUNGAN-GA",1
7513_test.jpg,RA,RA,"RA,GANTUNGAN-GA,GA,RA-TEDONG,WA",1
7514_test.jpg,WU,WU,"WU,PU,WUA,CU,WRE",1
7515_test.jpg,KA,KA,"KA,KA-TEDONG,KU,NA-RAMBAT,SA-SAGA",1
7516_test.jpg,GU,GU,"GU,GNA,TU,U,RU",1
7517_test.jpg,TU,TU,"TU,TRA,GU,U,RU",1
7518_test.jpg,NA,NA,"NA,NA-TEDONG,GANTUNGAN-KA,KA,DA",1
7519_test.jpg,A,A,"A,NA-RAMBAT,U,GANTUNGAN-GA,GA",1
751_test.jpg,BA,BA,"BA,TA,GANTUNGAN-BA,A,TI",1
7520_test.jpg,NANIA,NANIA,"NANIA,SUKU,ADEG-ADEG,IA,NIA",1
7521_test.jpg,RA,RA,"RA,ULU,MA-TEDONG,CECEK,MA",1
7522_test.jpg,PAMADA,PAMADA,"PAMADA,NIA,NANIA,NING,A-KARA",1
7523_test.jpg,TALENG,TALENG,"TALENG,2,U,I-KARA,WU",1
7524_test.jpg,YA,YA,"YA,A,GANTUNGAN-CA,GANTUNGAN-A,9",1
7525_test.jpg,TEDONG,TEDONG,"TEDONG,GA,RA,ADEG-ADEG,0",1
7526_test.jpg,NANIA,NANIA,"NANIA,GEMPELAN-PA,SUKU-KEMBUNG,PA,IA",1
7527_test.jpg,NA,NA,"NA,GANTUNGAN-KA,BA-KEMBANG,KA,DA",1
7528_test.jpg,JA,JA,"JA,SA-SAGA,JA-TEDONG,DA,KA",1
7529_test.jpg,CECEK,CECEK,"CECEK,SURANG,GANTUNGAN-NA,TALENG,BISAH",1
752_test.jpg,BA,BA,"BA,NA-RAMBAT,GANTUNGAN-BA,KA,NGA",1
7530_test.jpg,BISAH,BISAH,"BISAH,CECEK,TALENG,SURANG,GANTUNGAN-NA",1
7531_test.jpg,SA,SA,"SA,CA,LA,7,GEMPELAN-SA-SAPA",1
7532_test.jpg,JA,JA,"JA,SA-SAGA,GANTUNGAN-GA,GANTUNGAN-NA,RA",1
7533_test.jpg,SUKU,SUKU,"SUKU,GANTUNGAN-NA,2,MU,PU",1
7534_test.jpg,YA,YA,"YA,9,LA,A,GANTUNGAN-NGA",1
7535_test.jpg,LA,LA,"LA,GANTUNGAN-LA,7,A,GA-TEDONG",1
7536_test.jpg,ULU,ULU,"ULU,TEDONG,GEMPELAN-PA,SUKU-KEMBUNG,GA",1
7537_test.jpg,NU,NU,"NU,KU,DU,NIA,CU",1
7538_test.jpg,PA,PA,"PA,MA,GEMPELAN-PA,NANIA,GUWUNG",1
7539_test.jpg,BA,BA,"BA,NA-RAMBAT,GANTUNGAN-BA,KA,NGA",1
753_test.jpg,SURANG,SURANG,"SURANG,GANTUNGAN-MA,GUWUNG,GANTUNGAN-TA-LATIK,PEPET",1
7540_test.jpg,BI,DI,"DI,NI,SI,NGI,4",0
7541_test.jpg,PEPET,PEPET,"PEPET,GANTUNGAN-MA,SUKU-KEMBUNG,ULU,GANTUNGAN-TA-LATIK",1
7542_test.jpg,NA,NA,"NA,GANTUNGAN-KA,CA,BA-KEMBANG,KA",1
7543_test.jpg,TALENG,TALENG,"TALENG,BISAH,ADEG-ADEG,SUKU,GU",1
7544_test.jpg,LU,LU,"LU,YU,SU,MU,U",1
7545_test.jpg,MA,MA,"MA,SA-SAPA,GEMPELAN-SA-SAPA,PA,MA-TEDONG",1
7546_test.jpg,SURANG,SURANG,"SURANG,GANTUNGAN-TA,CECEK,GANTUNGAN-TA-LATIK,SA",1
7547_test.jpg,BA,BA,"BA,GA,TA,GANTUNGAN-BA,LA",1
7548_test.jpg,TALENG,TALENG,"TALENG,CECEK,ULU,GU,U",1
7549_test.jpg,CECEK,CECEK,"CECEK,TALENG,ULU,BISAH,TEDONG",1
754_test.jpg,JA,JA,"JA,GANTUNGAN-MA,GANTUNGAN-GA,RA,SA-SAGA",1
7550_test.jpg,ULU,ULU,"ULU,GANTUNGAN-MA,SUKU-KEMBUNG,PEPET,GANTUNGAN-GA",1
7551_test.jpg,ULU,ULU,"ULU,TALENG,GANTUNGAN-TA,CECEK,DA",1
7552_test.jpg,GA,GA,"GA,GANTUNGAN-GA,LA,BA,GU",1
7553_test.jpg,KNA,KNA,"KNA,NIA,KU,NING,LA-LENGA",1
7554_test.jpg,TALENG,TALENG,"TALENG,U,GANTUNGAN-A,I-KARA,DU",1
7555_test.jpg,TEDONG,TEDONG,"TEDONG,RA,ULU,GANTUNGAN-GA,ULU-SARI",1
7556_test.jpg,ULU,ULU,"ULU,GANTUNGAN-GA,GA,GU,GANTUNGAN-MA",1
7557_test.jpg,KA,KA,"KA,KU,NA-RAMBAT,BA,1",1
7558_test.jpg,SURANG,SURANG,"SURANG,GANTUNGAN-MA,GANTUNGAN-TA-LATIK,TALENG,GANTUNGAN-LA",1
7559_test.jpg,JA,JA,"JA,SA-SAGA,6,RA,JA-TEDONG",1
755_test.jpg,SURANG,SURANG,"SURANG,GUWUNG,GANTUNGAN-TA-LATIK,GANTUNGAN-LA,GANTUNGAN-MA",1
7560_test.jpg,JA,JA,"JA,BISAH,DA,JU,RA",1
7561_test.jpg,CECEK,CECEK,"CECEK,ADEG-ADEG,BISAH,TALENG,RA",1
7562_test.jpg,NANIA,NANIA,"NANIA,GANTUNGAN-NA,SUKU,2,NIA",1
7563_test.jpg,WA,GANTUNGAN-TA,"GANTUNGAN-TA,WA,GANTUNGAN-A,LA-TEDONG,MA-TEDONG",0
7564_test.jpg,YA,YA,"YA,LA,GANTUNGAN-CA,SA,A",1
7565_test.jpg,KA-TEDONG,KA-TEDONG,"KA-TEDONG,NA-TEDONG,KA,GA-TEDONG,KI",1
7566_test.jpg,TEDONG,TEDONG,"TEDONG,SUKU,SUKU-ILUT,4,0",1
7567_test.jpg,ADEG-ADEG,5,"5,ADEG-ADEG,TALENG,GNA,RI",0
7568_test.jpg,SUKU,SUKU,"SUKU,SUKU-KEMBUNG,PU,GANTUNGAN-NA,TEDONG",1
7569_test.jpg,PEPET,PEPET,"PEPET,GANTUNGAN-GA,ULU,GANTUNGAN-MA,ULU-SARI",1
756_test.jpg,WA,WA,"WA,WI,TRA,GUWUNG-MACELEK,GANTUNGAN-JA",1
7570_test.jpg,MA,MA,"MA,SA-SAPA,A-KARA,MA-TEDONG,PI",1
7571_test.jpg,GANTUNGAN-MA,GANTUNGAN-MA,"GANTUNGAN-MA,GANTUNGAN-TA-LATIK,GEMPELAN-SA-SAPA,GUWUNG-MACELEK,U-KARA",1
7572_test.jpg,NANIA,NANIA,"NANIA,TIA,IA,TUA,TRA",1
7573_test.jpg,MA,MA,"MA,SA-SAPA,A-KARA,PI,MA-TEDONG",1
7574_test.jpg,JA,PEPET,"PEPET,ADEG-ADEG,JA-TEDONG,ULU-SARI,SA-SAGA",0
7575_test.jpg,A,A,"A,NA-RAMBAT,U,GANTUNGAN-GA,GANTUNGAN-NGA",1
7576_test.jpg,JA,JA,"JA,RA,NA,SA-SAGA,ULU-SARI",1
7577_test.jpg,LA,LA,"LA,GANTUNGAN-GA,GANTUNGAN-LA,SA,GA-TEDONG",1
7578_test.jpg,JA,JA,"JA,6,JU,E-KARA,BISAH",1
7579_test.jpg,A,A,"A,U,LA,TA,GANTUNGAN-GA",1
757_test.jpg,NGA,NGA,"NGA,GANTUNGAN-NGA,A,DA,TA-TAWA",1
7580_test.jpg,0,0,"0,SUKU-ILUT,CECEK,4,PA",1
7581_test.jpg,YA,YA,"YA,GANTUNGAN-CA,9,SA,ULU-CANDRA",1
7582_test.jpg,NANIA,NANIA,"NANIA,TIA,IA,NIA,PAMADA",1
7583_test.jpg,RA,RA,"RA,WA,RA-TEDONG,GANTUNGAN-TA,RU",1
7584_test.jpg,DA,DA,"DA,SA-SAGA,JA,NA,ULU-SARI",1
7585_test.jpg,SA,SA,"SA,SU,7,NIA,CA",1
7586_test.jpg,SUKU,SUKU,"SUKU,NANIA,ADEG-ADEG,GANTUNGAN-NA,NIA",1
7587_test.jpg,GUWUNG,GUWUNG,"GUWUNG,GUWUNG-MACELEK,GANTUNGAN-LA,NANIA,ULU-CANDRA",1
7588_test.jpg,MA,MA,"MA,MA-TEDONG,PA,SA-SAPA,8",1
7589_test.jpg,NGA,WA-TEDONG,"WA-TEDONG,NGA,RA,RA-TEDONG,A-TEDONG",0
758_test.jpg,SUKU,SUKU,"SUKU,GANTUNGAN-NA,PU,TEDONG,SUKU-KEMBUNG",1
7590_test.jpg,JA,JA,"JA,6,I-KARA,E-KARA,JA-TEDONG",1
7591_test.jpg,KA,KA,"KA,KA-TEDONG,GANTUNGAN-KA,KU,NA-RAMBAT",1
7592_test.jpg,KA,KA,"KA,BA,KU,NA-RAMBAT,JA",1
7593_test.jpg,CECEK,CECEK,"CECEK,ULU,TALENG,BISAH,SUKU",1
7594_test.jpg,NGA,NGA,"NGA,WA-TEDONG,A,GANTUNGAN-A,GANTUNGAN-NGA",1
7595_test.jpg,WA,GANTUNGAN-TA,"GANTUNGAN-TA,WA,GANTUNGAN-JA,TA,WA-TEDONG",0
7596_test.jpg,NANIA,NANIA,"NANIA,IA,NIA,PAMADA,TUA",1
7597_test.jpg,ULU,ULU,"ULU,0,ULU-SARI,GANTUNGAN-MA,SUKU-KEMBUNG",1
7598_test.jpg,CECEK,CECEK,"CECEK,BISAH,TALENG,ULU,GANTUNGAN-NA",1
7599_test.jpg,TEDONG,TEDONG,"TEDONG,SUKU,GU,MI,GANTUNGAN-NA",1
759_test.jpg,NA,GANTUNGAN-KA,"GANTUNGAN-KA,NA,DA,ULU-SARI,BA-KEMBANG",0
75_test.jpg,WA,WA,"WA,GANTUNGAN-TA,WA-TEDONG,TA-TAWA,GANTUNGAN-JA",1
7600_test.jpg,TEDONG,TEDONG,"TEDONG,JNA,4,MI,RA",1
7601_test.jpg,DA,NA,"NA,DA,ULU-SARI,SA-SAGA,JA",0
7602_test.jpg,JA,JA,"JA,SA-SAGA,RA,NA,GANTUNGAN-GA",1
7603_test.jpg,DA,DA,"DA,BA-KEMBANG,I,A,MA-TEDONG",1
7604_test.jpg,CECEK,CECEK,"CECEK,SURANG,GANTUNGAN-NA,4,BISAH",1
7605_test.jpg,NA,NA,"NA,GANTUNGAN-KA,KA,DA,BA-KEMBANG",1
7606_test.jpg,I,I,"I,A,BI,TI,GI",1
7607_test.jpg,LA,LA,"LA,GANTUNGAN-LA,A,GANTUNGAN-NGA,YA",1
7608_test.jpg,SA,SA,"SA,CA,A-KARA,LA,MA",1
7609_test.jpg,NA-RAMBAT-TEDONG,NA-RAMBAT-TEDONG,"NA-RAMBAT-TEDONG,NYA,GANTUNGAN-NYA,KA-TEDONG,A-TEDONG",1
760_test.jpg,NA-RAMBAT,NA-RAMBAT,"NA-RAMBAT,NA-RAMBAT-TEDONG,GANTUNGAN-NYA,BU,A",1
7610_test.jpg,TU,TU,"TU,TRA,U,TIA,IA",1
7611_test.jpg,GA-TEDONG,GA,"GA,GA-TEDONG,GANTUNGAN-GA,TA-TEDONG,WA",0
7612_test.jpg,TIA,TIA,"TIA,ULU-CANDRA,WU,IA,GUWUNG-MACELEK",1
7613_test.jpg,KA,KA,"KA,BA,NA-RAMBAT,GANTUNGAN-BA,KA-TEDONG",1
7614_test.jpg,RA,RA,"RA,GANTUNGAN-TA,WA,CECEK,TALENG",1
7615_test.jpg,SA-SAGA,SA-SAGA,"SA-SAGA,KA,TA,ULU-SARI,NA-RAMBAT",1
7616_test.jpg,GA,GA,"GA,GU,GANTUNGAN-GA,SA-SAGA,LA",1
7617_test.jpg,JNA,JI,"JI,GNA,NGI,LA-LENGA,JNA",0
7618_test.jpg,RA,RA,"RA,MA-TEDONG,WA-TEDONG,MA,RA-TEDONG",1
7619_test.jpg,TA,TA,"TA,A,TU,BA,GANTUNGAN-TA",1
761_test.jpg,MA,MA,"MA,SA-SAPA,GEMPELAN-SA-SAPA,MA-TEDONG,PA",1
7620_test.jpg,NGA,A,"A,NGA,YA,GA-TEDONG,9",0
7621_test.jpg,LA,LA,"LA,GANTUNGAN-LA,7,PA,SA",1
7622_test.jpg,KA,KA,"KA,KU,KA-TEDONG,NA-RAMBAT,A",1
7623_test.jpg,PEPET,PEPET,"PEPET,ULU,GANTUNGAN-MA,TA,DA",1
7624_test.jpg,JA-TEDONG,JA-TEDONG,"JA-TEDONG,NA,3,KU,CA",1
7625_test.jpg,PEPET,PEPET,"PEPET,GANTUNGAN-GA,6,GA,GANTUNGAN-DA",1
7626_test.jpg,CECEK,CECEK,"CECEK,ADEG-ADEG,TALENG,BISAH,TEDONG",1
7627_test.jpg,SA-SAGA,SA-SAGA,"SA-SAGA,JA,ULU-SARI,KA,JA-TEDONG",1
7628_test.jpg,KA,KA,"KA,KU,KA-TEDONG,NA-RAMBAT,GANTUNGAN-KA",1
7629_test.jpg,ULU,ULU,"ULU,0,GANTUNGAN-GA,GANTUNGAN-MA,PA",1
762_test.jpg,KNA,KNA,"KNA,KU,NIA,NU,ADEG-ADEG",1
7630_test.jpg,KU,KU,"KU,GU,BU,NA-RAMBAT,KRA",1
7631_test.jpg,NA,NA,"NA,DA,GANTUNGAN-KA,BA-KEMBANG,KA",1
7632_test.jpg,KU,KU,"KU,KNA,KA,NIA,KRA",1
7633_test.jpg,TA-TEDONG,TA-TEDONG,"TA-TEDONG,NYA,A-TEDONG,KA-TEDONG,RA-TEDONG",1
7634_test.jpg,ADEG-ADEG,ADEG-ADEG,"ADEG-ADEG,5,GNA,RI,NANIA",1
7635_test.jpg,A,A,"A,U,NA-RAMBAT,GANTUNGAN-GA,GANTUNGAN-A",1
7636_test.jpg,SURANG,SURANG,"SURANG,GANTUNGAN-MA,GANTUNGAN-TA-LATIK,PEPET,GUWUNG",1
7637_test.jpg,RU,RU,"RU,WU,TU,NGU,U",1
7638_test.jpg,BISAH,BISAH,"BISAH,TALENG,ADEG-ADEG,CECEK,JU",1
7639_test.jpg,TA,TA,"TA,TU,TI,A,TA-TEDONG",1
763_test.jpg,LA,LA,"LA,LA-TEDONG,7,GA-TEDONG,GANTUNGAN-LA",1
7640_test.jpg,SURANG,SURANG,"SURANG,GANTUNGAN-MA,GANTUNGAN-NA,GUWUNG,GANTUNGAN-TA-LATIK",1
7641_test.jpg,NA,NA,"NA,DA,BA-KEMBANG,GANTUNGAN-KA,KA",1
7642_test.jpg,MA,MA,"MA,4,SA-SAPA,A-KARA,MA-TEDONG",1
7643_test.jpg,YU,YU,"YU,SU,LU,CU,MU",1
7644_test.jpg,NGA,NGA,"NGA,A,GANTUNGAN-NGA,NA-RAMBAT,GANTUNGAN-BA",1
7645_test.jpg,GRA,GRA,"GRA,BRA,KRA,SUKU-KEMBUNG,TRA",1
7646_test.jpg,JA,JA,"JA,GU,JU,RA,LU",1
7647_test.jpg,A-KARA,A-KARA,"A-KARA,SA,CA,DA-MADU,MA",1
7648_test.jpg,BA,BA,"BA,1,GANTUNGAN-BA,NA-RAMBAT,GANTUNGAN-NGA",1
7649_test.jpg,A,A,"A,U,GA,NA-RAMBAT,LA",1
764_test.jpg,DA,DA,"DA,NA,DU,I-KARA,DA-MADU",1
7650_test.jpg,NGA,NGA,"NGA,A,TA-TAWA,SA-SAPA,GANTUNGAN-NGA",1
7651_test.jpg,A,A,"A,U,NA-RAMBAT,LA,GANTUNGAN-GA",1
7652_test.jpg,ULU,ULU,"ULU,TALENG,GANTUNGAN-KA,GANTUNGAN-A,PEPET",1
7653_test.jpg,KU,KU,"KU,KRA,NIA,NU,KNA",1
7654_test.jpg,TA,TA,"TA,GA,BA,NA-RAMBAT,A",1
7655_test.jpg,SUKU,SUKU,"SUKU,PU,NANIA,SUKU-KEMBUNG,TALENG",1
7656_test.jpg,SURANG,SURANG,"SURANG,GANTUNGAN-TA-LATIK,GANTUNGAN-MA,TALENG,GANTUNGAN-NA",1
7657_test.jpg,SURANG,SURANG,"SURANG,GANTUNGAN-NA,CECEK,GANTUNGAN-LA,8",1
7658_test.jpg,ADEG-ADEG,ADEG-ADEG,"ADEG-ADEG,SUKU,RI,5,GNA",1
7659_test.jpg,A,A,"A,U,GANTUNGAN-A,LA,YA",1
765_test.jpg,JA,JA,"JA,DA,BISAH,GANTUNGAN-KA,JA-TEDONG",1
7660_test.jpg,A,A,"A,U,GANTUNGAN-A,LA,GA",1
7661_test.jpg,CECEK,CECEK,"CECEK,ULU,SUKU,BISAH,TALENG",1
7662_test.jpg,2,1,"1,2,KU,3,NGA",0
7663_test.jpg,CECEK,CECEK,"CECEK,SURANG,TALENG,GANTUNGAN-NA,ULU",1
7664_test.jpg,CECEK,CECEK,"CECEK,BISAH,TALENG,GANTUNGAN-NA,SUKU",1
7665_test.jpg,BA,BA,"BA,NA-RAMBAT,1,GANTUNGAN-BA,NYA",1
7666_test.jpg,SU,SU,"SU,CU,SI,YU,NU",1
7667_test.jpg,RA,NGA,"NGA,JA-TEDONG,NA-RAMBAT,RA,I-KARA",0
7668_test.jpg,TA,TA,"TA,TA-TEDONG,TU,TI,A",1
7669_test.jpg,ADEG-ADEG,ADEG-ADEG,"ADEG-ADEG,TEDONG,NANIA,SUKU,RA",1
766_test.jpg,MA,MA,"MA,SA-SAPA,A-KARA,GEMPELAN-SA-SAPA,MA-TEDONG",1
7670_test.jpg,TALENG,TALENG,"TALENG,NGU,2,BU,U",1
7671_test.jpg,ULU,ULU,"ULU,GANTUNGAN-MA,GANTUNGAN-GA,PEPET,0",1
7672_test.jpg,RA-TEDONG,RA,"RA,NGA,RA-TEDONG,RU,NA",0
7673_test.jpg,SA,SA,"SA,CA,NA,7,MA",1
767_test.jpg,MA,7,"7,SA,A-KARA,MA,9",0
768_test.jpg,YA,YA,"YA,A,LA,GANTUNGAN-LA,GANTUNGAN-TA-LATIK",1
769_test.jpg,TEDONG,TEDONG,"TEDONG,SUKU-ILUT,GU,4,0",1
76_test.jpg,A-KARA,A-KARA,"A-KARA,SA,SI,NING,CA",1
770_test.jpg,BA,BA,"BA,GANTUNGAN-BA,NA-RAMBAT,BU,NYA",1
771_test.jpg,RI,RI,"RI,WI,NGI,DU,NU",1
772_test.jpg,CECEK,CECEK,"CECEK,ULU,BISAH,TALENG,TEDONG",1
773_test.jpg,YA,YA,"YA,LA,SA,GANTUNGAN-TA-LATIK,ULU-CANDRA",1
774_test.jpg,WA,WA,"WA,PA,GANTUNGAN-TA,TA-TAWA,WI",1
775_test.jpg,NGA,NGA,"NGA,BA,GANTUNGAN-BA,A-KARA,NYA",1
776_test.jpg,SURANG,SURANG,"SURANG,GANTUNGAN-MA,GUWUNG,GUWUNG-MACELEK,PEPET",1
777_test.jpg,A,A,"A,U,GA,NA-RAMBAT,BA",1
778_test.jpg,RA,RA,"RA,RA-TEDONG,WA,MA,GANTUNGAN-TA",1
779_test.jpg,ULU,ULU,"ULU,GANTUNGAN-MA,TALENG,PEPET,0",1
77_test.jpg,GA,GA,"GA,GANTUNGAN-GA,LA,SA-SAGA,BA",1
780_test.jpg,NYA,NYA,"NYA,GANTUNGAN-NYA,NA-RAMBAT-TEDONG,KA-TEDONG,GA-TEDONG",1
781_test.jpg,LA,LA,"LA,GANTUNGAN-LA,7,GA-TEDONG,SA",1
782_test.jpg,LA,LA,"LA,GA-TEDONG,GANTUNGAN-LA,7,SA",1
783_test.jpg,MA-TEDONG,MA-TEDONG,"MA-TEDONG,RA,MA,NANIA,GEMPELAN-SA-SAPA",1
784_test.jpg,MA,MA,"MA,WA,ULU,PA,GANTUNGAN-TA-TAWA",1
785_test.jpg,BISAH,BISAH,"BISAH,ADEG-ADEG,TALENG,CECEK,SURANG",1
786_test.jpg,LA,LA,"LA,GANTUNGAN-LA,7,SA,GA-TEDONG",1
787_test.jpg,TALENG,TALENG,"TALENG,U,GANTUNGAN-A,TU,GANTUNGAN-DA",1
788_test.jpg,GANTUNGAN-NGA,GANTUNGAN-NGA,"GANTUNGAN-NGA,NGA,A,NA-RAMBAT,GANTUNGAN-BA",1
789_test.jpg,RU,RU,"RU,TU,WU,SUKU,GU",1
78_test.jpg,YA,YA,"YA,LA,GANTUNGAN-TA-LATIK,A,ULU-CANDRA",1
790_test.jpg,NA,NA,"NA,GANTUNGAN-KA,KA,DA,JA",1
791_test.jpg,A,A,"A,NA-RAMBAT,BA,GANTUNGAN-GA,GANTUNGAN-LA",1
792_test.jpg,RA,RA,"RA,MA-TEDONG,GANTUNGAN-A,A,NANIA",1
793_test.jpg,TALENG,TALENG,"TALENG,GANTUNGAN-A,RA,DA,ULU",1
794_test.jpg,JA,JA,"JA,JU,RA,BISAH,NA",1
795_test.jpg,LA,LA,"LA,GANTUNGAN-LA,7,GUWUNG-MACELEK,SA",1
796_test.jpg,BA,BA,"BA,KA,NA-RAMBAT,GANTUNGAN-BA,KU",1
797_test.jpg,CECEK,CECEK,"CECEK,BISAH,GANTUNGAN-NA,TALENG,SU",1
798_test.jpg,SUKU,SUKU,"SUKU,GANTUNGAN-NA,TALENG,2,GANTUNGAN-KA",1
799_test.jpg,RA,RA,"RA,RU,NGA,RA-TEDONG,I-KARA",1
79_test.jpg,SUKU,SUKU,"SUKU,GANTUNGAN-NA,PU,ADEG-ADEG,SU",1
7_test.jpg,SA,SA,"SA,CA,A-KARA,MA,LA",1
800_test.jpg,TA,TA,"TA,TU,BA,TI,KA",1
801_test.jpg,MA,MA,"MA,SA-SAPA,A-KARA,MA-TEDONG,GEMPELAN-SA-SAPA",1
802_test.jpg,KA,KA,"KA,BA,NA-RAMBAT,SA-SAGA,KU",1
803_test.jpg,JA,JA,"JA,JU,KU,DU,1",1
804_test.jpg,SURANG,SURANG,"SURANG,GANTUNGAN-MA,GUWUNG,GUWUNG-MACELEK,GANTUNGAN-TA-LATIK",1
805_test.jpg,GA,GA,"GA,SA-SAGA,GANTUNGAN-GA,LA,NA-RAMBAT",1
806_test.jpg,DA,DA,"DA,NA,BA-KEMBANG,DA-MADU,GANTUNGAN-KA",1
807_test.jpg,MA,MA,"MA,SA-SAPA,GEMPELAN-SA-SAPA,PA,MA-TEDONG",1
808_test.jpg,SURANG,GUWUNG,"GUWUNG,SUKU,SURANG,PA,NANIA",0
809_test.jpg,GANTUNGAN-TA,GANTUNGAN-TA,"GANTUNGAN-TA,GANTUNGAN-A,TA,GANTUNGAN-KA,GANTUNGAN-GA",1
80_test.jpg,SUKU,SUKU,"SUKU,4,GANTUNGAN-NA,PU,CECEK",1
810_test.jpg,GANTUNGAN-JA,GANTUNGAN-JA,"GANTUNGAN-JA,GANTUNGAN-TA-LATIK,DU,GANTUNGAN-DA,TA-TAWA",1
811_test.jpg,BISAH,BISAH,"BISAH,CECEK,TALENG,ADEG-ADEG,4",1
812_test.jpg,NA,GANTUNGAN-KA,"GANTUNGAN-KA,NA,DA,KA,KA-TEDONG",0
813_test.jpg,NGA,NGA,"NGA,GANTUNGAN-A,A,7,GANTUNGAN-GA",1
814_test.jpg,NANIA,NANIA,"NANIA,IA,NIA,PAMADA,TIA",1
815_test.jpg,RA,RA,"RA,RA-TEDONG,WA,GANTUNGAN-TA,MA",1
816_test.jpg,BA,BA,"BA,RA-TEDONG,TU,GANTUNGAN-BA,GANTUNGAN-NGA",1
817_test.jpg,CECEK,CECEK,"CECEK,BISAH,TALENG,TEDONG,ULU",1
818_test.jpg,CECEK,CECEK,"CECEK,BISAH,TALENG,4,SUKU",1
819_test.jpg,GA,GA,"GA,GANTUNGAN-GA,SA-SAGA,GU,JA",1
81_test.jpg,BA,BA,"BA,GANTUNGAN-BA,RA-TEDONG,NGA,GANTUNGAN-NGA",1
820_test.jpg,SI,MI,"MI,DU,WU,NU,WUA",0
821_test.jpg,SA,SA,"SA,LA,CA,GANTUNGAN-LA,GEMPELAN-SA-SAPA",1
822_test.jpg,SUKU,SUKU,"SUKU,NANIA,MU,PU,GANTUNGAN-NA",1
823_test.jpg,NA,NA,"NA,DA,BA-KEMBANG,ULU-SARI,RA",1
824_test.jpg,DA,DA,"DA,BA-KEMBANG,NA,E-KARA,DA-MADU",1
825_test.jpg,BISAH,BISAH,"BISAH,JU,TALENG,4,SUKU",1
826_test.jpg,CU,CA,"CA,CU,I-KARA,5,RU",0
827_test.jpg,TEDONG,CECEK,"CECEK,TEDONG,ULU,ADEG-ADEG,4",0
828_test.jpg,NANIA,NANIA,"NANIA,NIA,TUA,TIA,IA",1
829_test.jpg,TEDONG,TEDONG,"TEDONG,SUKU,SUKU-ILUT,SUKU-KEMBUNG,JU",1
82_test.jpg,JA,JA,"JA,JU,NGA,JA-TEDONG,BISAH",1
830_test.jpg,JA,JA,"JA,6,GANTUNGAN-A,DA,A",1
831_test.jpg,9,9,"9,8,DI,SI,ULU-CANDRA",1
832_test.jpg,NA,NA,"NA,GANTUNGAN-KA,DA,BA-KEMBANG,KA",1
833_test.jpg,MA,MA,"MA,NIA,NANIA,PI,PA",1
834_test.jpg,A,A,"A,U,GA,TA,SA-SAGA",1
835_test.jpg,LA,GANTUNGAN-LA,"GANTUNGAN-LA,LA,A,GANTUNGAN-BA,NA-RAMBAT",0
836_test.jpg,WA-TEDONG,WA-TEDONG,"WA-TEDONG,NGA,GUWUNG-MACELEK,DA-TEDONG,WA",1
837_test.jpg,TALENG,TALENG,"TALENG,U,TU,ULU,DU",1
838_test.jpg,NA,NA,"NA,GANTUNGAN-KA,DA,JA,KA",1
839_test.jpg,DA,DA,"DA,BA-KEMBANG,NA,DA-MADU,TA-TAWA",1
83_test.jpg,LA-TEDONG,LA-TEDONG,"LA-TEDONG,GANTUNGAN-KA,CA,GA-TEDONG,7",1
840_test.jpg,YA,YA,"YA,LA,A,GANTUNGAN-CA,SA",1
841_test.jpg,BA,BA,"BA,NA-RAMBAT,GANTUNGAN-BA,NYA,GANTUNGAN-NGA",1
842_test.jpg,TEDONG,TEDONG,"TEDONG,CECEK,ULU,BISAH,ADEG-ADEG",1
843_test.jpg,BISAH,BISAH,"BISAH,TALENG,4,ADEG-ADEG,CECEK",1
844_test.jpg,TALENG,TALENG,"TALENG,U,NGA,TU,GANTUNGAN-A",1
845_test.jpg,RI,RI,"RI,NGI,WI,JI,DU",1
846_test.jpg,BRA,BRA,"BRA,KRA,BU,NANIA,GRA",1
847_test.jpg,ADEG-ADEG,ADEG-ADEG,"ADEG-ADEG,SUKU,GNA,NANIA,RU",1
848_test.jpg,SUKU-KEMBUNG,GUWUNG,"GUWUNG,SUKU-KEMBUNG,GUWUNG-MACELEK,NANIA,BRA",0
849_test.jpg,BISAH,BISAH,"BISAH,CECEK,TALENG,4,JU",1
84_test.jpg,NGA,NGA,"NGA,GANTUNGAN-NGA,A,A-TEDONG,WA-TEDONG",1
850_test.jpg,ULU,ULU,"ULU,SUKU-KEMBUNG,GANTUNGAN-MA,PEPET,ULU-SARI",1
851_test.jpg,GANTUNGAN-CA,GANTUNGAN-CA,"GANTUNGAN-CA,GANTUNGAN-TA,DA-MADU,GANTUNGAN-KA,DA-TEDONG",1
852_test.jpg,ULU,CECEK,"CECEK,ULU,TALENG,TEDONG,GANTUNGAN-NA",0
853_test.jpg,NGA,GANTUNGAN-A,"GANTUNGAN-A,WA-TEDONG,A,GANTUNGAN-NGA,NGA",0
854_test.jpg,JA,JA,"JA,PEPET,SA-SAGA,GANTUNGAN-GA,GANTUNGAN-NA",1
855_test.jpg,LA,LA,"LA,GANTUNGAN-LA,7,GA,SA",1
856_test.jpg,RA,RA,"RA,RA-TEDONG,WA,MA,MA-TEDONG",1
857_test.jpg,A,A,"A,U,NA-RAMBAT,GANTUNGAN-GA,GA",1
858_test.jpg,YA,YA,"YA,A,LA,GANTUNGAN-LA,SA",1
859_test.jpg,TEDONG,TEDONG,"TEDONG,SUKU-ILUT,SUKU,GU,4",1
85_test.jpg,NA,NA,"NA,GANTUNGAN-KA,BA-KEMBANG,DA,KA",1
860_test.jpg,JA,JA,"JA,JU,RA,NU,GANTUNGAN-KA",1
861_test.jpg,TALENG,TALENG,"TALENG,U,NGU,DU,TU",1
862_test.jpg,KA,KA,"KA,GANTUNGAN-KA,NA,NA-RAMBAT,KA-TEDONG",1
863_test.jpg,NA,NA,"NA,GANTUNGAN-KA,DA,CA,BA-KEMBANG",1
864_test.jpg,DA,DA,"DA,DA-MADU,BA-KEMBANG,NA,WA-TEDONG",1
865_test.jpg,SA,SA,"SA,LA,GANTUNGAN-LA,7,A-KARA",1
866_test.jpg,ADEG-ADEG,ADEG-ADEG,"ADEG-ADEG,SUKU,NANIA,TALENG,RA",1
867_test.jpg,6,6,"6,GANTUNGAN-DA,E-KARA,I-KARA,GANTUNGAN-NA",1
868_test.jpg,TA,TA,"TA,BA,TU,KA,A",1
869_test.jpg,DA,DA,"DA,NA,BA-KEMBANG,TA-TAWA,ULU-SARI",1
86_test.jpg,SUKU,NANIA,"NANIA,SUKU,MU,PU,IA",0
870_test.jpg,WA,WA,"WA,GANTUNGAN-TA,PA,0,MA-TEDONG",1
871_test.jpg,ULU,ULU,"ULU,GANTUNGAN-GA,PEPET,GANTUNGAN-MA,TEDONG",1
872_test.jpg,BA,BA,"BA,1,NYA,BU,GANTUNGAN-BA",1
873_test.jpg,PA,PA,"PA,GANTUNGAN-TA-LATIK,WA,8,SA-SAPA",1
874_test.jpg,DA,DA,"DA,NA,BA-KEMBANG,DA-MADU,E-KARA",1
875_test.jpg,SURANG,SURANG,"SURANG,GANTUNGAN-MA,GANTUNGAN-TA-LATIK,PEPET,GUWUNG",1
876_test.jpg,LA,LA,"LA,SA,7,GANTUNGAN-LA,YA",1
877_test.jpg,RA,RA,"RA,MA,RA-TEDONG,WA,NGA",1
878_test.jpg,GANTUNGAN-NA,GANTUNGAN-NA,"GANTUNGAN-NA,2,3,JNA,4",1
879_test.jpg,YA,YA,"YA,GANTUNGAN-CA,A,YA-TEDONG,GANTUNGAN-TA-LATIK",1
87_test.jpg,NANIA,NANIA,"NANIA,TUA,IA,TRA,MA",1
880_test.jpg,ULU,ULU,"ULU,PEPET,GANTUNGAN-GA,GANTUNGAN-MA,SUKU-KEMBUNG",1
881_test.jpg,ADEG-ADEG,ADEG-ADEG,"ADEG-ADEG,SUKU,NANIA,TALENG,SURANG",1
882_test.jpg,NA,NA,"NA,GANTUNGAN-KA,CA,KA,SA",1
883_test.jpg,CECEK,CECEK,"CECEK,ULU,TALENG,TEDONG,GANTUNGAN-NA",1
884_test.jpg,YA,YA,"YA,SA,LA,9,ULU-CANDRA",1
885_test.jpg,ULU,ULU,"ULU,ULU-SARI,SUKU-KEMBUNG,0,GANTUNGAN-MA",1
886_test.jpg,GA,GA,"GA,GANTUNGAN-GA,BA,GU,NA-RAMBAT",1
887_test.jpg,GA,GA,"GA,GANTUNGAN-GA,BA,LA,GU",1
888_test.jpg,TALENG,TALENG,"TALENG,U,DU,GANTUNGAN-A,I-KARA",1
889_test.jpg,A,A,"A,U,NGA,GANTUNGAN-A,LA",1
88_test.jpg,LA,LA,"LA,GA,BA,TA,SA-SAGA",1
890_test.jpg,TA,TA,"TA,KA,BA,A,GANTUNGAN-TA",1
891_test.jpg,RA,RA,"RA,GANTUNGAN-A,MA-TEDONG,RA-TEDONG,MA",1
892_test.jpg,BISAH,BISAH,"BISAH,4,SUKU-ILUT,JU,TALENG",1
893_test.jpg,WA,WA,"WA,GANTUNGAN-TA,PA,CA,TA-TAWA",1
894_test.jpg,MA-TEDONG,MA-TEDONG,"MA-TEDONG,MA,WA-TEDONG,RA,WA",1
895_test.jpg,GANTUNGAN-TA-LATIK,GANTUNGAN-TA-LATIK,"GANTUNGAN-TA-LATIK,GANTUNGAN-JA,GANTUNGAN-TA,8,SA-SAPA",1
896_test.jpg,LA,LA,"LA,GANTUNGAN-LA,GA-TEDONG,GANTUNGAN-GA,GA",1
897_test.jpg,CECEK,CECEK,"CECEK,TALENG,ULU,BISAH,SUKU",1
898_test.jpg,LA,LA,"LA,GANTUNGAN-LA,GA-TEDONG,GUWUNG-MACELEK,GANTUNGAN-TA-LATIK",1
899_test.jpg,SA,SA,"SA,KA,GEMPELAN-SA-SAPA,YA,CECEK",1
89_test.jpg,ULU,ULU,"ULU,TALENG,CECEK,GANTUNGAN-MA,GANTUNGAN-GA",1
8_test.jpg,JA,JA,"JA,JU,4,DU,BISAH",1
900_test.jpg,LA,LA,"LA,GANTUNGAN-LA,GANTUNGAN-GA,SA-SAGA,GA-TEDONG",1
901_test.jpg,PEPET,PEPET,"PEPET,GANTUNGAN-MA,ULU,GANTUNGAN-GA,SUKU-KEMBUNG",1
902_test.jpg,RA,RA,"RA,WA,GANTUNGAN-TA,GANTUNGAN-KA,GEMPELAN-PA",1
903_test.jpg,BA-KEMBANG,BA-KEMBANG,"BA-KEMBANG,NA,DA,BI,I-KARA",1
904_test.jpg,ULU-CANDRA,SURANG,"SURANG,GEMPELAN-SA-SAPA,ULU-CANDRA,GANTUNGAN-MA,GANTUNGAN-NA",0
905_test.jpg,JU,4,"4,DU,MI,NU,KU",0
906_test.jpg,NANIA,NANIA,"NANIA,IA,NIA,PAMADA,TIA",1
907_test.jpg,A,A,"A,U,BA,TA,NA-RAMBAT",1
908_test.jpg,PA,PA,"PA,GANTUNGAN-TA-LATIK,WA,GEMPELAN-SA-SAPA,8",1
909_test.jpg,ADEG-ADEG,ADEG-ADEG,"ADEG-ADEG,RI,5,RA,TALENG",1
90_test.jpg,KA,KA,"KA,NA-RAMBAT,BA,GANTUNGAN-BA,KU",1
910_test.jpg,RA-TEDONG,RA-TEDONG,"RA-TEDONG,NA-TEDONG,WA-TEDONG,TA-TEDONG,DA-TEDONG",1
911_test.jpg,SURANG,SURANG,"SURANG,GUWUNG,GANTUNGAN-TA-LATIK,GANTUNGAN-JA,GANTUNGAN-LA",1
912_test.jpg,NA-TEDONG,NA-TEDONG,"NA-TEDONG,KA,KA-TEDONG,NA,DA-TEDONG",1
913_test.jpg,RA,TEDONG,"TEDONG,ULU,CECEK,RA,GANTUNGAN-NA",0
914_test.jpg,BISAH,BISAH,"BISAH,4,CECEK,TALENG,JU",1
915_test.jpg,NA,NA,"NA,GANTUNGAN-KA,DA,JA,BA-KEMBANG",1
916_test.jpg,A,A,"A,NA-RAMBAT,U,BA,YA",1
917_test.jpg,NGA,NGA,"NGA,A,DA-MADU,GANTUNGAN-NGA,GANTUNGAN-A",1
918_test.jpg,DA,BA-KEMBANG,"BA-KEMBANG,I,GI,BI,DA",0
919_test.jpg,RI,RI,"RI,I,LA-LENGA,NGI,WU",1
91_test.jpg,GANTUNGAN-GA,GANTUNGAN-KA,"GANTUNGAN-KA,RA,GANTUNGAN-GA,GANTUNGAN-TA,GANTUNGAN-A",0
920_test.jpg,NGA,NGA,"NGA,GANTUNGAN-NGA,A,WA-TEDONG,A-TEDONG",1
921_test.jpg,DA,DA,"DA,BA-KEMBANG,DA-MADU,TA-TAWA,WA-TEDONG",1
922_test.jpg,ULU,ULU,"ULU,PEPET,GANTUNGAN-GA,GANTUNGAN-MA,ULU-SARI",1
923_test.jpg,JA,JA,"JA,GANTUNGAN-GA,GA,RA,PEPET",1
924_test.jpg,LU,LU,"LU,SU,YU,PU,MU",1
925_test.jpg,SURANG,SURANG,"SURANG,GUWUNG,GANTUNGAN-TA-LATIK,GANTUNGAN-JA,GANTUNGAN-DA",1
926_test.jpg,ADEG-ADEG,ADEG-ADEG,"ADEG-ADEG,5,RI,RA,RU",1
927_test.jpg,BA,BA,"BA,NYA,GANTUNGAN-NYA,BU,GANTUNGAN-BA",1
928_test.jpg,TEDONG,ULU,"ULU,TEDONG,0,GANTUNGAN-GA,SUKU-ILUT",0
929_test.jpg,NA-TEDONG,NA-TEDONG,"NA-TEDONG,KA-TEDONG,KI,NI,CA",1
92_test.jpg,TEDONG,RU,"RU,TEDONG,GU,5,NU",0
930_test.jpg,SUKU-KEMBUNG,SUKU-KEMBUNG,"SUKU-KEMBUNG,BRA,GUWUNG,GRA,ULU",1
931_test.jpg,SURANG,SURANG,"SURANG,GANTUNGAN-MA,GANTUNGAN-NA,GANTUNGAN-TA-LATIK,TALENG",1
932_test.jpg,PA,PA,"PA,GEMPELAN-PA,SA,MA,NANIA",1
933_test.jpg,MA,MA,"MA,SA-SAPA,A-KARA,GEMPELAN-SA-SAPA,PA",1
934_test.jpg,SUKU,SUKU,"SUKU,GANTUNGAN-NA,PU,NANIA,TALENG",1
935_test.jpg,SURANG,SURANG,"SURANG,CECEK,GANTUNGAN-NA,GANTUNGAN-TA-LATIK,GANTUNGAN-TA",1
936_test.jpg,TA,TA,"TA,BA,A,TA-TEDONG,LA",1
937_test.jpg,BA,BA,"BA,1,NA-RAMBAT,GANTUNGAN-BA,NYA",1
938_test.jpg,SUKU,SUKU,"SUKU,ADEG-ADEG,MU,NANIA,GANTUNGAN-NA",1
939_test.jpg,TALENG,TALENG,"TALENG,GU,U,CECEK,JU",1
93_test.jpg,DI,DI,"DI,NI,DA-TEDONG,SI,NGI",1
940_test.jpg,BA,BA,"BA,NA-RAMBAT,NYA,1,GANTUNGAN-BA",1
941_test.jpg,1,1,"1,BA,A,BU,GANTUNGAN-BA",1
942_test.jpg,BISAH,BISAH,"BISAH,4,JU,MU,GANTUNGAN-NA",1
943_test.jpg,SURANG,SURANG,"SURANG,PEPET,GANTUNGAN-DA,GUWUNG,GANTUNGAN-TA-LATIK",1
944_test.jpg,MA,MA,"MA,MA-TEDONG,PA,GEMPELAN-SA-SAPA,GEMPELAN-PA",1
945_test.jpg,NANIA,NANIA,"NANIA,IA,TIA,NIA,TUA",1
946_test.jpg,DA,DA,"DA,NA,BA-KEMBANG,DA-TEDONG,ULU-RICEM",1
947_test.jpg,TEDONG,TEDONG,"TEDONG,SUKU-ILUT,SUKU,4,GU",1
948_test.jpg,NI,NI,"NI,DI,SI,KI,NING",1
949_test.jpg,GANTUNGAN-BA,GANTUNGAN-NGA,"GANTUNGAN-NGA,GANTUNGAN-BA,NGA,NYA,BA",0
94_test.jpg,TEDONG,TEDONG,"TEDONG,SUKU-ILUT,SUKU,GU,4",1
950_test.jpg,NYA,GANTUNGAN-NYA,"GANTUNGAN-NYA,NYA,NA-RAMBAT-TEDONG,KA-TEDONG,NA-RAMBAT",0
951_test.jpg,YA,YA,"YA,GANTUNGAN-CA,9,YA-TEDONG,GANTUNGAN-A",1
952_test.jpg,SA,SA,"SA,CA,A-KARA,GEMPELAN-SA-SAPA,NA",1
953_test.jpg,NGA,NGA,"NGA,GANTUNGAN-NGA,A,NA-RAMBAT,GANTUNGAN-BA",1
954_test.jpg,RU,RU,"RU,WU,U,NANIA,NGU",1
955_test.jpg,BA,BA,"BA,NA-RAMBAT,GANTUNGAN-BA,NYA,GANTUNGAN-NGA",1
956_test.jpg,CECEK,CECEK,"CECEK,BISAH,GANTUNGAN-NA,TALENG,ULU",1
957_test.jpg,JA,JA,"JA,JU,E-KARA,PU,DU",1
958_test.jpg,BA,KA,"KA,BA,SA,DA,A",0
959_test.jpg,PA,PA,"PA,WA,GANTUNGAN-TA-LATIK,GANTUNGAN-A,SUKU-KEMBUNG",1
95_test.jpg,BA,BA,"BA,GANTUNGAN-BA,NA-RAMBAT,NYA,BU",1
960_test.jpg,KA,KA,"KA,KU,KA-TEDONG,NA,SA-SAGA",1
961_test.jpg,CECEK,CECEK,"CECEK,BISAH,ULU,TALENG,GANTUNGAN-NA",1
962_test.jpg,MA,MA,"MA,MA-TEDONG,SA-SAPA,PI,A-KARA",1
963_test.jpg,SUKU,SUKU,"SUKU,PU,GANTUNGAN-NA,MU,SUKU-KEMBUNG",1
964_test.jpg,TEDONG,TEDONG,"TEDONG,GU,ADEG-ADEG,SUKU,ULU",1
965_test.jpg,JA,JA,"JA,4,6,JU,E-KARA",1
966_test.jpg,BRA,BRA,"BRA,NANIA,BU,GUWUNG,KRA",1
967_test.jpg,BA,BA,"BA,GANTUNGAN-BA,NYA,GANTUNGAN-NGA,1",1
968_test.jpg,SUKU-ILUT,MU,"MU,PU,SUKU-ILUT,LU,YU",0
969_test.jpg,RA,RA,"RA,RA-TEDONG,WA,GANTUNGAN-TA,TALENG",1
96_test.jpg,TEDONG,TEDONG,"TEDONG,SUKU-ILUT,4,ULU,ULU-SARI",1
970_test.jpg,SUKU,SUKU,"SUKU,SUKU-KEMBUNG,NANIA,8,GANTUNGAN-NA",1
971_test.jpg,CECEK,CECEK,"CECEK,TEDONG,ULU,TALENG,BISAH",1
972_test.jpg,GANTUNGAN-BA,GANTUNGAN-BA,"GANTUNGAN-BA,GANTUNGAN-NGA,NGA,NA-RAMBAT,GANTUNGAN-A",1
973_test.jpg,JA,JA,"JA,6,4,1,RA",1
974_test.jpg,ADEG-ADEG,ADEG-ADEG,"ADEG-ADEG,SUKU,NANIA,GNA,RI",1
975_test.jpg,BISAH,BISAH,"BISAH,TALENG,4,JU,RA",1
976_test.jpg,GA,GA,"GA,GANTUNGAN-GA,GU,LA,NA-RAMBAT",1
977_test.jpg,DA,DA,"DA,BA-KEMBANG,NA,DA-MADU,DA-TEDONG",1
978_test.jpg,YA,YA,"YA,YU,GANTUNGAN-CA,GANTUNGAN-A,9",1
979_test.jpg,BISAH,BISAH,"BISAH,TALENG,4,ADEG-ADEG,CECEK",1
97_test.jpg,A,A,"A,U,GANTUNGAN-A,NA-RAMBAT,GANTUNGAN-LA",1
980_test.jpg,ADEG-ADEG,ADEG-ADEG,"ADEG-ADEG,SUKU,RI,GNA,NANIA",1
981_test.jpg,YA,YA,"YA,SA,9,ULU-CANDRA,GANTUNGAN-CA",1
982_test.jpg,WA,7,"7,8,WA,PA,GANTUNGAN-TA-TAWA",0
983_test.jpg,SURANG,SURANG,"SURANG,GANTUNGAN-MA,GANTUNGAN-TA-LATIK,TALENG,GUWUNG",1
984_test.jpg,JA,JA,"JA,SA-SAGA,JU,JA-TEDONG,RA",1
985_test.jpg,TEDONG,TEDONG,"TEDONG,GU,GA,GANTUNGAN-GA,ULU",1
986_test.jpg,WA,WA,"WA,GANTUNGAN-TA,WA-TEDONG,LA-TEDONG,CA",1
987_test.jpg,CECEK,CECEK,"CECEK,ULU,TALENG,GANTUNGAN-NA,SURANG",1
988_test.jpg,GANTUNGAN-DA,GANTUNGAN-DA,"GANTUNGAN-DA,6,E-KARA,GANTUNGAN-A,GANTUNGAN-JA",1
989_test.jpg,GI,GI,"GI,1,LI,TI,PEPET",1
98_test.jpg,ADEG-ADEG,ADEG-ADEG,"ADEG-ADEG,5,TALENG,RU,WU",1
990_test.jpg,CECEK,CECEK,"CECEK,BISAH,GANTUNGAN-NA,TALENG,ULU",1
991_test.jpg,SUKU-ILUT,SUKU-ILUT,"SUKU-ILUT,4,TEDONG,BISAH,0",1
992_test.jpg,GANTUNGAN-DA,GANTUNGAN-DA,"GANTUNGAN-DA,TALENG,6,TU,CECEK",1
993_test.jpg,MA,MA,"MA,A-KARA,SA-SAPA,GEMPELAN-SA-SAPA,MA-TEDONG",1
994_test.jpg,ULU-CANDRA,ULU-CANDRA,"ULU-CANDRA,ULU-RICEM,9,8,GUWUNG-MACELEK",1
995_test.jpg,GA,GA,"GA,LA,SA-SAGA,GANTUNGAN-GA,GU",1
996_test.jpg,YA,YA,"YA,SA,9,GANTUNGAN-CA,CA",1
997_test.jpg,JA,JA,"JA,BISAH,4,RA,NU",1
998_test.jpg,TA,TA,"TA,A,WA,GANTUNGAN-TA,U",1
999_test.jpg,YA,YA,"YA,LA,ULU-CANDRA,A,GANTUNGAN-TA-LATIK",1
99_test.jpg,NANIA,NANIA,"NANIA,IA,NIA,PAMADA,TUA",1
9_test.jpg,TA,TA,"TA,BA,TU,KA,A",1
